-- phpMyAdmin SQL Dump
-- version 3.3.7deb5
-- http://www.phpmyadmin.net
--
-- Host: localhost
-- Generation Time: Nov 14, 2011 at 10:50 AM
-- Server version: 5.1.49
-- PHP Version: 5.3.3-7+squeeze1

SET SQL_MODE="NO_AUTO_VALUE_ON_ZERO";


/*!40101 SET @OLD_CHARACTER_SET_CLIENT=@@CHARACTER_SET_CLIENT */;
/*!40101 SET @OLD_CHARACTER_SET_RESULTS=@@CHARACTER_SET_RESULTS */;
/*!40101 SET @OLD_COLLATION_CONNECTION=@@COLLATION_CONNECTION */;
/*!40101 SET NAMES utf8 */;

--
-- Database: `lfweb`
--

-- --------------------------------------------------------

--
-- Table structure for table `access`
--

CREATE TABLE IF NOT EXISTS `access` (
  `aid` int(11) NOT NULL AUTO_INCREMENT,
  `mask` varchar(255) NOT NULL DEFAULT '',
  `type` varchar(255) NOT NULL DEFAULT '',
  `status` tinyint(4) NOT NULL DEFAULT '0',
  PRIMARY KEY (`aid`)
) ENGINE=MyISAM DEFAULT CHARSET=utf8 AUTO_INCREMENT=1 ;

--
-- Dumping data for table `access`
--


-- --------------------------------------------------------

--
-- Table structure for table `actions`
--

CREATE TABLE IF NOT EXISTS `actions` (
  `aid` varchar(255) NOT NULL DEFAULT '0',
  `type` varchar(32) NOT NULL DEFAULT '',
  `callback` varchar(255) NOT NULL DEFAULT '',
  `parameters` longtext NOT NULL,
  `description` varchar(255) NOT NULL DEFAULT '0',
  PRIMARY KEY (`aid`)
) ENGINE=MyISAM DEFAULT CHARSET=utf8;

--
-- Dumping data for table `actions`
--

INSERT INTO `actions` (`aid`, `type`, `callback`, `parameters`, `description`) VALUES
('comment_publish_action', 'comment', 'comment_publish_action', '', 'Publish comment'),
('comment_unpublish_action', 'comment', 'comment_unpublish_action', '', 'Unpublish comment'),
('node_publish_action', 'node', 'node_publish_action', '', 'Publish post'),
('node_unpublish_action', 'node', 'node_unpublish_action', '', 'Unpublish post'),
('node_make_sticky_action', 'node', 'node_make_sticky_action', '', 'Make post sticky'),
('node_make_unsticky_action', 'node', 'node_make_unsticky_action', '', 'Make post unsticky'),
('node_promote_action', 'node', 'node_promote_action', '', 'Promote post to front page'),
('node_unpromote_action', 'node', 'node_unpromote_action', '', 'Remove post from front page'),
('node_save_action', 'node', 'node_save_action', '', 'Save post'),
('user_block_user_action', 'user', 'user_block_user_action', '', 'Block current user'),
('user_block_ip_action', 'user', 'user_block_ip_action', '', 'Ban IP address of current user'),
('og_remove_groups_action', 'node', 'og_remove_groups_action', '', 'Remove post from all groups'),
('og_make_public_action', 'node', 'og_make_public_action', '', 'Make post publicly visible'),
('og_make_private_action', 'node', 'og_make_private_action', '', 'Make post private to its groups'),
('6', 'activity', 'activity_record', 'a:4:{s:15:"node-pattern-en";s:49:"You have created the project [activity-node-link]";s:19:"everyone-pattern-en";s:61:"[activity-user-link] created the project [activity-node-link]";s:14:"activity_types";a:1:{s:7:"project";s:7:"project";}s:3:"aid";s:1:"6";}', 'Record an activity message when: node insert types Project'),
('5', 'activity', 'activity_record', 'a:4:{s:15:"node-pattern-en";s:51:"You have created the community [activity-node-link]";s:19:"everyone-pattern-en";s:63:"[activity-user-link] created the community [activity-node-link]";s:14:"activity_types";a:1:{s:9:"community";s:9:"community";}s:3:"aid";s:1:"5";}', 'Record an activity message when: node insert types Community'),
('4', 'activity', 'activity_record', 'a:5:{s:15:"node-pattern-en";s:60:"[activity-user-link] has been joined in [activity-node-link]";s:15:"user-pattern-en";s:44:"You have been member in [activity-node-link]";s:19:"everyone-pattern-en";s:60:"[activity-user-link] has been joined in [activity-node-link]";s:14:"activity_types";a:0:{}s:3:"aid";s:1:"4";}', 'Record an activity message when: og user insert types All');

-- --------------------------------------------------------

--
-- Table structure for table `actions_aid`
--

CREATE TABLE IF NOT EXISTS `actions_aid` (
  `aid` int(10) unsigned NOT NULL AUTO_INCREMENT,
  PRIMARY KEY (`aid`)
) ENGINE=MyISAM  DEFAULT CHARSET=utf8 AUTO_INCREMENT=7 ;

--
-- Dumping data for table `actions_aid`
--

INSERT INTO `actions_aid` (`aid`) VALUES
(1),
(2),
(3),
(4),
(5),
(6);

-- --------------------------------------------------------

--
-- Table structure for table `activity`
--

CREATE TABLE IF NOT EXISTS `activity` (
  `aid` int(10) unsigned NOT NULL AUTO_INCREMENT,
  `uid` int(10) unsigned NOT NULL,
  `op` varchar(50) NOT NULL,
  `type` varchar(50) NOT NULL,
  `nid` int(10) unsigned DEFAULT NULL,
  `eid` int(10) unsigned DEFAULT NULL,
  `created` int(10) unsigned NOT NULL,
  `actions_id` varchar(255) NOT NULL DEFAULT '0',
  `status` tinyint(4) DEFAULT '1',
  PRIMARY KEY (`aid`),
  KEY `nid` (`nid`),
  KEY `eid` (`eid`),
  KEY `created` (`created`),
  KEY `actions_id` (`actions_id`)
) ENGINE=MyISAM  DEFAULT CHARSET=utf8 AUTO_INCREMENT=162 ;

--
-- Dumping data for table `activity`
--

INSERT INTO `activity` (`aid`, `uid`, `op`, `type`, `nid`, `eid`, `created`, `actions_id`, `status`) VALUES
(159, 3, 'user insert', 'Organic groups', 86, NULL, 1317990657, '4', 1),
(153, 8, 'insert', 'node', 87, NULL, 1317899967, '6', 1),
(154, 4, 'user insert', 'Organic groups', 86, NULL, 1317900171, '4', 1),
(150, 3, 'user insert', 'Organic groups', 86, NULL, 1317899926, '4', 1),
(151, 3, 'insert', 'node', 86, NULL, 1317899926, '5', 1),
(152, 8, 'user insert', 'Organic groups', 86, NULL, 1317899947, '4', 1),
(160, 61, 'insert', 'node', 91, NULL, 1320821262, '6', 1),
(161, 61, 'user insert', 'Organic groups', 90, NULL, 1320821262, '4', 1);

-- --------------------------------------------------------

--
-- Table structure for table `activity_access`
--

CREATE TABLE IF NOT EXISTS `activity_access` (
  `aid` int(10) unsigned NOT NULL,
  `realm` varchar(255) NOT NULL,
  `value` int(10) unsigned NOT NULL DEFAULT '0',
  PRIMARY KEY (`aid`,`realm`,`value`)
) ENGINE=MyISAM DEFAULT CHARSET=utf8;

--
-- Dumping data for table `activity_access`
--

INSERT INTO `activity_access` (`aid`, `realm`, `value`) VALUES
(150, 'activity_actor', 3),
(150, 'comment', 86),
(150, 'node_author', 86),
(151, 'activity_actor', 3),
(151, 'comment', 86),
(151, 'node_author', 86),
(152, 'activity_actor', 8),
(152, 'comment', 86),
(152, 'node_author', 86),
(153, 'activity_actor', 8),
(153, 'comment', 87),
(153, 'node_author', 87),
(153, 'og_member', 86),
(154, 'activity_actor', 4),
(154, 'comment', 86),
(154, 'node_author', 86),
(159, 'activity_actor', 3),
(159, 'comment', 86),
(159, 'node_author', 86),
(160, 'activity_actor', 61),
(160, 'comment', 91),
(160, 'node_author', 91),
(160, 'og_member', 90),
(161, 'activity_actor', 61),
(161, 'comment', 90),
(161, 'node_author', 90);

-- --------------------------------------------------------

--
-- Table structure for table `activity_messages`
--

CREATE TABLE IF NOT EXISTS `activity_messages` (
  `amid` int(10) unsigned NOT NULL AUTO_INCREMENT,
  `message` longtext NOT NULL,
  PRIMARY KEY (`amid`)
) ENGINE=MyISAM  DEFAULT CHARSET=utf8 AUTO_INCREMENT=393 ;

--
-- Dumping data for table `activity_messages`
--

INSERT INTO `activity_messages` (`amid`, `message`) VALUES
(368, 'You have been member in <a href="/web/node/86">Telugu</a>'),
(369, '<a href="/web/users/arivusudarnc" title="View user profile.">arivusudar.nc</a> has been joined in <a href="/web/node/86">Telugu</a>'),
(370, 'You have created the community <a href="/web/community/telugu">Telugu</a>'),
(371, '<a href="/web/users/arivusudarnc" title="View user profile.">arivusudar.nc</a> created the community <a href="/web/community/telugu">Telugu</a>'),
(372, 'You have been member in <a href="/web/community/telugu">Telugu</a>'),
(373, '<a href="/web/users/sampleuser" title="View user profile.">sampleuser</a> has been joined in <a href="/web/community/telugu">Telugu</a>'),
(374, 'You have created the project <a href="/web/project/telugu-food">telugu food</a>'),
(375, '<a href="/web/users/sampleuser" title="View user profile.">sampleuser</a> created the project <a href="/web/project/telugu-food">telugu food</a>'),
(376, 'You have been member in <a href="/web/community/telugu">Telugu</a>'),
(377, '<a href="/web/users/newuser" title="View user profile.">newuser</a> has been joined in <a href="/web/community/telugu">Telugu</a>'),
(386, '<a href="/web/users/cambell" title="View user profile.">cambell</a> has been joined in <a href="/web/community/telugu">Telugu</a>'),
(387, 'You have been member in <a href="/web/community/telugu">Telugu</a>'),
(388, '<a href="/web/users/cambell" title="View user profile.">cambell</a> has been joined in <a href="/web/community/telugu">Telugu</a>'),
(389, 'You have created the project <a href="/web/project/thai-food">thai food</a>'),
(390, '<a href="/web/users/newsampuser" title="View user profile.">newsampuser</a> created the project <a href="/web/project/thai-food">thai food</a>'),
(391, 'You have been member in <a href="/web/node/90">Thai</a>'),
(392, '<a href="/web/users/newsampuser" title="View user profile.">newsampuser</a> has been joined in <a href="/web/node/90">Thai</a>');

-- --------------------------------------------------------

--
-- Table structure for table `activity_targets`
--

CREATE TABLE IF NOT EXISTS `activity_targets` (
  `aid` int(10) unsigned NOT NULL,
  `uid` int(10) unsigned NOT NULL DEFAULT '0',
  `amid` int(10) unsigned NOT NULL DEFAULT '0',
  `language` varchar(12) NOT NULL,
  PRIMARY KEY (`aid`,`uid`,`language`),
  UNIQUE KEY `amid` (`amid`)
) ENGINE=MyISAM DEFAULT CHARSET=utf8;

--
-- Dumping data for table `activity_targets`
--

INSERT INTO `activity_targets` (`aid`, `uid`, `amid`, `language`) VALUES
(159, 3, 386, 'en'),
(159, 9, 387, 'en'),
(159, 0, 388, 'en'),
(153, 8, 374, 'en'),
(150, 3, 368, 'en'),
(150, 0, 369, 'en'),
(151, 3, 370, 'en'),
(151, 0, 371, 'en'),
(152, 8, 372, 'en'),
(152, 0, 373, 'en'),
(154, 0, 377, 'en'),
(154, 4, 376, 'en'),
(153, 0, 375, 'en'),
(160, 61, 389, 'en'),
(160, 0, 390, 'en'),
(161, 61, 391, 'en'),
(161, 0, 392, 'en');

-- --------------------------------------------------------

--
-- Table structure for table `authmap`
--

CREATE TABLE IF NOT EXISTS `authmap` (
  `aid` int(10) unsigned NOT NULL AUTO_INCREMENT,
  `uid` int(11) NOT NULL DEFAULT '0',
  `authname` varchar(128) NOT NULL DEFAULT '',
  `module` varchar(128) NOT NULL DEFAULT '',
  PRIMARY KEY (`aid`),
  UNIQUE KEY `authname` (`authname`)
) ENGINE=MyISAM  DEFAULT CHARSET=utf8 AUTO_INCREMENT=2 ;

--
-- Dumping data for table `authmap`
--

INSERT INTO `authmap` (`aid`, `uid`, `authname`, `module`) VALUES
(1, 3, 'https://www.google.com/profiles/114386754323649966156', 'rpx');

-- --------------------------------------------------------

--
-- Table structure for table `autoassignrole`
--

CREATE TABLE IF NOT EXISTS `autoassignrole` (
  `arid` varchar(38) NOT NULL DEFAULT '',
  `value` text,
  PRIMARY KEY (`arid`)
) ENGINE=MyISAM DEFAULT CHARSET=utf8;

--
-- Dumping data for table `autoassignrole`
--

INSERT INTO `autoassignrole` (`arid`, `value`) VALUES
('auto_roles', 'a:4:{i:3;i:3;i:6;i:0;i:5;i:0;i:4;i:0;}'),
('auto_active', '1'),
('user_active', '0'),
('user_roles', 'a:4:{i:6;i:0;i:5;i:0;i:4;i:0;i:3;i:0;}'),
('user_required', '0'),
('user_multiple', '0'),
('user_description', ''),
('user_title', 'Role'),
('user_fieldset_title', 'User Roles'),
('user_sort', 'SORT_ASC'),
('user_selection', '2'),
('page_active', '0'),
('auto_admin_active', '1'),
('node_user_register', '');

-- --------------------------------------------------------

--
-- Table structure for table `autoassignrole_page`
--

CREATE TABLE IF NOT EXISTS `autoassignrole_page` (
  `rid` int(11) NOT NULL,
  `display` text NOT NULL,
  `path` varchar(255) NOT NULL,
  `menu` varchar(255) NOT NULL,
  `title` text NOT NULL,
  `description` longtext,
  `format` tinyint(4) DEFAULT NULL,
  `weight` tinyint(4) DEFAULT '0',
  `registration` tinyint(4) DEFAULT '0',
  PRIMARY KEY (`rid`)
) ENGINE=MyISAM DEFAULT CHARSET=utf8;

--
-- Dumping data for table `autoassignrole_page`
--


-- --------------------------------------------------------

--
-- Table structure for table `backup_migrate_destinations`
--

CREATE TABLE IF NOT EXISTS `backup_migrate_destinations` (
  `destination_id` varchar(32) NOT NULL DEFAULT '0',
  `name` varchar(255) NOT NULL,
  `type` varchar(32) NOT NULL,
  `location` text NOT NULL,
  `settings` text NOT NULL,
  PRIMARY KEY (`destination_id`)
) ENGINE=MyISAM DEFAULT CHARSET=utf8;

--
-- Dumping data for table `backup_migrate_destinations`
--

INSERT INTO `backup_migrate_destinations` (`destination_id`, `name`, `type`, `location`, `settings`) VALUES
('scheduled', 'Scheduled Backups Directory', 'file_scheduled', 'dbbck', 'a:2:{s:5:"chmod";s:0:"";s:5:"chgrp";s:0:"";}');

-- --------------------------------------------------------

--
-- Table structure for table `backup_migrate_profiles`
--

CREATE TABLE IF NOT EXISTS `backup_migrate_profiles` (
  `profile_id` varchar(32) NOT NULL DEFAULT '0',
  `name` varchar(255) NOT NULL,
  `filename` varchar(50) NOT NULL,
  `append_timestamp` tinyint(3) unsigned NOT NULL DEFAULT '0',
  `timestamp_format` varchar(14) NOT NULL,
  `filters` text NOT NULL,
  PRIMARY KEY (`profile_id`)
) ENGINE=MyISAM DEFAULT CHARSET=utf8;

--
-- Dumping data for table `backup_migrate_profiles`
--

INSERT INTO `backup_migrate_profiles` (`profile_id`, `name`, `filename`, `append_timestamp`, `timestamp_format`, `filters`) VALUES
('cbad8ee444ef6476d28f9ee35c1574c0', 'New DB BCK', 'lfweb', 0, 'Y-m-d\\TH-i-s', 'a:10:{s:11:"compression";s:4:"none";s:21:"notify_success_enable";i:0;s:20:"notify_success_email";s:33:"arivusudar.chidambaram@ecgroup.in";s:21:"notify_failure_enable";i:0;s:20:"notify_failure_email";s:33:"arivusudar.chidambaram@ecgroup.in";s:18:"utils_site_offline";i:0;s:26:"utils_site_offline_message";s:114:"<p>\r\n	Language Forge is currently under maintenance. We should be back shortly. Thank you for your patience.</p>\r\n";s:14:"exclude_tables";a:0:{}s:13:"nodata_tables";a:13:{s:5:"cache";s:5:"cache";s:11:"cache_block";s:11:"cache_block";s:12:"cache_filter";s:12:"cache_filter";s:10:"cache_form";s:10:"cache_form";s:10:"cache_menu";s:10:"cache_menu";s:10:"cache_page";s:10:"cache_page";s:12:"cache_update";s:12:"cache_update";s:11:"cache_views";s:11:"cache_views";s:14:"search_dataset";s:14:"search_dataset";s:12:"search_index";s:12:"search_index";s:12:"search_total";s:12:"search_total";s:8:"sessions";s:8:"sessions";s:8:"watchdog";s:8:"watchdog";}s:17:"utils_lock_tables";i:0;}');

-- --------------------------------------------------------

--
-- Table structure for table `backup_migrate_schedules`
--

CREATE TABLE IF NOT EXISTS `backup_migrate_schedules` (
  `schedule_id` varchar(32) NOT NULL DEFAULT '0',
  `name` varchar(255) NOT NULL,
  `source_id` varchar(32) NOT NULL DEFAULT 'db',
  `destination_id` varchar(32) NOT NULL DEFAULT '0',
  `profile_id` varchar(32) NOT NULL DEFAULT '0',
  `keep` int(11) NOT NULL DEFAULT '0',
  `period` int(11) NOT NULL DEFAULT '0',
  `last_run` int(11) NOT NULL DEFAULT '0',
  `enabled` tinyint(3) unsigned NOT NULL DEFAULT '0',
  `cron` tinyint(3) unsigned NOT NULL DEFAULT '0',
  PRIMARY KEY (`schedule_id`)
) ENGINE=MyISAM DEFAULT CHARSET=utf8;

--
-- Dumping data for table `backup_migrate_schedules`
--

INSERT INTO `backup_migrate_schedules` (`schedule_id`, `name`, `source_id`, `destination_id`, `profile_id`, `keep`, `period`, `last_run`, `enabled`, `cron`) VALUES
('55c6bd8754828350e27b6f5c03d18787', 'Db Backup', 'db', 'scheduled', 'cbad8ee444ef6476d28f9ee35c1574c0', 1, 18000, 1321242348, 1, 0);

-- --------------------------------------------------------

--
-- Table structure for table `batch`
--

CREATE TABLE IF NOT EXISTS `batch` (
  `bid` int(10) unsigned NOT NULL AUTO_INCREMENT,
  `token` varchar(64) NOT NULL,
  `timestamp` int(11) NOT NULL,
  `batch` longtext,
  PRIMARY KEY (`bid`),
  KEY `token` (`token`)
) ENGINE=MyISAM  DEFAULT CHARSET=utf8 AUTO_INCREMENT=92 ;

--
-- Dumping data for table `batch`
--


-- --------------------------------------------------------

--
-- Table structure for table `blocks`
--

CREATE TABLE IF NOT EXISTS `blocks` (
  `bid` int(11) NOT NULL AUTO_INCREMENT,
  `module` varchar(64) NOT NULL DEFAULT '',
  `delta` varchar(32) NOT NULL DEFAULT '0',
  `theme` varchar(64) NOT NULL DEFAULT '',
  `status` tinyint(4) NOT NULL DEFAULT '0',
  `weight` tinyint(4) NOT NULL DEFAULT '0',
  `region` varchar(64) NOT NULL DEFAULT '',
  `custom` tinyint(4) NOT NULL DEFAULT '0',
  `throttle` tinyint(4) NOT NULL DEFAULT '0',
  `visibility` tinyint(4) NOT NULL DEFAULT '0',
  `pages` text NOT NULL,
  `title` varchar(64) NOT NULL DEFAULT '',
  `cache` tinyint(4) NOT NULL DEFAULT '1',
  PRIMARY KEY (`bid`),
  UNIQUE KEY `tmd` (`theme`,`module`,`delta`),
  KEY `list` (`theme`,`status`,`region`,`weight`,`module`)
) ENGINE=MyISAM  DEFAULT CHARSET=utf8 AUTO_INCREMENT=747 ;

--
-- Dumping data for table `blocks`
--

INSERT INTO `blocks` (`bid`, `module`, `delta`, `theme`, `status`, `weight`, `region`, `custom`, `throttle`, `visibility`, `pages`, `title`, `cache`) VALUES
(1, 'user', '0', 'garland', 1, -12, 'left', 0, 0, 0, '', '', -1),
(2, 'user', '1', 'garland', 1, -13, 'left', 0, 0, 0, '', '', -1),
(3, 'system', '0', 'garland', 1, 10, 'footer', 0, 0, 0, '', '', -1),
(4, 'comment', '0', 'garland', 0, 1, '', 0, 0, 0, '', '', 1),
(5, 'menu', 'primary-links', 'garland', 0, -5, '', 0, 0, 0, '', '', -1),
(6, 'menu', 'secondary-links', 'garland', 0, 3, '', 0, 0, 0, '', '', -1),
(7, 'node', '0', 'garland', 0, 4, '', 0, 0, 0, '', '', -1),
(8, 'user', '2', 'garland', 0, 5, '', 0, 0, 0, '', '', 1),
(9, 'user', '3', 'garland', 0, 6, '', 0, 0, 0, '', '', -1),
(10, 'rpx', '0', 'garland', 0, -3, '', 0, 0, 0, '', '', 1),
(44, 'og', '0', 'zen', 1, -11, 'sidebar_first', 0, 0, 0, '', '', -1),
(13, 'og_views', '0', 'garland', 0, -12, '', 0, 0, 0, '', '', -1),
(14, 'og_views', '1', 'garland', 0, -8, '', 0, 0, 0, '', '', -1),
(15, 'og', '0', 'garland', 1, -11, 'left', 0, 0, 0, '', '', -1),
(16, 'og', '3', 'garland', 0, -7, '', 0, 0, 0, '', '', 2),
(17, 'privatemsg', 'privatemsg-menu', 'garland', 0, -4, '', 0, 0, 0, '', '', -1),
(18, 'privatemsg', 'privatemsg-new', 'garland', 0, -6, '', 0, 0, 0, '', '', -1),
(421, 'rpx', '0', 'basic', 0, -3, '', 0, 0, 0, '', '', 1),
(440, 'menu', 'secondary-links', 'tidy', 0, 3, 'content_top', 0, 0, 0, '', '', -1),
(420, 'privatemsg', 'privatemsg-new', 'basic', 0, -6, '', 0, 0, 0, '', '', -1),
(43, 'node', '0', 'zen', 0, 4, 'sidebar_first', 0, 0, 0, '', '', -1),
(42, 'menu', 'secondary-links', 'zen', 0, 3, 'sidebar_first', 0, 0, 0, '', '', -1),
(41, 'menu', 'primary-links', 'zen', 0, -5, 'sidebar_first', 0, 0, 0, '', '', -1),
(40, 'comment', '0', 'zen', 0, 1, 'sidebar_first', 0, 0, 0, '', '', 1),
(45, 'og', '3', 'zen', 0, -7, 'sidebar_first', 0, 0, 0, '', '', 2),
(46, 'og_views', '0', 'zen', 0, -12, 'sidebar_first', 0, 0, 0, '', '', -1),
(47, 'og_views', '1', 'zen', 0, -8, 'sidebar_first', 0, 0, 0, '', '', -1),
(48, 'privatemsg', 'privatemsg-menu', 'zen', 0, -4, 'sidebar_first', 0, 0, 0, '', '', -1),
(49, 'privatemsg', 'privatemsg-new', 'zen', 0, -6, 'sidebar_first', 0, 0, 0, '', '', -1),
(50, 'rpx', '0', 'zen', 0, -3, 'sidebar_first', 0, 0, 0, '', '', 1),
(51, 'system', '0', 'zen', 1, 10, 'footer', 0, 0, 0, '', '', -1),
(52, 'user', '0', 'zen', 1, -12, 'sidebar_first', 0, 0, 0, '', '', -1),
(53, 'user', '1', 'zen', 1, -13, 'sidebar_first', 0, 0, 0, '', '', -1),
(54, 'user', '2', 'zen', 0, 5, 'sidebar_first', 0, 0, 0, '', '', 1),
(55, 'user', '3', 'zen', 0, 6, 'sidebar_first', 0, 0, 0, '', '', -1),
(419, 'privatemsg', 'privatemsg-menu', 'basic', 0, -4, '', 0, 0, 0, '', '', -1),
(417, 'og_views', '0', 'basic', 0, -12, '', 0, 0, 0, '', '', -1),
(416, 'og', '3', 'basic', 0, -7, '', 0, 0, 0, '', '', 2),
(410, 'comment', '0', 'basic', 0, 1, '', 0, 0, 0, '', '', 1),
(411, 'locale', '0', 'basic', 0, 0, '', 0, 0, 0, '', '', -1),
(412, 'menu', 'primary-links', 'basic', 0, -5, '', 0, 0, 0, '', '', -1),
(109, 'views', 'og_members_block-block_1', 'zen', 0, 0, '', 0, 0, 0, '', '', -1),
(110, 'views', 'og_my-block_1', 'zen', 0, 0, '', 0, 0, 0, '', '', -1),
(111, 'views', 'og_members_block-block', 'garland', 0, 0, '', 0, 0, 0, '', '', -1),
(112, 'views', 'og_members_block-block_1', 'garland', 0, 0, '', 0, 0, 0, '', '', -1),
(113, 'views', 'og_my-block_1', 'garland', 0, 0, '', 0, 0, 0, '', '', -1),
(418, 'og_views', '1', 'basic', 0, -8, '', 0, 0, 0, '', '', -1),
(71, 'comment', '0', 'foo', 0, 1, 'sidebar_first', 0, 0, 0, '', '', 1),
(422, 'system', '0', 'basic', 1, 10, 'footer_block', 0, 0, 0, '', '', -1),
(413, 'menu', 'secondary-links', 'basic', 0, 3, '', 0, 0, 0, '', '', -1),
(414, 'node', '0', 'basic', 0, 4, '', 0, 0, 0, '', '', -1),
(415, 'og', '0', 'basic', 1, -11, 'left', 0, 0, 0, '', '', -1),
(108, 'views', 'og_members_block-block', 'zen', 0, 0, '', 0, 0, 0, '', '', -1),
(78, 'menu', 'primary-links', 'foo', 0, -5, 'sidebar_first', 0, 0, 0, '', '', -1),
(79, 'menu', 'secondary-links', 'foo', 0, 3, 'sidebar_first', 0, 0, 0, '', '', -1),
(80, 'node', '0', 'foo', 0, 4, 'sidebar_first', 0, 0, 0, '', '', -1),
(81, 'og', '0', 'foo', 1, -11, 'sidebar_first', 0, 0, 0, '', '', -1),
(82, 'og', '3', 'foo', 0, -7, 'sidebar_first', 0, 0, 0, '', '', 2),
(83, 'og_views', '0', 'foo', 0, -12, 'sidebar_first', 0, 0, 0, '', '', -1),
(84, 'og_views', '1', 'foo', 0, -8, 'sidebar_first', 0, 0, 0, '', '', -1),
(85, 'privatemsg', 'privatemsg-menu', 'foo', 0, -4, 'sidebar_first', 0, 0, 0, '', '', -1),
(86, 'privatemsg', 'privatemsg-new', 'foo', 0, -6, 'sidebar_first', 0, 0, 0, '', '', -1),
(87, 'rpx', '0', 'foo', 0, -3, 'sidebar_first', 0, 0, 0, '', '', 1),
(88, 'system', '0', 'foo', 1, 10, 'footer', 0, 0, 0, '', '', -1),
(89, 'user', '0', 'foo', 1, -12, 'sidebar_first', 0, 0, 0, '', '', -1),
(90, 'user', '1', 'foo', 1, -13, 'sidebar_first', 0, 0, 0, '', '', -1),
(91, 'user', '2', 'foo', 0, 5, 'sidebar_first', 0, 0, 0, '', '', 1),
(92, 'user', '3', 'foo', 0, 6, 'sidebar_first', 0, 0, 0, '', '', -1),
(93, 'views', 'og_members_block-block', 'foo', 0, -11, 'sidebar_first', 0, 0, 0, '', '', -1),
(94, 'views', 'og_members_block-block_1', 'foo', 0, -9, 'sidebar_first', 0, 0, 0, '', '', -1),
(95, 'views', 'og_my-block_1', 'foo', 0, -10, 'sidebar_first', 0, 0, 0, '', '', -1),
(423, 'user', '0', 'basic', 1, -12, 'left', 0, 0, 0, '', '', -1),
(424, 'user', '1', 'basic', 1, -13, 'left', 0, 0, 0, '', '', -1),
(425, 'user', '2', 'basic', 0, 5, '', 0, 0, 0, '', '', 1),
(426, 'user', '3', 'basic', 0, 6, '', 0, 0, 0, '', '', -1),
(427, 'views', 'og_members_block-block', 'basic', 0, 0, '', 0, 0, 0, '', '', -1),
(428, 'views', 'og_members_block-block_1', 'basic', 0, 0, '', 0, 0, 0, '', '', -1),
(429, 'views', 'og_my-block_1', 'basic', 0, 0, '', 0, 0, 0, '', '', -1),
(439, 'menu', 'primary-links', 'tidy', 0, -5, 'content_top', 0, 0, 0, '', '', -1),
(436, 'locale', '0', 'zen', 0, 0, '', 0, 0, 0, '', '', -1),
(437, 'comment', '0', 'tidy', 0, 1, 'content_top', 0, 0, 0, '', '', 1),
(438, 'locale', '0', 'tidy', 0, 0, 'content_top', 0, 0, 0, '', '', -1),
(441, 'node', '0', 'tidy', 0, 4, 'content_top', 0, 0, 0, '', '', -1),
(442, 'og', '0', 'tidy', 1, -11, 'left', 0, 0, 0, '', '', -1),
(443, 'og', '3', 'tidy', 0, -7, 'content_top', 0, 0, 0, '', '', 2),
(444, 'og_views', '0', 'tidy', 0, -12, 'content_top', 0, 0, 0, '', '', -1),
(445, 'og_views', '1', 'tidy', 0, -8, 'content_top', 0, 0, 0, '', '', -1),
(446, 'privatemsg', 'privatemsg-menu', 'tidy', 0, -4, 'content_top', 0, 0, 0, '', '', -1),
(447, 'privatemsg', 'privatemsg-new', 'tidy', 0, -6, 'content_top', 0, 0, 0, '', '', -1),
(448, 'rpx', '0', 'tidy', 0, -3, 'content_top', 0, 0, 0, '', '', 1),
(449, 'system', '0', 'tidy', 1, 10, 'footer_block', 0, 0, 0, '', '', -1),
(450, 'user', '0', 'tidy', 1, -12, 'left', 0, 0, 0, '', '', -1),
(451, 'user', '1', 'tidy', 1, -13, 'left', 0, 0, 0, '', '', -1),
(452, 'user', '2', 'tidy', 0, 5, 'content_top', 0, 0, 0, '', '', 1),
(453, 'user', '3', 'tidy', 0, 6, 'content_top', 0, 0, 0, '', '', -1),
(454, 'views', 'og_members_block-block', 'tidy', 0, 0, 'content_top', 0, 0, 0, '', '', -1),
(455, 'views', 'og_members_block-block_1', 'tidy', 0, 0, 'content_top', 0, 0, 0, '', '', -1),
(456, 'views', 'og_my-block_1', 'tidy', 0, 0, 'content_top', 0, 0, 0, '', '', -1),
(494, 'privatemsg', 'privatemsg-new', 'amity_island', 0, -9, '', 0, 0, 0, '', '', -1),
(491, 'og_views', '0', 'amity_island', 0, -13, '', 0, 0, 0, '', '', -1),
(492, 'og_views', '1', 'amity_island', 0, -14, '', 0, 0, 0, '', '', -1),
(493, 'privatemsg', 'privatemsg-menu', 'amity_island', 0, -8, '', 0, 0, 0, '', '', -1),
(490, 'og', '3', 'amity_island', 0, -10, '', 0, 0, 0, '', '', 2),
(489, 'og', '0', 'amity_island', 1, -14, 'left', 0, 0, 0, '', '', -1),
(488, 'node', '0', 'amity_island', 0, 4, '', 0, 0, 0, '', '', -1),
(487, 'menu', 'secondary-links', 'amity_island', 0, 3, '', 0, 0, 0, '', '', -1),
(482, 'search', '0', 'basic', 0, 0, '', 0, 0, 0, '', '', -1),
(486, 'menu', 'primary-links', 'amity_island', 1, -10, 'primary', 0, 0, 0, '', '', -1),
(483, 'search', '0', 'garland', 0, 0, '', 0, 0, 0, '', '', -1),
(475, 'search', '0', 'tidy', 0, 0, '', 0, 0, 0, '', '', -1),
(484, 'comment', '0', 'amity_island', 0, 2, '', 0, 0, 0, '', '', 1),
(495, 'rpx', '0', 'amity_island', 0, -7, '', 0, 0, 0, '', '', 1),
(496, 'search', '0', 'amity_island', 0, 1, '', 0, 0, 0, '', '', -1),
(497, 'system', '0', 'amity_island', 0, 7, '', 0, 0, 0, '', '', -1),
(498, 'user', '0', 'amity_island', 0, -11, '', 0, 0, 0, '', '', -1),
(499, 'user', '1', 'amity_island', 0, -12, '', 0, 0, 0, '', '', -1),
(500, 'user', '2', 'amity_island', 0, 5, '', 0, 0, 0, '', '', 1),
(501, 'user', '3', 'amity_island', 0, 6, '', 0, 0, 0, '', '', -1),
(502, 'views', 'og_members_block-block', 'amity_island', 0, -6, '', 0, 0, 0, '', '', -1),
(503, 'views', 'og_members_block-block_1', 'amity_island', 0, -5, '', 0, 0, 0, '', '', -1),
(504, 'views', 'og_my-block_1', 'amity_island', 0, -3, '', 0, 0, 0, '', '', -1),
(609, 'menu', 'menu-toplinks', 'amity_island', 1, 0, 'toplinks', 0, 0, 0, '', '<none>', -1),
(626, 'faq', '0', 'garland', 0, 0, '', 0, 0, 0, '', '', 1),
(627, 'faq', '1', 'garland', 0, 0, '', 0, 0, 0, '', '', 1),
(628, 'faq', '2', 'garland', 0, 0, '', 0, 0, 0, '', '', 1),
(616, 'menu', 'menu-toplinks', 'garland', 0, 0, '', 0, 0, 0, '', '<none>', -1),
(625, 'faq', '2', 'amity_island', 0, -1, '', 0, 0, 0, '', '', 1),
(624, 'faq', '1', 'amity_island', 0, 0, '', 0, 0, 0, '', '', 1),
(623, 'faq', '0', 'amity_island', 0, -2, '', 0, 0, 0, '', '', 1),
(733, 'views', 'Activity-block_1', 'amity_island', 1, -14, 'right', 0, 0, 0, '', 'Recent Activity', -1),
(734, 'views', 'Activity-block_1', 'garland', 0, 0, '', 0, 0, 0, '', 'Recent Activity', -1);

-- --------------------------------------------------------

--
-- Table structure for table `blocks_roles`
--

CREATE TABLE IF NOT EXISTS `blocks_roles` (
  `module` varchar(64) NOT NULL,
  `delta` varchar(32) NOT NULL,
  `rid` int(10) unsigned NOT NULL,
  PRIMARY KEY (`module`,`delta`,`rid`),
  KEY `rid` (`rid`)
) ENGINE=MyISAM DEFAULT CHARSET=utf8;

--
-- Dumping data for table `blocks_roles`
--


-- --------------------------------------------------------

--
-- Table structure for table `boxes`
--

CREATE TABLE IF NOT EXISTS `boxes` (
  `bid` int(10) unsigned NOT NULL AUTO_INCREMENT,
  `body` longtext,
  `info` varchar(128) NOT NULL DEFAULT '',
  `format` smallint(6) NOT NULL DEFAULT '0',
  PRIMARY KEY (`bid`),
  UNIQUE KEY `info` (`info`)
) ENGINE=MyISAM  DEFAULT CHARSET=utf8 AUTO_INCREMENT=2 ;

--
-- Dumping data for table `boxes`
--

-- --------------------------------------------------------

--
-- Table structure for table `cache`
--

CREATE TABLE IF NOT EXISTS `cache` (
  `cid` varchar(255) NOT NULL DEFAULT '',
  `data` longblob,
  `expire` int(11) NOT NULL DEFAULT '0',
  `created` int(11) NOT NULL DEFAULT '0',
  `headers` text,
  `serialized` smallint(6) NOT NULL DEFAULT '0',
  PRIMARY KEY (`cid`),
  KEY `expire` (`expire`)
) ENGINE=MyISAM DEFAULT CHARSET=utf8;

--
-- Dumping data for table `cache`
--


-- --------------------------------------------------------

--
-- Table structure for table `cache_block`
--

CREATE TABLE IF NOT EXISTS `cache_block` (
  `cid` varchar(255) NOT NULL DEFAULT '',
  `data` longblob,
  `expire` int(11) NOT NULL DEFAULT '0',
  `created` int(11) NOT NULL DEFAULT '0',
  `headers` text,
  `serialized` smallint(6) NOT NULL DEFAULT '0',
  PRIMARY KEY (`cid`),
  KEY `expire` (`expire`)
) ENGINE=MyISAM DEFAULT CHARSET=utf8;

--
-- Dumping data for table `cache_block`
--


-- --------------------------------------------------------

--
-- Table structure for table `cache_content`
--

CREATE TABLE IF NOT EXISTS `cache_content` (
  `cid` varchar(255) NOT NULL DEFAULT '',
  `data` longblob,
  `expire` int(11) NOT NULL DEFAULT '0',
  `created` int(11) NOT NULL DEFAULT '0',
  `headers` text,
  `serialized` smallint(6) NOT NULL DEFAULT '0',
  PRIMARY KEY (`cid`),
  KEY `expire` (`expire`)
) ENGINE=MyISAM DEFAULT CHARSET=utf8;

--
-- Dumping data for table `cache_content`
--


-- --------------------------------------------------------

--
-- Table structure for table `cache_filter`
--

CREATE TABLE IF NOT EXISTS `cache_filter` (
  `cid` varchar(255) NOT NULL DEFAULT '',
  `data` longblob,
  `expire` int(11) NOT NULL DEFAULT '0',
  `created` int(11) NOT NULL DEFAULT '0',
  `headers` text,
  `serialized` smallint(6) NOT NULL DEFAULT '0',
  PRIMARY KEY (`cid`),
  KEY `expire` (`expire`)
) ENGINE=MyISAM DEFAULT CHARSET=utf8;

--
-- Dumping data for table `cache_filter`
--


-- --------------------------------------------------------

--
-- Table structure for table `cache_form`
--

CREATE TABLE IF NOT EXISTS `cache_form` (
  `cid` varchar(255) NOT NULL DEFAULT '',
  `data` longblob,
  `expire` int(11) NOT NULL DEFAULT '0',
  `created` int(11) NOT NULL DEFAULT '0',
  `headers` text,
  `serialized` smallint(6) NOT NULL DEFAULT '0',
  PRIMARY KEY (`cid`),
  KEY `expire` (`expire`)
) ENGINE=MyISAM DEFAULT CHARSET=utf8;

--
-- Dumping data for table `cache_form`
--


-- --------------------------------------------------------

--
-- Table structure for table `cache_menu`
--

CREATE TABLE IF NOT EXISTS `cache_menu` (
  `cid` varchar(255) NOT NULL DEFAULT '',
  `data` longblob,
  `expire` int(11) NOT NULL DEFAULT '0',
  `created` int(11) NOT NULL DEFAULT '0',
  `headers` text,
  `serialized` smallint(6) NOT NULL DEFAULT '0',
  PRIMARY KEY (`cid`),
  KEY `expire` (`expire`)
) ENGINE=MyISAM DEFAULT CHARSET=utf8;

--
-- Dumping data for table `cache_menu`
--


-- --------------------------------------------------------

--
-- Table structure for table `cache_page`
--

CREATE TABLE IF NOT EXISTS `cache_page` (
  `cid` varchar(255) NOT NULL DEFAULT '',
  `data` longblob,
  `expire` int(11) NOT NULL DEFAULT '0',
  `created` int(11) NOT NULL DEFAULT '0',
  `headers` text,
  `serialized` smallint(6) NOT NULL DEFAULT '0',
  PRIMARY KEY (`cid`),
  KEY `expire` (`expire`)
) ENGINE=MyISAM DEFAULT CHARSET=utf8;

--
-- Dumping data for table `cache_page`
--


-- --------------------------------------------------------

--
-- Table structure for table `cache_update`
--

CREATE TABLE IF NOT EXISTS `cache_update` (
  `cid` varchar(255) NOT NULL DEFAULT '',
  `data` longblob,
  `expire` int(11) NOT NULL DEFAULT '0',
  `created` int(11) NOT NULL DEFAULT '0',
  `headers` text,
  `serialized` smallint(6) NOT NULL DEFAULT '0',
  PRIMARY KEY (`cid`),
  KEY `expire` (`expire`)
) ENGINE=MyISAM DEFAULT CHARSET=utf8;

--
-- Dumping data for table `cache_update`
--


-- --------------------------------------------------------

--
-- Table structure for table `cache_views`
--

CREATE TABLE IF NOT EXISTS `cache_views` (
  `cid` varchar(255) NOT NULL DEFAULT '',
  `data` longblob,
  `expire` int(11) NOT NULL DEFAULT '0',
  `created` int(11) NOT NULL DEFAULT '0',
  `headers` text,
  `serialized` smallint(6) NOT NULL DEFAULT '0',
  PRIMARY KEY (`cid`),
  KEY `expire` (`expire`)
) ENGINE=MyISAM DEFAULT CHARSET=utf8;

--
-- Dumping data for table `cache_views`
--


-- --------------------------------------------------------

--
-- Table structure for table `cache_views_data`
--

CREATE TABLE IF NOT EXISTS `cache_views_data` (
  `cid` varchar(255) NOT NULL DEFAULT '',
  `data` longblob,
  `expire` int(11) NOT NULL DEFAULT '0',
  `created` int(11) NOT NULL DEFAULT '0',
  `headers` text,
  `serialized` smallint(6) NOT NULL DEFAULT '1',
  PRIMARY KEY (`cid`),
  KEY `expire` (`expire`)
) ENGINE=MyISAM DEFAULT CHARSET=utf8;

--
-- Dumping data for table `cache_views_data`
--

-- --------------------------------------------------------

--
-- Table structure for table `comments`
--

CREATE TABLE IF NOT EXISTS `comments` (
  `cid` int(11) NOT NULL AUTO_INCREMENT,
  `pid` int(11) NOT NULL DEFAULT '0',
  `nid` int(11) NOT NULL DEFAULT '0',
  `uid` int(11) NOT NULL DEFAULT '0',
  `subject` varchar(64) NOT NULL DEFAULT '',
  `comment` longtext NOT NULL,
  `hostname` varchar(128) NOT NULL DEFAULT '',
  `timestamp` int(11) NOT NULL DEFAULT '0',
  `status` tinyint(3) unsigned NOT NULL DEFAULT '0',
  `format` smallint(6) NOT NULL DEFAULT '0',
  `thread` varchar(255) NOT NULL,
  `name` varchar(60) DEFAULT NULL,
  `mail` varchar(64) DEFAULT NULL,
  `homepage` varchar(255) DEFAULT NULL,
  PRIMARY KEY (`cid`),
  KEY `pid` (`pid`),
  KEY `nid` (`nid`),
  KEY `status` (`status`)
) ENGINE=MyISAM DEFAULT CHARSET=utf8 AUTO_INCREMENT=1 ;

--
-- Dumping data for table `comments`
--
-- --------------------------------------------------------

--
-- Table structure for table `content_field_procode`
--

CREATE TABLE IF NOT EXISTS `content_field_procode` (
  `vid` int(10) unsigned NOT NULL DEFAULT '0',
  `nid` int(10) unsigned NOT NULL DEFAULT '0',
  `field_procode_value` longtext,
  PRIMARY KEY (`vid`),
  KEY `nid` (`nid`)
) ENGINE=MyISAM DEFAULT CHARSET=utf8;

--
-- Dumping data for table `content_field_procode`
--

INSERT INTO `content_field_procode` (`vid`, `nid`, `field_procode_value`) VALUES
(87, 87, 'te-telugu_food-dictionary'),
(91, 91, 'th-thai_food-dictionary'),
(96, 96, 'te-tha_food-dictionary');

-- --------------------------------------------------------

--
-- Table structure for table `content_group`
--

CREATE TABLE IF NOT EXISTS `content_group` (
  `group_type` varchar(32) NOT NULL DEFAULT 'standard',
  `type_name` varchar(32) NOT NULL DEFAULT '',
  `group_name` varchar(32) NOT NULL DEFAULT '',
  `label` varchar(255) NOT NULL DEFAULT '',
  `settings` mediumtext NOT NULL,
  `weight` int(11) NOT NULL DEFAULT '0',
  PRIMARY KEY (`type_name`,`group_name`)
) ENGINE=MyISAM DEFAULT CHARSET=utf8;

--
-- Dumping data for table `content_group`
--


-- --------------------------------------------------------

--
-- Table structure for table `content_group_fields`
--

CREATE TABLE IF NOT EXISTS `content_group_fields` (
  `type_name` varchar(32) NOT NULL DEFAULT '',
  `group_name` varchar(32) NOT NULL DEFAULT '',
  `field_name` varchar(32) NOT NULL DEFAULT '',
  PRIMARY KEY (`type_name`,`group_name`,`field_name`)
) ENGINE=MyISAM DEFAULT CHARSET=utf8;

--
-- Dumping data for table `content_group_fields`
--


-- --------------------------------------------------------

--
-- Table structure for table `content_node_field`
--

CREATE TABLE IF NOT EXISTS `content_node_field` (
  `field_name` varchar(32) NOT NULL DEFAULT '',
  `type` varchar(127) NOT NULL DEFAULT '',
  `global_settings` mediumtext NOT NULL,
  `required` tinyint(4) NOT NULL DEFAULT '0',
  `multiple` tinyint(4) NOT NULL DEFAULT '0',
  `db_storage` tinyint(4) NOT NULL DEFAULT '1',
  `module` varchar(127) NOT NULL DEFAULT '',
  `db_columns` mediumtext NOT NULL,
  `active` tinyint(4) NOT NULL DEFAULT '0',
  `locked` tinyint(4) NOT NULL DEFAULT '0',
  PRIMARY KEY (`field_name`)
) ENGINE=MyISAM DEFAULT CHARSET=utf8;

--
-- Dumping data for table `content_node_field`
--

INSERT INTO `content_node_field` (`field_name`, `type`, `global_settings`, `required`, `multiple`, `db_storage`, `module`, `db_columns`, `active`, `locked`) VALUES
('field_projectname', 'text', 'a:4:{s:15:"text_processing";s:1:"0";s:10:"max_length";s:0:"";s:14:"allowed_values";s:0:"";s:18:"allowed_values_php";s:0:"";}', 1, 0, 1, 'text', 'a:1:{s:5:"value";a:5:{s:4:"type";s:4:"text";s:4:"size";s:3:"big";s:8:"not null";b:0;s:8:"sortable";b:1;s:5:"views";b:1;}}', 1, 0),
('field_projectcode', 'text', 'a:4:{s:15:"text_processing";s:1:"0";s:10:"max_length";s:0:"";s:14:"allowed_values";s:0:"";s:18:"allowed_values_php";s:0:"";}', 1, 0, 1, 'text', 'a:1:{s:5:"value";a:5:{s:4:"type";s:4:"text";s:4:"size";s:3:"big";s:8:"not null";b:0;s:8:"sortable";b:1;s:5:"views";b:1;}}', 1, 0),
('field_username', 'text', 'a:4:{s:15:"text_processing";s:1:"0";s:10:"max_length";s:0:"";s:14:"allowed_values";s:0:"";s:18:"allowed_values_php";s:0:"";}', 1, 0, 1, 'text', 'a:1:{s:5:"value";a:5:{s:4:"type";s:4:"text";s:4:"size";s:3:"big";s:8:"not null";b:0;s:8:"sortable";b:1;s:5:"views";b:1;}}', 1, 0),
('field_password', 'text', 'a:4:{s:15:"text_processing";s:1:"0";s:10:"max_length";s:0:"";s:14:"allowed_values";s:0:"";s:18:"allowed_values_php";s:0:"";}', 1, 0, 1, 'text', 'a:1:{s:5:"value";a:5:{s:4:"type";s:4:"text";s:4:"size";s:3:"big";s:8:"not null";b:0;s:8:"sortable";b:1;s:5:"views";b:1;}}', 1, 0),
('field_procode', 'text', 'a:4:{s:15:"text_processing";s:1:"0";s:10:"max_length";s:0:"";s:14:"allowed_values";s:0:"";s:18:"allowed_values_php";s:0:"";}', 0, 0, 0, 'text', 'a:1:{s:5:"value";a:5:{s:4:"type";s:4:"text";s:4:"size";s:3:"big";s:8:"not null";b:0;s:8:"sortable";b:1;s:5:"views";b:1;}}', 1, 0);

-- --------------------------------------------------------

--
-- Table structure for table `content_node_field_instance`
--

CREATE TABLE IF NOT EXISTS `content_node_field_instance` (
  `field_name` varchar(32) NOT NULL DEFAULT '',
  `type_name` varchar(32) NOT NULL DEFAULT '',
  `weight` int(11) NOT NULL DEFAULT '0',
  `label` varchar(255) NOT NULL DEFAULT '',
  `widget_type` varchar(32) NOT NULL DEFAULT '',
  `widget_settings` mediumtext NOT NULL,
  `display_settings` mediumtext NOT NULL,
  `description` mediumtext NOT NULL,
  `widget_module` varchar(127) NOT NULL DEFAULT '',
  `widget_active` tinyint(4) NOT NULL DEFAULT '0',
  PRIMARY KEY (`field_name`,`type_name`)
) ENGINE=MyISAM DEFAULT CHARSET=utf8;

--
-- Dumping data for table `content_node_field_instance`
--

INSERT INTO `content_node_field_instance` (`field_name`, `type_name`, `weight`, `label`, `widget_type`, `widget_settings`, `display_settings`, `description`, `widget_module`, `widget_active`) VALUES
('field_projectname', 'community_project', 8, 'Project Name', 'text_textfield', 'a:4:{s:4:"rows";i:5;s:4:"size";s:2:"60";s:13:"default_value";a:1:{i:0;a:2:{s:5:"value";s:0:"";s:14:"_error_element";s:49:"default_value_widget][field_projectname][0][value";}}s:17:"default_value_php";N;}', 'a:7:{s:5:"label";a:2:{s:6:"format";s:5:"above";s:7:"exclude";i:0;}s:6:"teaser";a:2:{s:6:"format";s:7:"default";s:7:"exclude";i:0;}s:4:"full";a:2:{s:6:"format";s:7:"default";s:7:"exclude";i:0;}i:4;a:2:{s:6:"format";s:7:"default";s:7:"exclude";i:0;}i:2;a:2:{s:6:"format";s:7:"default";s:7:"exclude";i:0;}i:3;a:2:{s:6:"format";s:7:"default";s:7:"exclude";i:0;}s:5:"token";a:2:{s:6:"format";s:7:"default";s:7:"exclude";i:0;}}', '', 'text', 1),
('field_projectcode', 'project_code', 5, 'Project Code', 'text_textfield', 'a:4:{s:4:"rows";i:5;s:4:"size";s:2:"60";s:13:"default_value";a:1:{i:0;a:2:{s:5:"value";s:0:"";s:14:"_error_element";s:49:"default_value_widget][field_projectcode][0][value";}}s:17:"default_value_php";N;}', 'a:7:{s:5:"label";a:2:{s:6:"format";s:5:"above";s:7:"exclude";i:0;}s:6:"teaser";a:2:{s:6:"format";s:7:"default";s:7:"exclude";i:0;}s:4:"full";a:2:{s:6:"format";s:7:"default";s:7:"exclude";i:0;}i:4;a:2:{s:6:"format";s:7:"default";s:7:"exclude";i:0;}i:2;a:2:{s:6:"format";s:7:"default";s:7:"exclude";i:0;}i:3;a:2:{s:6:"format";s:7:"default";s:7:"exclude";i:0;}s:5:"token";a:2:{s:6:"format";s:7:"default";s:7:"exclude";i:0;}}', 'Please enter the languagedepot project code here.', 'text', 1),
('field_username', 'project_code', 6, 'User Name', 'text_textfield', 'a:4:{s:4:"rows";i:5;s:4:"size";s:2:"60";s:13:"default_value";a:1:{i:0;a:2:{s:5:"value";s:0:"";s:14:"_error_element";s:46:"default_value_widget][field_username][0][value";}}s:17:"default_value_php";N;}', 'a:7:{s:5:"label";a:2:{s:6:"format";s:5:"above";s:7:"exclude";i:0;}s:6:"teaser";a:2:{s:6:"format";s:7:"default";s:7:"exclude";i:0;}s:4:"full";a:2:{s:6:"format";s:7:"default";s:7:"exclude";i:0;}i:4;a:2:{s:6:"format";s:7:"default";s:7:"exclude";i:0;}i:2;a:2:{s:6:"format";s:7:"default";s:7:"exclude";i:0;}i:3;a:2:{s:6:"format";s:7:"default";s:7:"exclude";i:0;}s:5:"token";a:2:{s:6:"format";s:7:"default";s:7:"exclude";i:0;}}', 'Please enter the languagedepot user name here.', 'text', 1),
('field_password', 'project_code', 7, 'Password', 'text_textfield', 'a:4:{s:4:"rows";i:5;s:4:"size";s:2:"60";s:13:"default_value";a:1:{i:0;a:2:{s:5:"value";s:0:"";s:14:"_error_element";s:46:"default_value_widget][field_password][0][value";}}s:17:"default_value_php";N;}', 'a:7:{s:5:"label";a:2:{s:6:"format";s:5:"above";s:7:"exclude";i:0;}s:6:"teaser";a:2:{s:6:"format";s:7:"default";s:7:"exclude";i:0;}s:4:"full";a:2:{s:6:"format";s:7:"default";s:7:"exclude";i:0;}i:4;a:2:{s:6:"format";s:7:"default";s:7:"exclude";i:0;}i:2;a:2:{s:6:"format";s:7:"default";s:7:"exclude";i:0;}i:3;a:2:{s:6:"format";s:7:"default";s:7:"exclude";i:0;}s:5:"token";a:2:{s:6:"format";s:7:"default";s:7:"exclude";i:0;}}', 'Please enter the languagedepot password here.', 'text', 1),
('field_procode', 'project', 21, 'Lang Project Code', 'text_textfield', 'a:4:{s:4:"rows";i:5;s:4:"size";s:2:"60";s:13:"default_value";a:1:{i:0;a:2:{s:5:"value";s:0:"";s:14:"_error_element";s:45:"default_value_widget][field_procode][0][value";}}s:17:"default_value_php";N;}', 'a:7:{s:5:"label";a:2:{s:6:"format";s:5:"above";s:7:"exclude";i:0;}s:6:"teaser";a:2:{s:6:"format";s:7:"default";s:7:"exclude";i:0;}s:4:"full";a:2:{s:6:"format";s:7:"default";s:7:"exclude";i:0;}i:4;a:2:{s:6:"format";s:7:"default";s:7:"exclude";i:0;}i:2;a:2:{s:6:"format";s:7:"default";s:7:"exclude";i:0;}i:3;a:2:{s:6:"format";s:7:"default";s:7:"exclude";i:0;}s:5:"token";a:2:{s:6:"format";s:7:"default";s:7:"exclude";i:0;}}', '', 'text', 1),
('field_procode', 'community_project', 11, 'Lang Project Code', 'text_textfield', 'a:4:{s:4:"rows";i:5;s:4:"size";s:2:"60";s:13:"default_value";a:1:{i:0;a:2:{s:5:"value";s:0:"";s:14:"_error_element";s:45:"default_value_widget][field_procode][0][value";}}s:17:"default_value_php";N;}', 'a:7:{s:5:"label";a:2:{s:6:"format";s:5:"above";s:7:"exclude";i:0;}s:6:"teaser";a:2:{s:6:"format";s:7:"default";s:7:"exclude";i:0;}s:4:"full";a:2:{s:6:"format";s:7:"default";s:7:"exclude";i:0;}i:4;a:2:{s:6:"format";s:7:"default";s:7:"exclude";i:0;}i:2;a:2:{s:6:"format";s:7:"default";s:7:"exclude";i:0;}i:3;a:2:{s:6:"format";s:7:"default";s:7:"exclude";i:0;}s:5:"token";a:2:{s:6:"format";s:7:"default";s:7:"exclude";i:0;}}', '', 'text', 1),
('field_procode', 'project_code', 4, 'Lang Project Code', 'text_textfield', 'a:4:{s:4:"rows";i:5;s:4:"size";s:2:"60";s:13:"default_value";a:1:{i:0;a:2:{s:5:"value";s:0:"";s:14:"_error_element";s:45:"default_value_widget][field_procode][0][value";}}s:17:"default_value_php";N;}', 'a:7:{s:5:"label";a:2:{s:6:"format";s:5:"above";s:7:"exclude";i:0;}s:6:"teaser";a:2:{s:6:"format";s:7:"default";s:7:"exclude";i:0;}s:4:"full";a:2:{s:6:"format";s:7:"default";s:7:"exclude";i:0;}i:4;a:2:{s:6:"format";s:7:"default";s:7:"exclude";i:0;}i:2;a:2:{s:6:"format";s:7:"default";s:7:"exclude";i:0;}i:3;a:2:{s:6:"format";s:7:"default";s:7:"exclude";i:0;}s:5:"token";a:2:{s:6:"format";s:7:"default";s:7:"exclude";i:0;}}', '', 'text', 1);

-- --------------------------------------------------------

--
-- Table structure for table `content_type_community_project`
--

CREATE TABLE IF NOT EXISTS `content_type_community_project` (
  `vid` int(10) unsigned NOT NULL DEFAULT '0',
  `nid` int(10) unsigned NOT NULL DEFAULT '0',
  `field_projectname_value` longtext,
  PRIMARY KEY (`vid`),
  KEY `nid` (`nid`)
) ENGINE=MyISAM DEFAULT CHARSET=utf8;

--
-- Dumping data for table `content_type_community_project`
--


-- --------------------------------------------------------

--
-- Table structure for table `content_type_project`
--

CREATE TABLE IF NOT EXISTS `content_type_project` (
  `vid` int(10) unsigned NOT NULL DEFAULT '0',
  `nid` int(10) unsigned NOT NULL DEFAULT '0',
  PRIMARY KEY (`vid`),
  KEY `nid` (`nid`)
) ENGINE=MyISAM DEFAULT CHARSET=utf8;

--
-- Dumping data for table `content_type_project`
--

INSERT INTO `content_type_project` (`vid`, `nid`) VALUES
(87, 87),
(91, 91),
(96, 96);

-- --------------------------------------------------------

--
-- Table structure for table `content_type_project_code`
--

CREATE TABLE IF NOT EXISTS `content_type_project_code` (
  `vid` int(10) unsigned NOT NULL DEFAULT '0',
  `nid` int(10) unsigned NOT NULL DEFAULT '0',
  `field_projectcode_value` longtext,
  `field_username_value` longtext,
  `field_password_value` longtext,
  PRIMARY KEY (`vid`),
  KEY `nid` (`nid`)
) ENGINE=MyISAM DEFAULT CHARSET=utf8;

--
-- Dumping data for table `content_type_project_code`
--

INSERT INTO `content_type_project_code` (`vid`, `nid`, `field_projectcode_value`, `field_username_value`, `field_password_value`) VALUES
(96, 96, 'tha-food', 'arivu', 'uvira23');

-- --------------------------------------------------------

--
-- Table structure for table `faq_questions`
--

CREATE TABLE IF NOT EXISTS `faq_questions` (
  `nid` int(10) unsigned NOT NULL DEFAULT '0',
  `vid` int(10) unsigned NOT NULL DEFAULT '0',
  `question` text NOT NULL,
  `detailed_question` text NOT NULL,
  PRIMARY KEY (`nid`,`vid`)
) ENGINE=MyISAM DEFAULT CHARSET=utf8;

--
-- Dumping data for table `faq_questions`
--

INSERT INTO `faq_questions` (`nid`, `vid`, `question`, `detailed_question`) VALUES
(38, 38, 'How can I create new community?', ''),
(39, 39, 'How can I create new projects?', ''),
(40, 40, 'How can I do sign up as a User?', '');

-- --------------------------------------------------------

--
-- Table structure for table `faq_weights`
--

CREATE TABLE IF NOT EXISTS `faq_weights` (
  `tid` int(10) unsigned NOT NULL DEFAULT '0',
  `nid` int(10) unsigned NOT NULL DEFAULT '0',
  `weight` tinyint(4) NOT NULL DEFAULT '0',
  PRIMARY KEY (`nid`,`tid`)
) ENGINE=MyISAM DEFAULT CHARSET=utf8;

--
-- Dumping data for table `faq_weights`
--


-- --------------------------------------------------------

--
-- Table structure for table `files`
--

CREATE TABLE IF NOT EXISTS `files` (
  `fid` int(10) unsigned NOT NULL AUTO_INCREMENT,
  `uid` int(10) unsigned NOT NULL DEFAULT '0',
  `filename` varchar(255) NOT NULL DEFAULT '',
  `filepath` varchar(255) NOT NULL DEFAULT '',
  `filemime` varchar(255) NOT NULL DEFAULT '',
  `filesize` int(10) unsigned NOT NULL DEFAULT '0',
  `status` int(11) NOT NULL DEFAULT '0',
  `timestamp` int(10) unsigned NOT NULL DEFAULT '0',
  PRIMARY KEY (`fid`),
  KEY `uid` (`uid`),
  KEY `status` (`status`),
  KEY `timestamp` (`timestamp`)
) ENGINE=MyISAM DEFAULT CHARSET=utf8 AUTO_INCREMENT=1 ;

--
-- Dumping data for table `files`
--


-- --------------------------------------------------------

--
-- Table structure for table `filters`
--

CREATE TABLE IF NOT EXISTS `filters` (
  `fid` int(11) NOT NULL AUTO_INCREMENT,
  `format` int(11) NOT NULL DEFAULT '0',
  `module` varchar(64) NOT NULL DEFAULT '',
  `delta` tinyint(4) NOT NULL DEFAULT '0',
  `weight` tinyint(4) NOT NULL DEFAULT '0',
  PRIMARY KEY (`fid`),
  UNIQUE KEY `fmd` (`format`,`module`,`delta`),
  KEY `list` (`format`,`weight`,`module`,`delta`)
) ENGINE=MyISAM  DEFAULT CHARSET=utf8 AUTO_INCREMENT=10 ;

--
-- Dumping data for table `filters`
--

INSERT INTO `filters` (`fid`, `format`, `module`, `delta`, `weight`) VALUES
(1, 1, 'filter', 2, 0),
(2, 1, 'filter', 0, 1),
(3, 1, 'filter', 1, 2),
(4, 1, 'filter', 3, 10),
(5, 2, 'filter', 2, 0),
(6, 2, 'filter', 1, 1),
(7, 2, 'filter', 3, 10),
(8, 3, 'messaging', 1, 0),
(9, 3, 'filter', 1, -1);

-- --------------------------------------------------------

--
-- Table structure for table `filter_formats`
--

CREATE TABLE IF NOT EXISTS `filter_formats` (
  `format` int(11) NOT NULL AUTO_INCREMENT,
  `name` varchar(255) NOT NULL DEFAULT '',
  `roles` varchar(255) NOT NULL DEFAULT '',
  `cache` tinyint(4) NOT NULL DEFAULT '0',
  PRIMARY KEY (`format`),
  UNIQUE KEY `name` (`name`)
) ENGINE=MyISAM  DEFAULT CHARSET=utf8 AUTO_INCREMENT=4 ;

--
-- Dumping data for table `filter_formats`
--

INSERT INTO `filter_formats` (`format`, `name`, `roles`, `cache`) VALUES
(1, 'Filtered HTML', ',1,2,', 1),
(2, 'Full HTML', '', 1),
(3, 'Messaging plain text', '', 0);

-- --------------------------------------------------------

--
-- Table structure for table `flood`
--

CREATE TABLE IF NOT EXISTS `flood` (
  `fid` int(11) NOT NULL AUTO_INCREMENT,
  `event` varchar(64) NOT NULL DEFAULT '',
  `hostname` varchar(128) NOT NULL DEFAULT '',
  `timestamp` int(11) NOT NULL DEFAULT '0',
  PRIMARY KEY (`fid`),
  KEY `allow` (`event`,`hostname`,`timestamp`)
) ENGINE=MyISAM  DEFAULT CHARSET=utf8 AUTO_INCREMENT=3 ;

--
-- Dumping data for table `flood`
--


-- --------------------------------------------------------

--
-- Table structure for table `history`
--

CREATE TABLE IF NOT EXISTS `history` (
  `uid` int(11) NOT NULL DEFAULT '0',
  `nid` int(11) NOT NULL DEFAULT '0',
  `timestamp` int(11) NOT NULL DEFAULT '0',
  PRIMARY KEY (`uid`,`nid`),
  KEY `nid` (`nid`)
) ENGINE=MyISAM DEFAULT CHARSET=utf8;

--
-- Dumping data for table `history`
--

INSERT INTO `history` (`uid`, `nid`, `timestamp`) VALUES
(3, 23, 1320380136),
(60, 87, 1319981631),
(61, 87, 1321016352),
(60, 23, 1319981605),
(3, 86, 1320315791),
(61, 86, 1320928647),
(61, 23, 1321248035),
(61, 91, 1320821287),
(61, 90, 1320821281);

-- --------------------------------------------------------

--
-- Table structure for table `imce_files`
--

CREATE TABLE IF NOT EXISTS `imce_files` (
  `fid` int(10) unsigned NOT NULL DEFAULT '0',
  PRIMARY KEY (`fid`)
) ENGINE=MyISAM DEFAULT CHARSET=utf8;

--
-- Dumping data for table `imce_files`
--


-- --------------------------------------------------------

--
-- Table structure for table `lflanguages`
--

CREATE TABLE IF NOT EXISTS `lflanguages` (
  `language` varchar(20) NOT NULL,
  `name` text NOT NULL
) ENGINE=MyISAM DEFAULT CHARSET=latin1;

--
-- Dumping data for table `lflanguages`
--

INSERT INTO `lflanguages` (`language`, `name`) VALUES
('aa', 'Afar'),
('ab', 'Abkhazian'),
('ae', 'Avestan'),
('af', 'Afrikaans'),
('ak', 'Akan'),
('am', 'Amharic'),
('an', 'Aragonese'),
('ar', 'Arabic'),
('as', 'Assamese'),
('av', 'Avaric'),
('ay', 'Aymara'),
('az', 'Azerbaijani'),
('ba', 'Bashkir'),
('be', 'Belarusian'),
('bg', 'Bulgarian'),
('bh', 'Bihari languages'),
('bi', 'Bislama'),
('bm', 'Bambara'),
('bn', 'Bengali'),
('bo', 'Tibetan'),
('br', 'Breton'),
('bs', 'Bosnian'),
('ca', 'Catalan'),
('ca', 'Valencian'),
('ce', 'Chechen'),
('ch', 'Chamorro'),
('co', 'Corsican'),
('cr', 'Cree'),
('cs', 'Czech'),
('cu', 'Church Slavic'),
('cu', 'Church Slavonic'),
('cu', 'Old Bulgarian'),
('cu', 'Old Church Slavonic'),
('cu', 'Old Slavonic'),
('cv', 'Chuvash'),
('cy', 'Welsh'),
('da', 'Danish'),
('de', 'German'),
('dv', 'Dhivehi'),
('dv', 'Divehi'),
('dv', 'Maldivian'),
('dz', 'Dzongkha'),
('ee', 'Ewe'),
('el', 'Modern Greek (1453-)'),
('en', 'English'),
('eo', 'Esperanto'),
('es', 'Spanish'),
('es', 'Castilian'),
('et', 'Estonian'),
('eu', 'Basque'),
('fa', 'Persian'),
('ff', 'Fulah'),
('fi', 'Finnish'),
('fj', 'Fijian'),
('fo', 'Faroese'),
('fr', 'French'),
('fy', 'Western Frisian'),
('ga', 'Irish'),
('gd', 'Scottish Gaelic'),
('gd', 'Gaelic'),
('gl', 'Galician'),
('gn', 'Guarani'),
('gu', 'Gujarati'),
('gv', 'Manx'),
('ha', 'Hausa'),
('he', 'Hebrew'),
('hi', 'Hindi'),
('ho', 'Hiri Motu'),
('hr', 'Croatian'),
('ht', 'Haitian'),
('ht', 'Haitian Creole'),
('hu', 'Hungarian'),
('hy', 'Armenian'),
('hz', 'Herero'),
('ia', 'Interlingua (International Auxiliary Language'),
('id', 'Indonesian'),
('ie', 'Interlingue'),
('ie', 'Occidental'),
('ig', 'Igbo'),
('ii', 'Sichuan Yi'),
('ii', 'Nuosu'),
('ik', 'Inupiaq'),
('in', 'Indonesian'),
('io', 'Ido'),
('is', 'Icelandic'),
('it', 'Italian'),
('iu', 'Inuktitut'),
('iw', 'Hebrew'),
('ja', 'Japanese'),
('ji', 'Yiddish'),
('jv', 'Javanese'),
('jw', 'Javanese'),
('ka', 'Georgian'),
('kg', 'Kongo'),
('ki', 'Kikuyu'),
('ki', 'Gikuyu'),
('kj', 'Kuanyama'),
('kj', 'Kwanyama'),
('kk', 'Kazakh'),
('kl', 'Kalaallisut'),
('kl', 'Greenlandic'),
('km', 'Central Khmer'),
('kn', 'Kannada'),
('ko', 'Korean'),
('kr', 'Kanuri'),
('ks', 'Kashmiri'),
('ku', 'Kurdish'),
('kv', 'Komi'),
('kw', 'Cornish'),
('ky', 'Kirghiz'),
('ky', 'Kyrgyz'),
('la', 'Latin'),
('lb', 'Luxembourgish'),
('lb', 'Letzeburgesch'),
('lg', 'Ganda'),
('li', 'Limburgan'),
('li', 'Limburger'),
('li', 'Limburgish'),
('ln', 'Lingala'),
('lo', 'Lao'),
('lt', 'Lithuanian'),
('lu', 'Luba-Katanga'),
('lv', 'Latvian'),
('mg', 'Malagasy'),
('mh', 'Marshallese'),
('mi', 'Maori'),
('mk', 'Macedonian'),
('ml', 'Malayalam'),
('mn', 'Mongolian'),
('mo', 'Moldavian'),
('mo', 'Moldovan'),
('mr', 'Marathi'),
('ms', 'Malay (macrolanguage)'),
('mt', 'Maltese'),
('my', 'Burmese'),
('na', 'Nauru'),
('nb', 'Norwegian Bokml'),
('nd', 'North Ndebele'),
('ne', 'Nepali'),
('ng', 'Ndonga'),
('nl', 'Dutch'),
('nl', 'Flemish'),
('nn', 'Norwegian Nynorsk'),
('no', 'Norwegian'),
('nr', 'South Ndebele'),
('nv', 'Navajo'),
('nv', 'Navaho'),
('ny', 'Nyanja'),
('ny', 'Chewa'),
('ny', 'Chichewa'),
('oc', 'Occitan (post 1500)'),
('oj', 'Ojibwa'),
('om', 'Oromo'),
('or', 'Oriya'),
('os', 'Ossetian'),
('os', 'Ossetic'),
('pa', 'Panjabi'),
('pa', 'Punjabi'),
('pi', 'Pali'),
('pl', 'Polish'),
('ps', 'Pushto'),
('ps', 'Pashto'),
('pt', 'Portuguese'),
('qu', 'Quechua'),
('rm', 'Romansh'),
('rn', 'Rundi'),
('ro', 'Romanian'),
('ro', 'Moldavian'),
('ro', 'Moldovan'),
('ru', 'Russian'),
('rw', 'Kinyarwanda'),
('sa', 'Sanskrit'),
('sc', 'Sardinian'),
('sd', 'Sindhi'),
('se', 'Northern Sami'),
('sg', 'Sango'),
('sh', 'Serbo-Croatian'),
('si', 'Sinhala'),
('si', 'Sinhalese'),
('sk', 'Slovak'),
('sl', 'Slovenian'),
('sm', 'Samoan'),
('sn', 'Shona'),
('so', 'Somali'),
('sq', 'Albanian'),
('sr', 'Serbian'),
('ss', 'Swati'),
('st', 'Southern Sotho'),
('su', 'Sundanese'),
('sv', 'Swedish'),
('sw', 'Swahili (macrolanguage)'),
('ta', 'Tamil'),
('te', 'Telugu'),
('tg', 'Tajik'),
('th', 'Thai'),
('ti', 'Tigrinya'),
('tk', 'Turkmen'),
('tl', 'Tagalog'),
('tn', 'Tswana'),
('to', 'Tonga (Tonga Islands)'),
('tr', 'Turkish'),
('ts', 'Tsonga'),
('tt', 'Tatar'),
('tw', 'Twi'),
('ty', 'Tahitian'),
('ug', 'Uighur'),
('ug', 'Uyghur'),
('uk', 'Ukrainian'),
('ur', 'Urdu'),
('uz', 'Uzbek'),
('ve', 'Venda'),
('vi', 'Vietnamese'),
('vo', 'Volapk'),
('wa', 'Walloon'),
('wo', 'Wolof'),
('xh', 'Xhosa'),
('yi', 'Yiddish'),
('yo', 'Yoruba'),
('za', 'Zhuang'),
('za', 'Chuang'),
('zh', 'Chinese'),
('zu', 'Zulu'),
('aaa', 'Ghotuo'),
('aab', 'Alumu-Tesu'),
('aac', 'Ari'),
('aad', 'Amal'),
('aae', 'Arbresh Albanian'),
('aaf', 'Aranadan'),
('aag', 'Ambrak'),
('aah', 'Abu'' Arapesh'),
('aai', 'Arifama-Miniafia'),
('aak', 'Ankave'),
('aal', 'Afade'),
('aam', 'Aramanik'),
('aan', 'Anamb'),
('aao', 'Algerian Saharan Arabic'),
('aap', 'Par Arra'),
('aaq', 'Eastern Abnaki'),
('aas', 'Aasx'),
('aat', 'Arvanitika Albanian'),
('aau', 'Abau'),
('aav', 'Austro-Asiatic languages'),
('aaw', 'Solong'),
('aax', 'Mandobo Atas'),
('aaz', 'Amarasi'),
('aba', 'Ab'),
('abb', 'Bankon'),
('abc', 'Ambala Ayta'),
('abd', 'Manide'),
('abe', 'Western Abnaki'),
('abf', 'Abai Sungai'),
('abg', 'Abaga'),
('abh', 'Tajiki Arabic'),
('abi', 'Abidji'),
('abj', 'Aka-Bea'),
('abl', 'Lampung Nyo'),
('abm', 'Abanyom'),
('abn', 'Abua'),
('abo', 'Abon'),
('abp', 'Abellen Ayta'),
('abq', 'Abaza'),
('abr', 'Abron'),
('abs', 'Ambonese Malay'),
('abt', 'Ambulas'),
('abu', 'Abure'),
('abv', 'Baharna Arabic'),
('abw', 'Pal'),
('abx', 'Inabaknon'),
('aby', 'Aneme Wake'),
('abz', 'Abui'),
('aca', 'Achagua'),
('acb', 'nc'),
('acd', 'Gikyode'),
('ace', 'Achinese'),
('acf', 'Saint Lucian Creole French'),
('ach', 'Acoli'),
('aci', 'Aka-Cari'),
('ack', 'Aka-Kora'),
('acl', 'Akar-Bale'),
('acm', 'Mesopotamian Arabic'),
('acn', 'Achang'),
('acp', 'Eastern Acipa'),
('acq', 'Ta''izzi-Adeni Arabic'),
('acr', 'Achi'),
('acs', 'Acro'),
('act', 'Achterhoeks'),
('acu', 'Achuar-Shiwiar'),
('acv', 'Achumawi'),
('acw', 'Hijazi Arabic'),
('acx', 'Omani Arabic'),
('acy', 'Cypriot Arabic'),
('acz', 'Acheron'),
('ada', 'Adangme'),
('adb', 'Adabe'),
('add', 'Dzodinka'),
('ade', 'Adele'),
('adf', 'Dhofari Arabic'),
('adg', 'Andegerebinha'),
('adh', 'Adhola'),
('adi', 'Adi'),
('adj', 'Adioukrou'),
('adl', 'Galo'),
('adn', 'Adang'),
('ado', 'Abu'),
('adp', 'Adap'),
('adq', 'Adangbe'),
('adr', 'Adonara'),
('ads', 'Adamorobe Sign Language'),
('adt', 'Adnyamathanha'),
('adu', 'Aduge'),
('adw', 'Amundava'),
('adx', 'Amdo Tibetan'),
('ady', 'Adyghe'),
('ady', 'Adygei'),
('adz', 'Adzera'),
('aea', 'Areba'),
('aeb', 'Tunisian Arabic'),
('aec', 'Saidi Arabic'),
('aed', 'Argentine Sign Language'),
('aee', 'Northeast Pashayi'),
('aek', 'Haeke'),
('ael', 'Ambele'),
('aem', 'Arem'),
('aen', 'Armenian Sign Language'),
('aeq', 'Aer'),
('aer', 'Eastern Arrernte'),
('aes', 'Alsea'),
('aeu', 'Akeu'),
('aew', 'Ambakich'),
('aey', 'Amele'),
('aez', 'Aeka'),
('afa', 'Afro-Asiatic languages'),
('afb', 'Gulf Arabic'),
('afd', 'Andai'),
('afe', 'Putukwam'),
('afg', 'Afghan Sign Language'),
('afh', 'Afrihili'),
('afi', 'Akrukay'),
('afk', 'Nanubae'),
('afn', 'Defaka'),
('afo', 'Eloyi'),
('afp', 'Tapei'),
('afs', 'Afro-Seminole Creole'),
('aft', 'Afitti'),
('afu', 'Awutu'),
('afz', 'Obokuitai'),
('aga', 'Aguano'),
('agb', 'Legbo'),
('agc', 'Agatu'),
('agd', 'Agarabi'),
('age', 'Angal'),
('agf', 'Arguni'),
('agg', 'Angor'),
('agh', 'Ngelima'),
('agi', 'Agariya'),
('agj', 'Argobba'),
('agk', 'Isarog Agta'),
('agl', 'Fembe'),
('agm', 'Angaataha'),
('agn', 'Agutaynen'),
('ago', 'Tainae'),
('agp', 'Paranan'),
('agq', 'Aghem'),
('agr', 'Aguaruna'),
('ags', 'Esimbi'),
('agt', 'Central Cagayan Agta'),
('agu', 'Aguacateco'),
('agv', 'Remontado Dumagat'),
('agw', 'Kahua'),
('agx', 'Aghul'),
('agy', 'Southern Alta'),
('agz', 'Mt. Iriga Agta'),
('aha', 'Ahanta'),
('ahb', 'Axamb'),
('ahg', 'Qimant'),
('ahh', 'Aghu'),
('ahi', 'Tiagbamrin Aizi'),
('ahk', 'Akha'),
('ahl', 'Igo'),
('ahm', 'Mobumrin Aizi'),
('ahn', 'hn'),
('aho', 'Ahom'),
('ahp', 'Aproumu Aizi'),
('ahr', 'Ahirani'),
('ahs', 'Ashe'),
('aht', 'Ahtena'),
('aia', 'Arosi'),
('aib', 'Ainu (China)'),
('aic', 'Ainbai'),
('aid', 'Alngith'),
('aie', 'Amara'),
('aif', 'Agi'),
('aig', 'Antigua and Barbuda Creole English'),
('aih', 'Ai-Cham'),
('aii', 'Assyrian Neo-Aramaic'),
('aij', 'Lishanid Noshan'),
('aik', 'Ake'),
('ail', 'Aimele'),
('aim', 'Aimol'),
('ain', 'Ainu (Japan)'),
('aio', 'Aiton'),
('aip', 'Burumakok'),
('aiq', 'Aimaq'),
('air', 'Airoran'),
('ais', 'Nataoran Amis'),
('ait', 'Arikem'),
('aiw', 'Aari'),
('aix', 'Aighon'),
('aiy', 'Ali'),
('aja', 'Aja (Sudan)'),
('ajg', 'Aja (Benin)'),
('aji', 'Aji'),
('ajp', 'South Levantine Arabic'),
('ajt', 'Judeo-Tunisian Arabic'),
('aju', 'Judeo-Moroccan Arabic'),
('ajw', 'Ajawa'),
('ajz', 'Amri Karbi'),
('akb', 'Batak Angkola'),
('akc', 'Mpur'),
('akd', 'Ukpet-Ehom'),
('ake', 'Akawaio'),
('akf', 'Akpa'),
('akg', 'Anakalangu'),
('akh', 'Angal Heneng'),
('aki', 'Aiome'),
('akj', 'Aka-Jeru'),
('akk', 'Akkadian'),
('akl', 'Aklanon'),
('akm', 'Aka-Bo'),
('ako', 'Akurio'),
('akp', 'Siwu'),
('akq', 'Ak'),
('akr', 'Araki'),
('aks', 'Akaselem'),
('akt', 'Akolet'),
('aku', 'Akum'),
('akv', 'Akhvakh'),
('akw', 'Akwa'),
('akx', 'Aka-Kede'),
('aky', 'Aka-Kol'),
('akz', 'Alabama'),
('ala', 'Alago'),
('alc', 'Qawasqar'),
('ald', 'Alladian'),
('ale', 'Aleut'),
('alf', 'Alege'),
('alg', 'Algonquian languages'),
('alh', 'Alawa'),
('ali', 'Amaimon'),
('alj', 'Alangan'),
('alk', 'Alak'),
('all', 'Allar'),
('alm', 'Amblong'),
('aln', 'Gheg Albanian'),
('alo', 'Larike-Wakasihu'),
('alp', 'Alune'),
('alq', 'Algonquin'),
('alr', 'Alutor'),
('als', 'Tosk Albanian'),
('alt', 'Southern Altai'),
('alu', '''Are''are'),
('alv', 'Atlantic-Congo languages'),
('alw', 'Alaba-Kabeena'),
('alw', 'Wanbasana'),
('alx', 'Amol'),
('aly', 'Alyawarr'),
('alz', 'Alur'),
('ama', 'Amanay'),
('amb', 'Ambo'),
('amc', 'Amahuaca'),
('ame', 'Yanesha'),
('amf', 'Hamer-Banna'),
('amg', 'Amarag'),
('ami', 'Amis'),
('amj', 'Amdang'),
('amk', 'Ambai'),
('aml', 'War-Jaintia'),
('amm', 'Ama (Papua New Guinea)'),
('amn', 'Amanab'),
('amo', 'Amo'),
('amp', 'Alamblak'),
('amq', 'Amahai'),
('amr', 'Amarakaeri'),
('ams', 'Southern Amami-Oshima'),
('amt', 'Amto'),
('amu', 'Guerrero Amuzgo'),
('amv', 'Ambelau'),
('amw', 'Western Neo-Aramaic'),
('amx', 'Anmatyerre'),
('amy', 'Ami'),
('amz', 'Atampaya'),
('ana', 'Andaqui'),
('anb', 'Andoa'),
('anc', 'Ngas'),
('and', 'Ansus'),
('ane', 'Xrc'),
('anf', 'Animere'),
('ang', 'Old English (ca. 450-1100)'),
('anh', 'Nend'),
('ani', 'Andi'),
('anj', 'Anor'),
('ank', 'Goemai'),
('anl', 'Anu'),
('anm', 'Anal'),
('ann', 'Obolo'),
('ano', 'Andoque'),
('anp', 'Angika'),
('anq', 'Jarawa (India)'),
('anr', 'Andh'),
('ans', 'Anserma'),
('ant', 'Antakarinya'),
('anu', 'Anuak'),
('anv', 'Denya'),
('anw', 'Anaang'),
('anx', 'Andra-Hus'),
('any', 'Anyin'),
('anz', 'Anem'),
('aoa', 'Angolar'),
('aob', 'Abom'),
('aoc', 'Pemon'),
('aod', 'Andarum'),
('aoe', 'Angal Enen'),
('aof', 'Bragat'),
('aog', 'Angoram'),
('aoh', 'Arma'),
('aoi', 'Anindilyakwa'),
('aoj', 'Mufian'),
('aok', 'Arh'),
('aol', 'Alor'),
('aom', 'mie'),
('aon', 'Bumbita Arapesh'),
('aor', 'Aore'),
('aos', 'Taikat'),
('aot', 'A''tong'),
('aox', 'Atorada'),
('aoz', 'Uab Meto'),
('apa', 'Apache languages'),
('apb', 'Sa''a'),
('apc', 'North Levantine Arabic'),
('apd', 'Sudanese Arabic'),
('ape', 'Bukiyip'),
('apf', 'Pahanan Agta'),
('apg', 'Ampanang'),
('aph', 'Athpariya'),
('api', 'Apiak'),
('apj', 'Jicarilla Apache'),
('apk', 'Kiowa Apache'),
('apl', 'Lipan Apache'),
('apm', 'Mescalero-Chiricahua Apache'),
('apn', 'Apinay'),
('apo', 'Ambul'),
('app', 'Apma'),
('apq', 'A-Pucikwar'),
('apr', 'Arop-Lokep'),
('aps', 'Arop-Sissano'),
('apt', 'Apatani'),
('apu', 'Apurin'),
('apv', 'Alapmunte'),
('apw', 'Western Apache'),
('apx', 'Aputai'),
('apy', 'Apala'),
('apz', 'Safeyoka'),
('aqa', 'Alacalufan languages'),
('aqc', 'Archi'),
('aqd', 'Ampari Dogon'),
('aqg', 'Arigidi'),
('aql', 'Algic languages'),
('aqm', 'Atohwaim'),
('aqn', 'Northern Alta'),
('aqp', 'Atakapa'),
('aqr', 'Arh'),
('aqz', 'Akuntsu'),
('arb', 'Standard Arabic'),
('arc', 'Official Aramaic (700-300 BCE)'),
('arc', 'Imperial Aramaic (700-300 BCE)'),
('ard', 'Arabana'),
('are', 'Western Arrarnta'),
('arh', 'Arhuaco'),
('ari', 'Arikara'),
('arj', 'Arapaso'),
('ark', 'Arikap'),
('arl', 'Arabela'),
('arn', 'Mapudungun'),
('arn', 'Mapuche'),
('aro', 'Araona'),
('arp', 'Arapaho'),
('arq', 'Algerian Arabic'),
('arr', 'Karo (Brazil)'),
('ars', 'Najdi Arabic'),
('art', 'Artificial languages'),
('aru', 'Aru (Amazonas State)'),
('aru', 'Araw'),
('arv', 'Arbore'),
('arw', 'Arawak'),
('arx', 'Aru (Rodonia State)'),
('ary', 'Moroccan Arabic'),
('arz', 'Egyptian Arabic'),
('asa', 'Asu (Tanzania)'),
('asb', 'Assiniboine'),
('asc', 'Casuarina Coast Asmat'),
('asd', 'Asas'),
('ase', 'American Sign Language'),
('asf', 'Australian Sign Language'),
('asg', 'Cishingini'),
('ash', 'Abishira'),
('asi', 'Buruwai'),
('asj', 'Nsari'),
('ask', 'Ashkun'),
('asl', 'Asilulu'),
('asn', 'Xing Asurin'),
('aso', 'Dano'),
('asp', 'Algerian Sign Language'),
('asq', 'Austrian Sign Language'),
('asr', 'Asuri'),
('ass', 'Ipulo'),
('ast', 'Asturian'),
('ast', 'Asturleonese'),
('ast', 'Bable'),
('ast', 'Leonese'),
('asu', 'Tocantins Asurini'),
('asv', 'Asoa'),
('asw', 'Australian Aborigines Sign Language'),
('asx', 'Muratayak'),
('asy', 'Yaosakor Asmat'),
('asz', 'As'),
('ata', 'Pele-Ata'),
('atb', 'Zaiwa'),
('atc', 'Atsahuaca'),
('atd', 'Ata Manobo'),
('ate', 'Atemble'),
('atg', 'Ivbie North-Okpela-Arhe'),
('ath', 'Athapascan languages'),
('ati', 'Atti'),
('atj', 'Atikamekw'),
('atk', 'Ati'),
('atl', 'Mt. Iraya Agta'),
('atm', 'Ata'),
('atn', 'Ashtiani'),
('ato', 'Atong'),
('atp', 'Pudtol Atta'),
('atq', 'Aralle-Tabulahan'),
('atr', 'Waimiri-Atroari'),
('ats', 'Gros Ventre'),
('att', 'Pamplona Atta'),
('atu', 'Reel'),
('atv', 'Northern Altai'),
('atw', 'Atsugewi'),
('atx', 'Arutani'),
('aty', 'Aneityum'),
('atz', 'Arta'),
('aua', 'Asumboa'),
('aub', 'Alugu'),
('auc', 'Waorani'),
('aud', 'Anuta'),
('aue', 'Kx''au''ein'),
('auf', 'Arauan languages'),
('aug', 'Aguna'),
('auh', 'Aushi'),
('aui', 'Anuki'),
('auj', 'Awjilah'),
('auk', 'Heyo'),
('aul', 'Aulua'),
('aum', 'Asu (Nigeria)'),
('aun', 'Molmo One'),
('auo', 'Auyokawa'),
('aup', 'Makayam'),
('auq', 'Anus'),
('auq', 'Korur'),
('aur', 'Aruek'),
('aus', 'Australian languages'),
('aut', 'Austral'),
('auu', 'Auye'),
('auw', 'Awyi'),
('aux', 'Aur'),
('auy', 'Awiyaana'),
('auz', 'Uzbeki Arabic'),
('avb', 'Avau'),
('avd', 'Alviri-Vidari'),
('avi', 'Avikam'),
('avk', 'Kotava'),
('avl', 'Eastern Egyptian Bedawi Arabic'),
('avn', 'Avatime'),
('avo', 'Agavotaguerra'),
('avs', 'Aushiri'),
('avt', 'Au'),
('avu', 'Avokaya'),
('avv', 'Av-Canoeiro'),
('awa', 'Awadhi'),
('awb', 'Awa (Papua New Guinea)'),
('awc', 'Cicipu'),
('awd', 'Arawakan languages'),
('awe', 'Awet'),
('awh', 'Awbono'),
('awi', 'Aekyom'),
('awk', 'Awabakal'),
('awm', 'Arawum'),
('awn', 'Awngi'),
('awo', 'Awak'),
('awr', 'Awera'),
('aws', 'South Awyu'),
('awt', 'Arawet'),
('awu', 'Central Awyu'),
('awv', 'Jair Awyu'),
('aww', 'Awun'),
('awx', 'Awara'),
('awy', 'Edera Awyu'),
('axb', 'Abipon'),
('axg', 'Mato Grosso Arra'),
('axk', 'Yaka (Central African Republic)'),
('axm', 'Middle Armenian'),
('axx', 'Xaragure'),
('aya', 'Awar'),
('ayb', 'Ayizo Gbe'),
('ayc', 'Southern Aymara'),
('ayd', 'Ayabadhu'),
('aye', 'Ayere'),
('ayg', 'Ginyanga'),
('ayh', 'Hadrami Arabic'),
('ayi', 'Leyigha'),
('ayk', 'Akuku'),
('ayl', 'Libyan Arabic'),
('ayn', 'Sanaani Arabic'),
('ayo', 'Ayoreo'),
('ayp', 'North Mesopotamian Arabic'),
('ayq', 'Ayi (Papua New Guinea)'),
('ayr', 'Central Aymara'),
('ays', 'Sorsogon Ayta'),
('ayt', 'Magbukun Ayta'),
('ayu', 'Ayu'),
('ayx', 'Ayi (China)'),
('ayy', 'Tayabas Ayta'),
('ayz', 'Mai Brat'),
('aza', 'Azha'),
('azb', 'South Azerbaijani'),
('azc', 'Uto-Aztecan languages'),
('azg', 'San Pedro Amuzgos Amuzgo'),
('azj', 'North Azerbaijani'),
('azm', 'Ipalapa Amuzgo'),
('azo', 'Awing'),
('azt', 'Faire Atta'),
('azz', 'Highland Puebla Nahuatl'),
('baa', 'Babatana'),
('bab', 'Bainouk-Gunyuo'),
('bac', 'Badui'),
('bad', 'Banda languages'),
('bae', 'Bar'),
('baf', 'Nubaca'),
('bag', 'Tuki'),
('bah', 'Bahamas Creole English'),
('bai', 'Bamileke languages'),
('baj', 'Barakai'),
('bal', 'Baluchi'),
('ban', 'Balinese'),
('bao', 'Waimaha'),
('bap', 'Bantawa'),
('bar', 'Bavarian'),
('bas', 'Basa (Cameroon)'),
('bat', 'Baltic languages'),
('bau', 'Bada (Nigeria)'),
('bav', 'Vengo'),
('baw', 'Bambili-Bambui'),
('bax', 'Bamun'),
('bay', 'Batuley'),
('baz', 'Tunen'),
('bba', 'Baatonum'),
('bbb', 'Barai'),
('bbc', 'Batak Toba'),
('bbd', 'Bau'),
('bbe', 'Bangba'),
('bbf', 'Baibai'),
('bbg', 'Barama'),
('bbh', 'Bugan'),
('bbi', 'Barombi'),
('bbj', 'Ghoml'),
('bbk', 'Babanki'),
('bbl', 'Bats'),
('bbm', 'Babango'),
('bbn', 'Uneapa'),
('bbo', 'Northern Bobo Madar'),
('bbo', 'Konabr'),
('bbp', 'West Central Banda'),
('bbq', 'Bamali'),
('bbr', 'Girawa'),
('bbs', 'Bakpinka'),
('bbt', 'Mburku'),
('bbu', 'Kulung (Nigeria)'),
('bbv', 'Karnai'),
('bbw', 'Baba'),
('bbx', 'Bubia'),
('bby', 'Befang'),
('bbz', 'Babalia Creole Arabic'),
('bca', 'Central Bai'),
('bcb', 'Bainouk-Samik'),
('bcc', 'Southern Balochi'),
('bcd', 'North Babar'),
('bce', 'Bamenyam'),
('bcf', 'Bamu'),
('bcg', 'Baga Binari'),
('bch', 'Bariai'),
('bci', 'Baoul'),
('bcj', 'Bardi'),
('bck', 'Bunaba'),
('bcl', 'Central Bicolano'),
('bcm', 'Bannoni'),
('bcn', 'Bali (Nigeria)'),
('bco', 'Kaluli'),
('bcp', 'Bali (Democratic Republic of Congo)'),
('bcq', 'Bench'),
('bcr', 'Babine'),
('bcs', 'Kohumono'),
('bct', 'Bendi'),
('bcu', 'Awad Bing'),
('bcv', 'Shoo-Minda-Nye'),
('bcw', 'Bana'),
('bcy', 'Bacama'),
('bcz', 'Bainouk-Gunyaamolo'),
('bda', 'Bayot'),
('bdb', 'Basap'),
('bdc', 'Ember-Baud'),
('bdd', 'Bunama'),
('bde', 'Bade'),
('bdf', 'Biage'),
('bdg', 'Bonggi'),
('bdh', 'Baka (Sudan)'),
('bdi', 'Burun'),
('bdj', 'Bai'),
('bdk', 'Budukh'),
('bdl', 'Indonesian Bajau'),
('bdm', 'Buduma'),
('bdn', 'Baldemu'),
('bdo', 'Morom'),
('bdp', 'Bende'),
('bdq', 'Bahnar'),
('bdr', 'West Coast Bajau'),
('bds', 'Burunge'),
('bdt', 'Bokoto'),
('bdu', 'Oroko'),
('bdv', 'Bodo Parja'),
('bdw', 'Baham'),
('bdx', 'Budong-Budong'),
('bdy', 'Bandjalang'),
('bdz', 'Badeshi'),
('bea', 'Beaver'),
('beb', 'Bebele'),
('bec', 'Iceve-Maci'),
('bed', 'Bedoanas'),
('bee', 'Byangsi'),
('bef', 'Benabena'),
('beg', 'Belait'),
('beh', 'Biali'),
('bei', 'Bekati'),
('bej', 'Beja'),
('bej', 'Bedawiyet'),
('bek', 'Bebeli'),
('bem', 'Bemba (Zambia)'),
('beo', 'Beami'),
('bep', 'Besoa'),
('beq', 'Beembe'),
('ber', 'Berber languages'),
('bes', 'Besme'),
('bet', 'Guiberoua Bte'),
('beu', 'Blagar'),
('bev', 'Daloa Bt'),
('bew', 'Betawi'),
('bex', 'Jur Modo'),
('bey', 'Beli (Papua New Guinea)'),
('bez', 'Bena (Tanzania)'),
('bfa', 'Bari'),
('bfb', 'Pauri Bareli'),
('bfc', 'Northern Bai'),
('bfd', 'Bafut'),
('bfe', 'Betaf'),
('bfe', 'Tena'),
('bff', 'Bofi'),
('bfg', 'Busang Kayan'),
('bfh', 'Blafe'),
('bfi', 'British Sign Language'),
('bfj', 'Bafanji'),
('bfk', 'Ban Khor Sign Language'),
('bfl', 'Banda-Ndl'),
('bfm', 'Mmen'),
('bfn', 'Bunak'),
('bfo', 'Malba Birifor'),
('bfp', 'Beba'),
('bfq', 'Badaga'),
('bfr', 'Bazigar'),
('bfs', 'Southern Bai'),
('bft', 'Balti'),
('bfu', 'Gahri'),
('bfw', 'Bondo'),
('bfx', 'Bantayanon'),
('bfy', 'Bagheli'),
('bfz', 'Mahasu Pahari'),
('bga', 'Gwamhi-Wuri'),
('bgb', 'Bobongko'),
('bgc', 'Haryanvi'),
('bgd', 'Rathwi Bareli'),
('bge', 'Bauria'),
('bgf', 'Bangandu'),
('bgg', 'Bugun'),
('bgi', 'Giangan'),
('bgj', 'Bangolan'),
('bgk', 'Bit'),
('bgk', 'Buxinhua'),
('bgl', 'Bo (Laos)'),
('bgm', 'Baga Mboteni'),
('bgn', 'Western Balochi'),
('bgo', 'Baga Koga'),
('bgp', 'Eastern Balochi'),
('bgq', 'Bagri'),
('bgr', 'Bawm Chin'),
('bgs', 'Tagabawa'),
('bgt', 'Bughotu'),
('bgu', 'Mbongno'),
('bgv', 'Warkay-Bipim'),
('bgw', 'Bhatri'),
('bgx', 'Balkan Gagauz Turkish'),
('bgy', 'Benggoi'),
('bgz', 'Banggai'),
('bha', 'Bharia'),
('bhb', 'Bhili'),
('bhc', 'Biga'),
('bhd', 'Bhadrawahi'),
('bhe', 'Bhaya'),
('bhf', 'Odiai'),
('bhg', 'Binandere'),
('bhh', 'Bukharic'),
('bhi', 'Bhilali'),
('bhj', 'Bahing'),
('bhk', 'Albay Bicolano'),
('bhl', 'Bimin'),
('bhm', 'Bathari'),
('bhn', 'Bohtan Neo-Aramaic'),
('bho', 'Bhojpuri'),
('bhp', 'Bima'),
('bhq', 'Tukang Besi South'),
('bhr', 'Bara Malagasy'),
('bhs', 'Buwal'),
('bht', 'Bhattiyali'),
('bhu', 'Bhunjia'),
('bhv', 'Bahau'),
('bhw', 'Biak'),
('bhx', 'Bhalay'),
('bhy', 'Bhele'),
('bhz', 'Bada (Indonesia)'),
('bia', 'Badimaya'),
('bib', 'Bissa'),
('bib', 'Bisa'),
('bic', 'Bikaru'),
('bid', 'Bidiyo'),
('bie', 'Bepour'),
('bif', 'Biafada'),
('big', 'Biangai'),
('bij', 'Vaghat-Ya-Bijim-Legeri'),
('bik', 'Bikol'),
('bil', 'Bile'),
('bim', 'Bimoba'),
('bin', 'Bini'),
('bin', 'Edo'),
('bio', 'Nai'),
('bip', 'Bila'),
('biq', 'Bipi'),
('bir', 'Bisorio'),
('bit', 'Berinomo'),
('biu', 'Biete'),
('biv', 'Southern Birifor'),
('biw', 'Kol (Cameroon)'),
('bix', 'Bijori'),
('biy', 'Birhor'),
('biz', 'Baloi'),
('bja', 'Budza'),
('bjb', 'Banggarla'),
('bjc', 'Bariji'),
('bjd', 'Bandjigali'),
('bje', 'Biao-Jiao Mien'),
('bjf', 'Barzani Jewish Neo-Aramaic'),
('bjg', 'Bidyogo'),
('bjh', 'Bahinemo'),
('bji', 'Burji'),
('bjj', 'Kanauji'),
('bjk', 'Barok'),
('bjl', 'Bulu (Papua New Guinea)'),
('bjm', 'Bajelani'),
('bjn', 'Banjar'),
('bjo', 'Mid-Southern Banda'),
('bjq', 'Southern Betsimisaraka Malagasy'),
('bjr', 'Binumarien'),
('bjs', 'Bajan'),
('bjt', 'Balanta-Ganja'),
('bju', 'Busuu'),
('bjv', 'Bedjond'),
('bjw', 'Bakw'),
('bjx', 'Banao Itneg'),
('bjy', 'Bayali'),
('bjz', 'Baruga'),
('bka', 'Kyak'),
('bkb', 'Finallig'),
('bkc', 'Baka (Cameroon)'),
('bkd', 'Binukid'),
('bkd', 'Talaandig'),
('bkf', 'Beeke'),
('bkg', 'Buraka'),
('bkh', 'Bakoko'),
('bki', 'Baki'),
('bkj', 'Pande'),
('bkk', 'Brokskat'),
('bkl', 'Berik'),
('bkm', 'Kom (Cameroon)'),
('bkn', 'Bukitan'),
('bko', 'Kwa'),
('bkp', 'Boko (Democratic Republic of Congo)'),
('bkq', 'Bakair'),
('bkr', 'Bakumpai'),
('bks', 'Northern Sorsoganon'),
('bkt', 'Boloki'),
('bku', 'Buhid'),
('bkv', 'Bekwarra'),
('bkw', 'Bekwel'),
('bkx', 'Baikeno'),
('bky', 'Bokyi'),
('bkz', 'Bungku'),
('bla', 'Siksika'),
('blb', 'Bilua'),
('blc', 'Bella Coola'),
('bld', 'Bolango'),
('ble', 'Balanta-Kentohe'),
('blf', 'Buol'),
('blg', 'Balau'),
('blh', 'Kuwaa'),
('bli', 'Bolia'),
('blj', 'Bolongan'),
('blk', 'Pa''o Karen'),
('bll', 'Biloxi'),
('blm', 'Beli (Sudan)'),
('bln', 'Southern Catanduanes Bicolano'),
('blo', 'Anii'),
('blp', 'Blablanga'),
('blq', 'Baluan-Pam'),
('blr', 'Blang'),
('bls', 'Balaesang'),
('blt', 'Tai Dam'),
('blv', 'Bolo'),
('blw', 'Balangao'),
('blx', 'Mag-Indi Ayta'),
('bly', 'Notre'),
('blz', 'Balantak'),
('bma', 'Lame'),
('bmb', 'Bembe'),
('bmc', 'Biem'),
('bmd', 'Baga Manduri'),
('bme', 'Limassa'),
('bmf', 'Bom'),
('bmg', 'Bamwe'),
('bmh', 'Kein'),
('bmi', 'Bagirmi'),
('bmj', 'Bote-Majhi'),
('bmk', 'Ghayavi'),
('bml', 'Bomboli'),
('bmm', 'Northern Betsimisaraka Malagasy'),
('bmn', 'Bina (Papua New Guinea)'),
('bmo', 'Bambalang'),
('bmp', 'Bulgebi'),
('bmq', 'Bomu'),
('bmr', 'Muinane'),
('bms', 'Bilma Kanuri'),
('bmt', 'Biao Mon'),
('bmu', 'Somba-Siawari'),
('bmv', 'Bum'),
('bmw', 'Bomwali'),
('bmx', 'Baimak'),
('bmy', 'Bemba (Democratic Republic of Congo)'),
('bmz', 'Baramu'),
('bna', 'Bonerate'),
('bnb', 'Bookan'),
('bnc', 'Bontok'),
('bnd', 'Banda (Indonesia)'),
('bne', 'Bintauna'),
('bnf', 'Masiwang'),
('bng', 'Benga'),
('bni', 'Bangi'),
('bnj', 'Eastern Tawbuid'),
('bnk', 'Bierebo'),
('bnl', 'Boon'),
('bnm', 'Batanga'),
('bnn', 'Bunun'),
('bno', 'Bantoanon'),
('bnp', 'Bola'),
('bnq', 'Bantik'),
('bnr', 'Butmas-Tur'),
('bns', 'Bundeli'),
('bnt', 'Bantu languages'),
('bnu', 'Bentong'),
('bnv', 'Bonerif'),
('bnv', 'Beneraf'),
('bnv', 'Edwas'),
('bnw', 'Bisis'),
('bnx', 'Bangubangu'),
('bny', 'Bintulu'),
('bnz', 'Beezen'),
('boa', 'Bora'),
('bob', 'Aweer'),
('boe', 'Mundabli'),
('bof', 'Bolon'),
('bog', 'Bamako Sign Language'),
('boh', 'Boma'),
('boi', 'Barbareo'),
('boj', 'Anjam'),
('bok', 'Bonjo'),
('bol', 'Bole'),
('bom', 'Berom'),
('bon', 'Bine'),
('boo', 'Tiemacw Bozo'),
('bop', 'Bonkiman'),
('boq', 'Bogaya'),
('bor', 'Borro'),
('bot', 'Bongo'),
('bou', 'Bondei'),
('bov', 'Tuwuli'),
('bow', 'Rema'),
('box', 'Buamu'),
('boy', 'Bodo (Central African Republic)'),
('boz', 'Tiyaxo Bozo'),
('bpa', 'Dakaka'),
('bpb', 'Barbacoas'),
('bpd', 'Banda-Banda'),
('bpg', 'Bonggo'),
('bph', 'Botlikh'),
('bpi', 'Bagupi'),
('bpj', 'Binji'),
('bpk', 'Orowe'),
('bpl', 'Broome Pearling Lugger Pidgin'),
('bpm', 'Biyom'),
('bpn', 'Dzao Min'),
('bpo', 'Anasi'),
('bpp', 'Kaure'),
('bpq', 'Banda Malay'),
('bpr', 'Koronadal Blaan'),
('bps', 'Sarangani Blaan'),
('bpt', 'Barrow Point'),
('bpu', 'Bongu'),
('bpv', 'Bian Marind'),
('bpw', 'Bo (Papua New Guinea)'),
('bpx', 'Palya Bareli'),
('bpy', 'Bishnupriya'),
('bpz', 'Bilba'),
('bqa', 'Tchumbuli'),
('bqb', 'Bagusa'),
('bqc', 'Boko (Benin)'),
('bqd', 'Bung'),
('bqf', 'Baga Kaloum'),
('bqg', 'Bago-Kusuntu'),
('bqh', 'Baima'),
('bqi', 'Bakhtiari'),
('bqj', 'Bandial'),
('bqk', 'Banda-Mbrs'),
('bql', 'Bilakura'),
('bqm', 'Wumboko'),
('bqn', 'Bulgarian Sign Language'),
('bqo', 'Balo'),
('bqp', 'Busa'),
('bqq', 'Biritai'),
('bqr', 'Burusu'),
('bqs', 'Bosngun'),
('bqt', 'Bamukumbit'),
('bqu', 'Boguru'),
('bqv', 'Begbere-Ejar'),
('bqw', 'Buru (Nigeria)'),
('bqx', 'Baangi'),
('bqy', 'Bengkala Sign Language'),
('bqz', 'Bakaka'),
('bra', 'Braj'),
('brb', 'Lave'),
('brc', 'Berbice Creole Dutch'),
('brd', 'Baraamu'),
('brf', 'Bera'),
('brg', 'Baure'),
('brh', 'Brahui'),
('bri', 'Mokpwe'),
('brj', 'Bieria'),
('brk', 'Birked'),
('brl', 'Birwa'),
('brm', 'Barambu'),
('brn', 'Boruca'),
('bro', 'Brokkat'),
('brp', 'Barapasi'),
('brq', 'Breri'),
('brr', 'Birao'),
('brs', 'Baras'),
('brt', 'Bitare'),
('bru', 'Eastern Bru'),
('brv', 'Western Bru'),
('brw', 'Bellari'),
('brx', 'Bodo (India)'),
('bry', 'Burui'),
('brz', 'Bilbil'),
('bsa', 'Abinomn'),
('bsb', 'Brunei Bisaya'),
('bsc', 'Bassari'),
('bsc', 'Oniyan'),
('bse', 'Wushi'),
('bsf', 'Bauchi'),
('bsg', 'Bashkardi'),
('bsh', 'Kati'),
('bsi', 'Bassossi'),
('bsj', 'Bangwinji'),
('bsk', 'Burushaski'),
('bsl', 'Basa-Gumna'),
('bsm', 'Busami'),
('bsn', 'Barasana-Eduria'),
('bso', 'Buso'),
('bsp', 'Baga Sitemu'),
('bsq', 'Bassa'),
('bsr', 'Bassa-Kontagora'),
('bss', 'Akoose'),
('bst', 'Basketo'),
('bsu', 'Bahonsuai'),
('bsv', 'Baga Soban'),
('bsw', 'Baiso'),
('bsx', 'Yangkam'),
('bsy', 'Sabah Bisaya'),
('bta', 'Bata'),
('btb', 'Beti (Cameroon)'),
('btc', 'Bati (Cameroon)'),
('btd', 'Batak Dairi'),
('bte', 'Gamo-Ningi'),
('btf', 'Birgit'),
('btg', 'Gagnoa Bt'),
('bth', 'Biatah Bidayuh'),
('bti', 'Burate'),
('btj', 'Bacanese Malay'),
('btk', 'Batak languages'),
('btl', 'Bhatola'),
('btm', 'Batak Mandailing'),
('btn', 'Ratagnon'),
('bto', 'Rinconada Bikol'),
('btp', 'Budibud'),
('btq', 'Batek'),
('btr', 'Baetora'),
('bts', 'Batak Simalungun'),
('btt', 'Bete-Bendi'),
('btu', 'Batu'),
('btv', 'Bateri'),
('btw', 'Butuanon'),
('btx', 'Batak Karo'),
('bty', 'Bobot'),
('btz', 'Batak Alas-Kluet'),
('bua', 'Buriat'),
('bub', 'Bua'),
('buc', 'Bushi'),
('bud', 'Ntcham'),
('bue', 'Beothuk'),
('buf', 'Bushoong'),
('bug', 'Buginese'),
('buh', 'Younuo Bunu'),
('bui', 'Bongili'),
('buj', 'Basa-Gurmana'),
('buk', 'Bugawac'),
('bum', 'Bulu (Cameroon)'),
('bun', 'Sherbro'),
('buo', 'Terei'),
('bup', 'Busoa'),
('buq', 'Brem'),
('bus', 'Bokobaru'),
('but', 'Bungain'),
('buu', 'Budu'),
('buv', 'Bun'),
('buw', 'Bubi'),
('bux', 'Boghom'),
('buy', 'Bullom So'),
('buz', 'Bukwen'),
('bva', 'Barein'),
('bvb', 'Bube'),
('bvc', 'Baelelea'),
('bvd', 'Baeggu'),
('bve', 'Berau Malay'),
('bvf', 'Boor'),
('bvg', 'Bonkeng'),
('bvh', 'Bure'),
('bvi', 'Belanda Viri'),
('bvj', 'Baan'),
('bvk', 'Bukat'),
('bvl', 'Bolivian Sign Language'),
('bvm', 'Bamunka'),
('bvn', 'Buna'),
('bvo', 'Bolgo'),
('bvq', 'Birri'),
('bvr', 'Burarra'),
('bvt', 'Bati (Indonesia)'),
('bvu', 'Bukit Malay'),
('bvv', 'Baniva'),
('bvw', 'Boga'),
('bvx', 'Dibole'),
('bvy', 'Baybayanon'),
('bvz', 'Bauzi'),
('bwa', 'Bwatoo'),
('bwb', 'Namosi-Naitasiri-Serua'),
('bwc', 'Bwile'),
('bwd', 'Bwaidoka'),
('bwe', 'Bwe Karen'),
('bwf', 'Boselewa'),
('bwg', 'Barwe'),
('bwh', 'Bishuo'),
('bwi', 'Baniwa'),
('bwj', 'L L Bwamu'),
('bwk', 'Bauwaki'),
('bwl', 'Bwela'),
('bwm', 'Biwat'),
('bwn', 'Wunai Bunu'),
('bwo', 'Boro (Ethiopia)'),
('bwo', 'Borna (Ethiopia)'),
('bwp', 'Mandobo Bawah'),
('bwq', 'Southern Bobo Madar'),
('bwr', 'Bura-Pabir'),
('bws', 'Bomboma'),
('bwt', 'Bafaw-Balong'),
('bwu', 'Buli (Ghana)'),
('bww', 'Bwa'),
('bwx', 'Bu-Nao Bunu'),
('bwy', 'Cwi Bwamu'),
('bwz', 'Bwisi'),
('bxa', 'Bauro'),
('bxb', 'Belanda Bor'),
('bxc', 'Molengue'),
('bxd', 'Pela'),
('bxe', 'Birale'),
('bxf', 'Bilur'),
('bxg', 'Bangala'),
('bxh', 'Buhutu'),
('bxi', 'Pirlatapa'),
('bxj', 'Bayungu'),
('bxk', 'Bukusu'),
('bxk', 'Lubukusu'),
('bxl', 'Jalkunan'),
('bxm', 'Mongolia Buriat'),
('bxn', 'Burduna'),
('bxo', 'Barikanchi'),
('bxp', 'Bebil'),
('bxq', 'Beele'),
('bxr', 'Russia Buriat'),
('bxs', 'Busam'),
('bxu', 'China Buriat'),
('bxv', 'Berakou'),
('bxw', 'Bankagooma'),
('bxx', 'Borna (Democratic Republic of Congo)'),
('bxz', 'Binahari'),
('bya', 'Batak'),
('byb', 'Bikya'),
('byc', 'Ubaghara'),
('byd', 'Benyadu'),
('bye', 'Pouye'),
('byf', 'Bete'),
('byg', 'Baygo'),
('byh', 'Bhujel'),
('byi', 'Buyu'),
('byj', 'Bina (Nigeria)'),
('byk', 'Biao'),
('byl', 'Bayono'),
('bym', 'Bidyara'),
('byn', 'Bilin'),
('byn', 'Blin'),
('byo', 'Biyo'),
('byp', 'Bumaji'),
('byq', 'Basay'),
('byr', 'Baruya'),
('bys', 'Burak'),
('byt', 'Berti'),
('byv', 'Medumba'),
('byw', 'Belhariya'),
('byx', 'Qaqet'),
('byy', 'Buya'),
('byz', 'Banaro'),
('bza', 'Bandi'),
('bzb', 'Andio'),
('bzc', 'Southern Betsimisaraka Malagasy'),
('bzd', 'Bribri'),
('bze', 'Jenaama Bozo'),
('bzf', 'Boikin'),
('bzg', 'Babuza'),
('bzh', 'Mapos Buang'),
('bzi', 'Bisu'),
('bzj', 'Belize Kriol English'),
('bzk', 'Nicaragua Creole English'),
('bzl', 'Boano (Sulawesi)'),
('bzm', 'Bolondo'),
('bzn', 'Boano (Maluku)'),
('bzo', 'Bozaba'),
('bzp', 'Kemberano'),
('bzq', 'Buli (Indonesia)'),
('bzr', 'Biri'),
('bzs', 'Brazilian Sign Language'),
('bzt', 'Brithenig'),
('bzu', 'Burmeso'),
('bzv', 'Bebe'),
('bzw', 'Basa (Nigeria)'),
('bzx', 'K?l?ngaxo Bozo'),
('bzy', 'Obanliku'),
('bzz', 'Evant'),
('caa', 'Chort'),
('cab', 'Garifuna'),
('cac', 'Chuj'),
('cad', 'Caddo'),
('cae', 'Lehar'),
('cae', 'Laalaa'),
('caf', 'Southern Carrier'),
('cag', 'Nivacl'),
('cah', 'Cahuarano'),
('cai', 'Central American Indian languages'),
('caj', 'Chan'),
('cak', 'Kaqchikel'),
('cak', 'Cakchiquel'),
('cal', 'Carolinian'),
('cam', 'Cemuh'),
('can', 'Chambri'),
('cao', 'Chcobo'),
('cap', 'Chipaya'),
('caq', 'Car Nicobarese'),
('car', 'Galibi Carib'),
('cas', 'Tsiman'),
('cau', 'Caucasian languages'),
('cav', 'Cavinea'),
('caw', 'Callawalla'),
('cax', 'Chiquitano'),
('cay', 'Cayuga'),
('caz', 'Canichana'),
('cba', 'Chibchan languages'),
('cbb', 'Cabiyar'),
('cbc', 'Carapana'),
('cbd', 'Carijona'),
('cbe', 'Chipiajes'),
('cbg', 'Chimila'),
('cbh', 'Cagua'),
('cbi', 'Chachi'),
('cbj', 'Ede Cabe'),
('cbk', 'Chavacano'),
('cbl', 'Bualkhaw Chin'),
('cbn', 'Nyahkur'),
('cbo', 'Izora'),
('cbr', 'Cashibo-Cacataibo'),
('cbs', 'Cashinahua'),
('cbt', 'Chayahuita'),
('cbu', 'Candoshi-Shapra'),
('cbv', 'Cacua'),
('cbw', 'Kinabalian'),
('cby', 'Carabayo'),
('cca', 'Cauca'),
('ccc', 'Chamicuro'),
('ccd', 'Cafundo Creole'),
('cce', 'Chopi'),
('ccg', 'Samba Daka'),
('cch', 'Atsam'),
('ccj', 'Kasanga'),
('ccl', 'Cutchi-Swahili'),
('ccm', 'Malaccan Creole Malay'),
('ccn', 'North Caucasian languages'),
('cco', 'Comaltepec Chinantec'),
('ccp', 'Chakma'),
('ccq', 'Chaungtha'),
('ccr', 'Cacaopera'),
('ccs', 'South Caucasian languages'),
('cda', 'Choni'),
('cdc', 'Chadic languages'),
('cdd', 'Caddoan languages'),
('cde', 'Chenchu'),
('cdf', 'Chiru'),
('cdg', 'Chamari'),
('cdh', 'Chambeali'),
('cdi', 'Chodri'),
('cdj', 'Churahi'),
('cdm', 'Chepang'),
('cdn', 'Chaudangsi'),
('cdo', 'Min Dong Chinese'),
('cdr', 'Cinda-Regi-Tiyal'),
('cds', 'Chadian Sign Language'),
('cdy', 'Chadong'),
('cdz', 'Koda'),
('cea', 'Lower Chehalis'),
('ceb', 'Cebuano'),
('ceg', 'Chamacoco'),
('cel', 'Celtic languages'),
('cen', 'Cen'),
('cet', 'Centm'),
('cfa', 'Dijim-Bwilim'),
('cfd', 'Cara'),
('cfg', 'Como Karim'),
('cfm', 'Falam Chin'),
('cga', 'Changriwa'),
('cgc', 'Kagayanen'),
('cgg', 'Chiga'),
('cgk', 'Chocangacakha'),
('chb', 'Chibcha'),
('chc', 'Catawba'),
('chd', 'Highland Oaxaca Chontal'),
('chf', 'Tabasco Chontal'),
('chg', 'Chagatai'),
('chh', 'Chinook'),
('chj', 'Ojitln Chinantec'),
('chk', 'Chuukese'),
('chl', 'Cahuilla'),
('chm', 'Mari (Russia)'),
('chn', 'Chinook jargon'),
('cho', 'Choctaw'),
('chp', 'Chipewyan'),
('chp', 'Dene Suline'),
('chq', 'Quiotepec Chinantec'),
('chr', 'Cherokee'),
('cht', 'Choln'),
('chw', 'Chuwabu'),
('chx', 'Chantyal'),
('chy', 'Cheyenne'),
('chz', 'Ozumacn Chinantec'),
('cia', 'Cia-Cia'),
('cib', 'Ci Gbe'),
('cic', 'Chickasaw'),
('cid', 'Chimariko'),
('cie', 'Cineni'),
('cih', 'Chinali'),
('cik', 'Chitkuli Kinnauri'),
('cim', 'Cimbrian'),
('cin', 'Cinta Larga'),
('cip', 'Chiapanec'),
('cir', 'Tiri'),
('ciw', 'Chippewa'),
('ciy', 'Chaima'),
('cja', 'Western Cham'),
('cje', 'Chru'),
('cjh', 'Upper Chehalis'),
('cji', 'Chamalal'),
('cjk', 'Chokwe'),
('cjm', 'Eastern Cham'),
('cjn', 'Chenapian'),
('cjo', 'Ashninka Pajonal'),
('cjp', 'Cabcar'),
('cjr', 'Chorotega'),
('cjs', 'Shor'),
('cjv', 'Chuave'),
('cjy', 'Jinyu Chinese'),
('cka', 'Khumi Awa Chin'),
('ckb', 'Central Kurdish'),
('ckh', 'Chak'),
('ckl', 'Cibak'),
('cko', 'Anufo'),
('ckq', 'Kajakse'),
('ckr', 'Kairak'),
('cks', 'Tayo'),
('ckt', 'Chukot'),
('cku', 'Koasati'),
('ckv', 'Kavalan'),
('ckx', 'Caka'),
('cky', 'Cakfem-Mushere'),
('ckz', 'Cakchiquel-Quich Mixed Language'),
('cla', 'Ron'),
('clc', 'Chilcotin'),
('cld', 'Chaldean Neo-Aramaic'),
('cle', 'Lealao Chinantec'),
('clh', 'Chilisso'),
('cli', 'Chakali'),
('clk', 'Idu-Mishmi'),
('cll', 'Chala'),
('clm', 'Clallam'),
('clo', 'Lowland Oaxaca Chontal'),
('clu', 'Caluyanun'),
('clw', 'Chulym'),
('cly', 'Eastern Highland Chatino'),
('cma', 'Maa'),
('cmc', 'Chamic languages'),
('cme', 'Cerma'),
('cmg', 'Classical Mongolian'),
('cmi', 'Ember-Cham'),
('cmk', 'Chimakum'),
('cml', 'Campalagian'),
('cmm', 'Michigamea'),
('cmn', 'Mandarin Chinese'),
('cmo', 'Central Mnong'),
('cmr', 'Mro Chin'),
('cms', 'Messapic'),
('cmt', 'Camtho'),
('cna', 'Changthang'),
('cnb', 'Chinbon Chin'),
('cnc', 'Cng'),
('cng', 'Northern Qiang'),
('cnh', 'Haka Chin'),
('cni', 'Ashninka'),
('cnk', 'Khumi Chin'),
('cnl', 'Lalana Chinantec'),
('cno', 'Con'),
('cns', 'Central Asmat'),
('cnt', 'Tepetotutla Chinantec'),
('cnu', 'Chenoua'),
('cnw', 'Ngawn Chin'),
('cnx', 'Middle Cornish'),
('coa', 'Cocos Islands Malay'),
('cob', 'Chicomuceltec'),
('coc', 'Cocopa'),
('cod', 'Cocama-Cocamilla'),
('coe', 'Koreguaje'),
('cof', 'Colorado'),
('cog', 'Chong'),
('coh', 'Chonyi-Dzihana-Kauma'),
('coh', 'Chichonyi-Chidzihana-Chikauma'),
('coj', 'Cochimi'),
('cok', 'Santa Teresa Cora'),
('col', 'Columbia-Wenatchi'),
('com', 'Comanche'),
('con', 'Cofn'),
('coo', 'Comox'),
('cop', 'Coptic'),
('coq', 'Coquille'),
('cot', 'Caquinte'),
('cou', 'Wamey'),
('cov', 'Cao Miao'),
('cow', 'Cowlitz'),
('cox', 'Nanti'),
('coy', 'Coyaima'),
('coz', 'Chochotec'),
('cpa', 'Palantla Chinantec'),
('cpb', 'Ucayali-Yura Ashninka'),
('cpc', 'Ajyninka Apurucayali'),
('cpe', 'English-based creoles and pidgins'),
('cpf', 'French-based creoles and pidgins'),
('cpg', 'Cappadocian Greek'),
('cpi', 'Chinese Pidgin English'),
('cpn', 'Cherepon'),
('cpp', 'Portuguese-based creoles and pidgins'),
('cps', 'Capiznon'),
('cpu', 'Pichis Ashninka'),
('cpx', 'Pu-Xian Chinese'),
('cpy', 'South Ucayali Ashninka'),
('cqd', 'Chuanqiandian Cluster Miao'),
('cqu', 'Chilean Quechua'),
('cra', 'Chara'),
('crb', 'Island Carib'),
('crc', 'Lonwolwol'),
('crd', 'Coeur d''Alene'),
('crf', 'Caramanta'),
('crg', 'Michif'),
('crh', 'Crimean Tatar'),
('crh', 'Crimean Turkish'),
('cri', 'Sotomense'),
('crj', 'Southern East Cree'),
('crk', 'Plains Cree'),
('crl', 'Northern East Cree'),
('crm', 'Moose Cree'),
('crn', 'El Nayar Cora'),
('cro', 'Crow'),
('crp', 'Creoles and pidgins'),
('crq', 'Iyo''wujwa Chorote'),
('crr', 'Carolina Algonquian'),
('crs', 'Seselwa Creole French'),
('crt', 'Iyojwa''ja Chorote'),
('crv', 'Chaura'),
('crw', 'Chrau'),
('crx', 'Carrier'),
('cry', 'Cori'),
('crz', 'Cruzeo'),
('csa', 'Chiltepec Chinantec'),
('csb', 'Kashubian'),
('csc', 'Catalan Sign Language'),
('csc', 'Lengua de seas catalana'),
('csc', 'Llengua de Signes Catalana'),
('csd', 'Chiangmai Sign Language'),
('cse', 'Czech Sign Language'),
('csf', 'Cuba Sign Language'),
('csg', 'Chilean Sign Language'),
('csh', 'Asho Chin'),
('csi', 'Coast Miwok'),
('csk', 'Jola-Kasa'),
('csl', 'Chinese Sign Language'),
('csm', 'Central Sierra Miwok'),
('csn', 'Colombian Sign Language'),
('cso', 'Sochiapam Chinantec'),
('cso', 'Sochiapan Chinantec'),
('csq', 'Croatia Sign Language'),
('csr', 'Costa Rican Sign Language'),
('css', 'Southern Ohlone'),
('cst', 'Northern Ohlone'),
('csu', 'Central Sudanic languages'),
('csw', 'Swampy Cree'),
('csy', 'Siyin Chin'),
('csz', 'Coos'),
('cta', 'Tataltepec Chatino'),
('ctc', 'Chetco'),
('ctd', 'Tedim Chin'),
('cte', 'Tepinapa Chinantec'),
('ctg', 'Chittagonian'),
('ctl', 'Tlacoatzintepec Chinantec'),
('ctm', 'Chitimacha'),
('ctn', 'Chhintange'),
('cto', 'Ember-Cato'),
('ctp', 'Western Highland Chatino'),
('cts', 'Northern Catanduanes Bicolano'),
('ctt', 'Wayanad Chetti'),
('ctu', 'Chol'),
('ctz', 'Zacatepec Chatino'),
('cua', 'Cua'),
('cub', 'Cubeo'),
('cuc', 'Usila Chinantec'),
('cug', 'Cung'),
('cuh', 'Chuka'),
('cuh', 'Gichuka'),
('cui', 'Cuiba'),
('cuj', 'Mashco Piro'),
('cuk', 'San Blas Kuna'),
('cul', 'Culina'),
('cul', 'Kulina'),
('cum', 'Cumeral'),
('cuo', 'Cumanagoto'),
('cup', 'Cupeo'),
('cuq', 'Cun'),
('cur', 'Chhulung'),
('cus', 'Cushitic languages'),
('cut', 'Teutila Cuicatec'),
('cuu', 'Tai Ya'),
('cuv', 'Cuvok'),
('cuw', 'Chukwa'),
('cux', 'Tepeuxila Cuicatec'),
('cvg', 'Chug'),
('cvn', 'Valle Nacional Chinantec'),
('cwa', 'Kabwa'),
('cwb', 'Maindo'),
('cwd', 'Woods Cree'),
('cwe', 'Kwere'),
('cwg', 'Chewong'),
('cwg', 'Cheq Wong'),
('cwt', 'Kuwaataay'),
('cya', 'Nopala Chatino'),
('cyb', 'Cayubaba'),
('cyo', 'Cuyonon'),
('czh', 'Huizhou Chinese'),
('czk', 'Knaanic'),
('czn', 'Zenzontepec Chatino'),
('czo', 'Min Zhong Chinese'),
('czt', 'Zotung Chin'),
('daa', 'Dangalat'),
('dac', 'Dambi'),
('dad', 'Marik'),
('dae', 'Duupa'),
('daf', 'Dan'),
('dag', 'Dagbani'),
('dah', 'Gwahatike'),
('dai', 'Day'),
('daj', 'Dar Fur Daju'),
('dak', 'Dakota'),
('dal', 'Dahalo'),
('dam', 'Damakawa'),
('dao', 'Daai Chin'),
('dap', 'Nisi (India)'),
('daq', 'Dandami Maria'),
('dar', 'Dargwa'),
('das', 'Daho-Doo'),
('dau', 'Dar Sila Daju'),
('dav', 'Taita'),
('dav', 'Dawida'),
('daw', 'Davawenyo'),
('dax', 'Dayi'),
('day', 'Land Dayak languages'),
('daz', 'Dao'),
('dba', 'Bangi Me'),
('dbb', 'Deno'),
('dbd', 'Dadiya'),
('dbe', 'Dabe'),
('dbf', 'Edopi'),
('dbg', 'Dogul Dom Dogon'),
('dbi', 'Doka'),
('dbj', 'Ida''an'),
('dbl', 'Dyirbal'),
('dbm', 'Duguri'),
('dbn', 'Duriankere'),
('dbo', 'Dulbu'),
('dbp', 'Duwai'),
('dbq', 'Daba'),
('dbr', 'Dabarre'),
('dbu', 'Bondum Dom Dogon'),
('dbv', 'Dungu'),
('dby', 'Dibiyaso'),
('dcc', 'Deccan'),
('dcr', 'Negerhollands'),
('ddd', 'Dongotono'),
('dde', 'Doondo'),
('ddg', 'Fataluku'),
('ddi', 'West Goodenough'),
('ddj', 'Jaru'),
('ddn', 'Dendi (Benin)'),
('ddo', 'Dido'),
('dds', 'Donno So Dogon'),
('ddw', 'Dawera-Daweloor'),
('dec', 'Dagik'),
('ded', 'Dedua'),
('dee', 'Dewoin'),
('def', 'Dezfuli'),
('deg', 'Degema'),
('deh', 'Dehwari'),
('dei', 'Demisa'),
('dek', 'Dek'),
('del', 'Delaware'),
('dem', 'Dem'),
('den', 'Slave (Athapascan)'),
('dep', 'Pidgin Delaware'),
('deq', 'Dendi (Central African Republic)'),
('der', 'Deori'),
('des', 'Desano'),
('dev', 'Domung'),
('dez', 'Dengese'),
('dga', 'Southern Dagaare'),
('dgb', 'Bunoge Dogon'),
('dgc', 'Casiguran Dumagat Agta'),
('dgd', 'Dagaari Dioula'),
('dge', 'Degenan'),
('dgg', 'Doga'),
('dgh', 'Dghwede'),
('dgi', 'Northern Dagara'),
('dgk', 'Dagba'),
('dgn', 'Dagoman'),
('dgo', 'Dogri (individual language)'),
('dgr', 'Dogrib'),
('dgs', 'Dogoso'),
('dgu', 'Degaru'),
('dgx', 'Doghoro'),
('dgz', 'Daga'),
('dha', 'Dhanwar (India)'),
('dhd', 'Dhundari'),
('dhg', 'Dhangu'),
('dhi', 'Dhimal'),
('dhl', 'Dhalandji'),
('dhm', 'Zemba'),
('dhn', 'Dhanki'),
('dho', 'Dhodia'),
('dhr', 'Dhargari'),
('dhs', 'Dhaiso'),
('dhu', 'Dhurga'),
('dhv', 'Dehu'),
('dhw', 'Dhanwar (Nepal)'),
('dia', 'Dia'),
('dib', 'South Central Dinka'),
('dic', 'Lakota Dida'),
('did', 'Didinga'),
('dif', 'Dieri'),
('dig', 'Digo'),
('dig', 'Chidigo'),
('dih', 'Kumiai'),
('dii', 'Dimbong'),
('dij', 'Dai'),
('dik', 'Southwestern Dinka'),
('dil', 'Dilling'),
('dim', 'Dime'),
('din', 'Dinka'),
('dio', 'Dibo'),
('dip', 'Northeastern Dinka'),
('diq', 'Dimli (individual language)'),
('dir', 'Dirim'),
('dis', 'Dimasa'),
('dit', 'Dirari'),
('diu', 'Diriku'),
('diw', 'Northwestern Dinka'),
('dix', 'Dixon Reef'),
('diy', 'Diuwe'),
('diz', 'Ding'),
('djb', 'Djinba'),
('djc', 'Dar Daju Daju'),
('djd', 'Djamindjung'),
('dje', 'Zarma'),
('djf', 'Djangun'),
('dji', 'Djinang'),
('djj', 'Djeebbana'),
('djk', 'Eastern Maroon Creole'),
('djk', 'Businenge Tongo'),
('djk', 'Nenge'),
('djl', 'Djiwarli'),
('djm', 'Jamsay Dogon'),
('djn', 'Djauan'),
('djo', 'Jangkang'),
('djr', 'Djambarrpuyngu'),
('dju', 'Kapriman'),
('djw', 'Djawi'),
('dka', 'Dakpakha'),
('dkk', 'Dakka'),
('dkl', 'Kolum So Dogon'),
('dkr', 'Kuijau'),
('dks', 'Southeastern Dinka'),
('dkx', 'Mazagway'),
('dlg', 'Dolgan'),
('dlm', 'Dalmatian'),
('dln', 'Darlong'),
('dma', 'Duma'),
('dmb', 'Mombo Dogon'),
('dmc', 'Dimir'),
('dme', 'Dugwor'),
('dmg', 'Upper Kinabatangan'),
('dmk', 'Domaaki'),
('dml', 'Dameli'),
('dmm', 'Dama'),
('dmn', 'Mande languages'),
('dmo', 'Kemezung'),
('dmr', 'East Damar'),
('dms', 'Dampelas'),
('dmu', 'Dubu'),
('dmu', 'Tebi'),
('dmv', 'Dumpas'),
('dmx', 'Dema'),
('dmy', 'Demta'),
('dmy', 'Sowari'),
('dna', 'Upper Grand Valley Dani'),
('dnd', 'Daonda'),
('dne', 'Ndendeule'),
('dng', 'Dungan'),
('dni', 'Lower Grand Valley Dani'),
('dnk', 'Dengka'),
('dnn', 'Dzngoo'),
('dnr', 'Danaru'),
('dnt', 'Mid Grand Valley Dani'),
('dnu', 'Danau'),
('dnw', 'Western Dani'),
('dny', 'Den'),
('doa', 'Dom'),
('dob', 'Dobu'),
('doc', 'Northern Dong'),
('doe', 'Doe'),
('dof', 'Domu'),
('doh', 'Dong'),
('doi', 'Dogri (macrolanguage)'),
('dok', 'Dondo'),
('dol', 'Doso'),
('don', 'Toura (Papua New Guinea)'),
('doo', 'Dongo'),
('dop', 'Lukpa'),
('doq', 'Dominican Sign Language'),
('dor', 'Dori''o'),
('dos', 'Dogos'),
('dot', 'Dass'),
('dov', 'Dombe'),
('dow', 'Doyayo'),
('dox', 'Bussa'),
('doy', 'Dompo'),
('doz', 'Dorze'),
('dpp', 'Papar'),
('dra', 'Dravidian languages'),
('drb', 'Dair'),
('drc', 'Minderico'),
('drd', 'Darmiya'),
('dre', 'Dolpo'),
('drg', 'Rungus'),
('drh', 'Darkhat'),
('dri', 'C''lela'),
('drl', 'Darling'),
('drn', 'West Damar'),
('dro', 'Daro-Matu Melanau'),
('drq', 'Dura'),
('drr', 'Dororo'),
('drs', 'Gedeo'),
('drt', 'Drents'),
('dru', 'Rukai'),
('drw', 'Darwazi'),
('dry', 'Darai'),
('dsb', 'Lower Sorbian'),
('dse', 'Dutch Sign Language'),
('dsh', 'Daasanach'),
('dsi', 'Disa'),
('dsl', 'Danish Sign Language'),
('dsn', 'Dusner'),
('dso', 'Desiya'),
('dsq', 'Tadaksahak'),
('dta', 'Daur'),
('dtb', 'Labuk-Kinabatangan Kadazan'),
('dtd', 'Ditidaht'),
('dti', 'Ana Tinga Dogon'),
('dtk', 'Tene Kan Dogon'),
('dtm', 'Tomo Kan Dogon'),
('dtp', 'Central Dusun'),
('dtr', 'Lotud'),
('dts', 'Toro So Dogon'),
('dtt', 'Toro Tegu Dogon'),
('dtu', 'Tebul Ure Dogon'),
('dua', 'Duala'),
('dub', 'Dubli'),
('duc', 'Duna'),
('dud', 'Hun-Saare'),
('due', 'Umiray Dumaget Agta'),
('duf', 'Dumbea'),
('dug', 'Duruma'),
('dug', 'Chiduruma'),
('duh', 'Dungra Bhil'),
('dui', 'Dumun'),
('duj', 'Dhuwal'),
('duk', 'Uyajitaya'),
('dul', 'Alabat Island Agta'),
('dum', 'Middle Dutch (ca. 1050-1350)'),
('dun', 'Dusun Deyah'),
('duo', 'Dupaninan Agta'),
('dup', 'Duano'),
('duq', 'Dusun Malang'),
('dur', 'Dii'),
('dus', 'Dumi'),
('duu', 'Drung'),
('duv', 'Duvle'),
('duw', 'Dusun Witu'),
('dux', 'Duungooma'),
('duy', 'Dicamay Agta'),
('duz', 'Duli'),
('dva', 'Duau'),
('dwa', 'Diri'),
('dwl', 'Walo Kumbe Dogon'),
('dwr', 'Dawro'),
('dws', 'Dutton World Speedwords'),
('dww', 'Dawawa'),
('dya', 'Dyan'),
('dyb', 'Dyaberdyaber'),
('dyd', 'Dyugun'),
('dyg', 'Villa Viciosa Agta'),
('dyi', 'Djimini Senoufo'),
('dym', 'Yanda Dom Dogon'),
('dyn', 'Dyangadi'),
('dyo', 'Jola-Fonyi'),
('dyu', 'Dyula'),
('dyy', 'Dyaabugay'),
('dza', 'Tunzu'),
('dzd', 'Daza'),
('dzg', 'Dazaga'),
('dzl', 'Dzalakha'),
('dzn', 'Dzando'),
('ebg', 'Ebughu'),
('ebk', 'Eastern Bontok'),
('ebo', 'Teke-Ebo'),
('ebr', 'Ebri'),
('ebu', 'Embu'),
('ebu', 'Kiembu'),
('ecr', 'Eteocretan'),
('ecs', 'Ecuadorian Sign Language'),
('ecy', 'Eteocypriot'),
('eee', 'E'),
('efa', 'Efai'),
('efe', 'Efe'),
('efi', 'Efik'),
('ega', 'Ega'),
('egl', 'Emilian'),
('ego', 'Eggon'),
('egx', 'Egyptian languages'),
('egy', 'Egyptian (Ancient)'),
('ehu', 'Ehueun'),
('eip', 'Eipomek'),
('eit', 'Eitiep'),
('eiv', 'Askopan'),
('eja', 'Ejamat'),
('eka', 'Ekajuk'),
('eke', 'Ekit'),
('ekg', 'Ekari'),
('eki', 'Eki'),
('ekk', 'Standard Estonian'),
('ekl', 'Kol'),
('ekm', 'Elip'),
('eko', 'Koti'),
('ekp', 'Ekpeye'),
('ekr', 'Yace'),
('eky', 'Eastern Kayah'),
('ele', 'Elepi'),
('elh', 'El Hugeirat'),
('eli', 'Nding'),
('elk', 'Elkei'),
('elm', 'Eleme'),
('elo', 'El Molo'),
('elp', 'Elpaputih'),
('elu', 'Elu'),
('elx', 'Elamite'),
('ema', 'Emai-Iuleha-Ora'),
('emb', 'Embaloh'),
('eme', 'Emerillon'),
('emg', 'Eastern Meohang'),
('emi', 'Mussau-Emira'),
('emk', 'Eastern Maninkakan'),
('emm', 'Mamulique'),
('emn', 'Eman'),
('emo', 'Emok'),
('emp', 'Northern Ember'),
('ems', 'Pacific Gulf Yupik'),
('emu', 'Eastern Muria'),
('emw', 'Emplawas'),
('emx', 'Erromintxela'),
('emy', 'Epigraphic Mayan'),
('ena', 'Apali'),
('enb', 'Markweeta'),
('enc', 'En'),
('end', 'Ende'),
('enf', 'Forest Enets'),
('enh', 'Tundra Enets'),
('enm', 'Middle English (1100-1500)'),
('enn', 'Engenni'),
('eno', 'Enggano'),
('enq', 'Enga'),
('enr', 'Emumu'),
('enr', 'Emem'),
('enu', 'Enu'),
('env', 'Enwan (Edu State)'),
('enw', 'Enwan (Akwa Ibom State)'),
('eot', 'Beti (Cte d''Ivoire)'),
('epi', 'Epie'),
('era', 'Eravallan'),
('erg', 'Sie'),
('erh', 'Eruwa'),
('eri', 'Ogea'),
('erk', 'South Efate'),
('ero', 'Horpa'),
('err', 'Erre'),
('ers', 'Ersu'),
('ert', 'Eritai'),
('erw', 'Erokwanas'),
('ese', 'Ese Ejja'),
('esh', 'Eshtehardi'),
('esi', 'North Alaskan Inupiatun'),
('esk', 'Northwest Alaska Inupiatun'),
('esl', 'Egypt Sign Language'),
('esm', 'Esuma'),
('esn', 'Salvadoran Sign Language'),
('eso', 'Estonian Sign Language'),
('esq', 'Esselen'),
('ess', 'Central Siberian Yupik'),
('esu', 'Central Yupik'),
('esx', 'Eskimo-Aleut languages'),
('etb', 'Etebi'),
('etc', 'Etchemin'),
('eth', 'Ethiopian Sign Language'),
('etn', 'Eton (Vanuatu)'),
('eto', 'Eton (Cameroon)'),
('etr', 'Edolo'),
('ets', 'Yekhee'),
('ett', 'Etruscan'),
('etu', 'Ejagham'),
('etx', 'Eten'),
('etz', 'Semimi'),
('euq', 'Basque (family)'),
('eve', 'Even'),
('evh', 'Uvbie'),
('evn', 'Evenki'),
('ewo', 'Ewondo'),
('ext', 'Extremaduran'),
('eya', 'Eyak'),
('eyo', 'Keiyo'),
('eze', 'Uzekwe'),
('faa', 'Fasu'),
('fab', 'Fa D''ambu'),
('fad', 'Wagi'),
('faf', 'Fagani'),
('fag', 'Finongan'),
('fah', 'Baissa Fali'),
('fai', 'Faiwol'),
('faj', 'Faita'),
('fak', 'Fang (Cameroon)'),
('fal', 'South Fali'),
('fam', 'Fam'),
('fan', 'Fang (Equatorial Guinea)'),
('fap', 'Palor'),
('far', 'Fataleka'),
('fat', 'Fanti'),
('fau', 'Fayu'),
('fax', 'Fala'),
('fay', 'Southwestern Fars'),
('faz', 'Northwestern Fars'),
('fbl', 'West Albay Bikol'),
('fcs', 'Quebec Sign Language'),
('fer', 'Feroge'),
('ffi', 'Foia Foia'),
('ffm', 'Maasina Fulfulde'),
('fgr', 'Fongoro'),
('fia', 'Nobiin'),
('fie', 'Fyer'),
('fil', 'Filipino'),
('fil', 'Pilipino'),
('fip', 'Fipa'),
('fir', 'Firan'),
('fit', 'Tornedalen Finnish'),
('fiu', 'Finno-Ugrian languages'),
('fiw', 'Fiwaga'),
('fkv', 'Kven Finnish'),
('fla', 'Kalispel-Pend d''Oreille'),
('flh', 'Foau'),
('fli', 'Fali'),
('fll', 'North Fali'),
('fln', 'Flinders Island'),
('flr', 'Fuliiru'),
('fly', 'Tsotsitaal'),
('fmp', 'Fe''fe'),
('fmu', 'Far Western Muria'),
('fng', 'Fanagalo'),
('fni', 'Fania'),
('fod', 'Foodo'),
('foi', 'Foi'),
('fom', 'Foma'),
('fon', 'Fon'),
('for', 'Fore'),
('fos', 'Siraya'),
('fox', 'Formosan languages'),
('fpe', 'Fernando Po Creole English'),
('fqs', 'Fas'),
('frc', 'Cajun French'),
('frd', 'Fordata'),
('frk', 'Frankish'),
('frm', 'Middle French (ca. 1400-1600)'),
('fro', 'Old French (842-ca. 1400)'),
('frp', 'Arpitan'),
('frp', 'Francoprovenal'),
('frq', 'Forak'),
('frr', 'Northern Frisian'),
('frs', 'Eastern Frisian'),
('frt', 'Fortsenal'),
('fse', 'Finnish Sign Language'),
('fsl', 'French Sign Language'),
('fss', 'Finland-Swedish Sign Language'),
('fss', 'finlandssvenskt teckensprk'),
('fss', 'suomenruotsalainen viittomakieli'),
('fub', 'Adamawa Fulfulde'),
('fuc', 'Pulaar'),
('fud', 'East Futuna'),
('fue', 'Borgu Fulfulde'),
('fuf', 'Pular'),
('fuh', 'Western Niger Fulfulde'),
('fui', 'Bagirmi Fulfulde'),
('fuj', 'Ko'),
('fum', 'Fum'),
('fun', 'Fulni'),
('fuq', 'Central-Eastern Niger Fulfulde'),
('fur', 'Friulian'),
('fut', 'Futuna-Aniwa'),
('fuu', 'Furu'),
('fuv', 'Nigerian Fulfulde'),
('fuy', 'Fuyug'),
('fvr', 'Fur'),
('fwa', 'Fwi'),
('fwe', 'Fwe'),
('gaa', 'Ga'),
('gab', 'Gabri'),
('gac', 'Mixed Great Andamanese'),
('gad', 'Gaddang'),
('gae', 'Guarequena'),
('gaf', 'Gende'),
('gag', 'Gagauz'),
('gah', 'Alekano'),
('gai', 'Borei'),
('gaj', 'Gadsup'),
('gak', 'Gamkonora'),
('gal', 'Galoli'),
('gam', 'Kandawo'),
('gan', 'Gan Chinese'),
('gao', 'Gants'),
('gap', 'Gal'),
('gaq', 'Gata'),
('gar', 'Galeya'),
('gas', 'Adiwasi Garasia'),
('gat', 'Kenati'),
('gau', 'Mudhili Gadaba'),
('gav', 'Gabutamon'),
('gaw', 'Nobonob'),
('gax', 'Borana-Arsi-Guji Oromo'),
('gay', 'Gayo'),
('gaz', 'West Central Oromo'),
('gba', 'Gbaya (Central African Republic)'),
('gbb', 'Kaytetye'),
('gbc', 'Garawa'),
('gbd', 'Karadjeri'),
('gbe', 'Niksek'),
('gbf', 'Gaikundi'),
('gbg', 'Gbanziri'),
('gbh', 'Defi Gbe'),
('gbi', 'Galela'),
('gbj', 'Bodo Gadaba'),
('gbk', 'Gaddi'),
('gbl', 'Gamit'),
('gbm', 'Garhwali'),
('gbn', 'Mo''da'),
('gbo', 'Northern Grebo'),
('gbp', 'Gbaya-Bossangoa'),
('gbq', 'Gbaya-Bozoum'),
('gbr', 'Gbagyi'),
('gbs', 'Gbesi Gbe'),
('gbu', 'Gagadu'),
('gbv', 'Gbanu'),
('gbx', 'Eastern Xwla Gbe'),
('gby', 'Gbari'),
('gbz', 'Zoroastrian Dari'),
('gcc', 'Mali'),
('gcd', 'Ganggalida'),
('gce', 'Galice'),
('gcf', 'Guadeloupean Creole French'),
('gcl', 'Grenadian Creole English'),
('gcn', 'Gaina'),
('gcr', 'Guianese Creole French'),
('gct', 'Colonia Tovar German'),
('gda', 'Gade Lohar'),
('gdb', 'Pottangi Ollar Gadaba'),
('gdc', 'Gugu Badhun'),
('gdd', 'Gedaged'),
('gde', 'Gude'),
('gdf', 'Guduf-Gava'),
('gdg', 'Ga''dang'),
('gdh', 'Gadjerawang'),
('gdi', 'Gundi'),
('gdj', 'Gurdjar'),
('gdk', 'Gadang'),
('gdl', 'Dirasha'),
('gdm', 'Laal'),
('gdn', 'Umanakaina'),
('gdo', 'Ghodoberi'),
('gdq', 'Mehri'),
('gdr', 'Wipi'),
('gdu', 'Gudu'),
('gdx', 'Godwari'),
('gea', 'Geruma'),
('geb', 'Kire'),
('gec', 'Gboloo Grebo'),
('ged', 'Gade'),
('geg', 'Gengle'),
('geh', 'Hutterite German'),
('geh', 'Hutterisch'),
('gei', 'Gebe'),
('gej', 'Gen'),
('gek', 'Yiwom'),
('gel', 'ut-Ma''in'),
('gem', 'Germanic languages'),
('geq', 'Geme'),
('ges', 'Geser-Gorom'),
('gew', 'Gera'),
('gex', 'Garre'),
('gey', 'Enya'),
('gez', 'Geez'),
('gfk', 'Patpatar'),
('gft', 'Gafat'),
('gga', 'Gao'),
('ggb', 'Gbii'),
('ggd', 'Gugadj'),
('gge', 'Guragone'),
('ggg', 'Gurgula'),
('ggk', 'Kungarakany'),
('ggl', 'Ganglau'),
('ggn', 'Eastern Gurung'),
('ggo', 'Southern Gondi'),
('ggr', 'Aghu Tharnggalu'),
('ggt', 'Gitua'),
('ggu', 'Gagu'),
('ggw', 'Gogodala'),
('gha', 'Ghadams'),
('ghc', 'Hiberno-Scottish Gaelic'),
('ghe', 'Southern Ghale'),
('ghh', 'Northern Ghale'),
('ghk', 'Geko Karen'),
('ghl', 'Ghulfan'),
('ghn', 'Ghanongga'),
('gho', 'Ghomara'),
('ghr', 'Ghera'),
('ghs', 'Guhu-Samane'),
('ght', 'Kutang Ghale'),
('gia', 'Kitja'),
('gib', 'Gibanawa'),
('gic', 'Gail'),
('gid', 'Gidar'),
('gig', 'Goaria'),
('gil', 'Gilbertese'),
('gim', 'Gimi (Eastern Highlands)'),
('gin', 'Hinukh'),
('gio', 'Gelao'),
('gip', 'Gimi (West New Britain)'),
('giq', 'Green Gelao'),
('gir', 'Red Gelao'),
('gis', 'North Giziga'),
('git', 'Gitxsan'),
('giw', 'White Gelao'),
('gix', 'Gilima'),
('giy', 'Giyug'),
('giz', 'South Giziga'),
('gji', 'Geji'),
('gjk', 'Kachi Koli'),
('gjn', 'Gonja'),
('gju', 'Gujari'),
('gka', 'Guya'),
('gke', 'Ndai'),
('gkn', 'Gokana'),
('gkp', 'Guinea Kpelle'),
('glc', 'Bon Gula'),
('gld', 'Nanai'),
('glh', 'Northwest Pashayi'),
('gli', 'Guliguli'),
('glj', 'Gula Iro'),
('glk', 'Gilaki'),
('glo', 'Galambu'),
('glr', 'Glaro-Twabo'),
('glu', 'Gula (Chad)'),
('glw', 'Glavda'),
('gly', 'Gule'),
('gma', 'Gambera'),
('gmb', 'Gula''alaa'),
('gmd', 'Mghd'),
('gme', 'East Germanic languages'),
('gmh', 'Middle High German (ca. 1050-1500)'),
('gml', 'Middle Low German'),
('gmm', 'Gbaya-Mbodomo'),
('gmn', 'Gimnime'),
('gmq', 'North Germanic languages'),
('gmu', 'Gumalu'),
('gmv', 'Gamo'),
('gmw', 'West Germanic languages'),
('gmx', 'Magoma'),
('gmy', 'Mycenaean Greek'),
('gna', 'Kaansa'),
('gnb', 'Gangte'),
('gnc', 'Guanche'),
('gnd', 'Zulgo-Gemzek'),
('gne', 'Ganang'),
('gng', 'Ngangam'),
('gnh', 'Lere'),
('gni', 'Gooniyandi'),
('gnk', '//Gana'),
('gnl', 'Gangulu'),
('gnm', 'Ginuman'),
('gnn', 'Gumatj'),
('gno', 'Northern Gondi'),
('gnq', 'Gana'),
('gnr', 'Gureng Gureng'),
('gnt', 'Guntai'),
('gnu', 'Gnau'),
('gnw', 'Western Bolivian Guaran'),
('gnz', 'Ganzi'),
('goa', 'Guro'),
('gob', 'Playero'),
('goc', 'Gorakor'),
('god', 'Godi'),
('goe', 'Gongduk'),
('gof', 'Gofa'),
('gog', 'Gogo'),
('goh', 'Old High German (ca. 750-1050)'),
('goi', 'Gobasi'),
('goj', 'Gowlan'),
('gok', 'Gowli'),
('gol', 'Gola'),
('gom', 'Goan Konkani'),
('gon', 'Gondi'),
('goo', 'Gone Dau'),
('gop', 'Yeretuar'),
('goq', 'Gorap'),
('gor', 'Gorontalo'),
('gos', 'Gronings'),
('got', 'Gothic'),
('gou', 'Gavar'),
('gow', 'Gorowa'),
('gox', 'Gobu'),
('goy', 'Goundo'),
('goz', 'Gozarkhani'),
('gpa', 'Gupa-Abawa'),
('gpn', 'Taiap'),
('gqa', 'Ga''anda'),
('gqi', 'Guiqiong'),
('gqn', 'Guana (Brazil)'),
('gqr', 'Gor'),
('gra', 'Rajput Garasia'),
('grb', 'Grebo'),
('grc', 'Ancient Greek (to 1453)'),
('grd', 'Guruntum-Mbaaru'),
('grg', 'Madi'),
('grh', 'Gbiri-Niragu'),
('gri', 'Ghari'),
('grj', 'Southern Grebo'),
('grk', 'Greek languages'),
('grm', 'Kota Marudu Talantang'),
('gro', 'Groma'),
('grq', 'Gorovu'),
('grr', 'Taznatit'),
('grs', 'Gresi'),
('grt', 'Garo'),
('gru', 'Kistane'),
('grv', 'Central Grebo'),
('grw', 'Gweda'),
('grx', 'Guriaso'),
('gry', 'Barclayville Grebo'),
('grz', 'Guramalum'),
('gse', 'Ghanaian Sign Language'),
('gsg', 'German Sign Language'),
('gsl', 'Gusilay'),
('gsm', 'Guatemalan Sign Language'),
('gsn', 'Gusan'),
('gso', 'Southwest Gbaya'),
('gsp', 'Wasembo');
INSERT INTO `lflanguages` (`language`, `name`) VALUES
('gss', 'Greek Sign Language'),
('gsw', 'Swiss German'),
('gsw', 'Alemannic'),
('gsw', 'Alsatian'),
('gta', 'Guat'),
('gti', 'Gbati-ri'),
('gua', 'Shiki'),
('gub', 'Guajajra'),
('guc', 'Wayuu'),
('gud', 'Yocobou Dida'),
('gue', 'Gurinji'),
('guf', 'Gupapuyngu'),
('gug', 'Paraguayan Guaran'),
('guh', 'Guahibo'),
('gui', 'Eastern Bolivian Guaran'),
('guk', 'Gumuz'),
('gul', 'Sea Island Creole English'),
('gum', 'Guambiano'),
('gun', 'Mby Guaran'),
('guo', 'Guayabero'),
('gup', 'Gunwinggu'),
('guq', 'Ach'),
('gur', 'Farefare'),
('gus', 'Guinean Sign Language'),
('gut', 'Malku Jaka'),
('guu', 'Yanomam'),
('guv', 'Gey'),
('guw', 'Gun'),
('gux', 'Gourmanchma'),
('guz', 'Gusii'),
('guz', 'Ekegusii'),
('gva', 'Guana (Paraguay)'),
('gvc', 'Guanano'),
('gve', 'Duwet'),
('gvf', 'Golin'),
('gvj', 'Guaj'),
('gvl', 'Gulay'),
('gvm', 'Gurmana'),
('gvn', 'Kuku-Yalanji'),
('gvo', 'Gavio Do Jiparan'),
('gvp', 'Par Gavio'),
('gvr', 'Western Gurung'),
('gvs', 'Gumawana'),
('gvy', 'Guyani'),
('gwa', 'Mbato'),
('gwb', 'Gwa'),
('gwc', 'Kalami'),
('gwd', 'Gawwada'),
('gwe', 'Gweno'),
('gwf', 'Gowro'),
('gwg', 'Moo'),
('gwi', 'Gwich''in'),
('gwj', 'Gwi'),
('gwn', 'Gwandara'),
('gwr', 'Gwere'),
('gwt', 'Gawar-Bati'),
('gwu', 'Guwamu'),
('gww', 'Kwini'),
('gwx', 'Gua'),
('gxx', 'W Southern'),
('gya', 'Northwest Gbaya'),
('gyb', 'Garus'),
('gyd', 'Kayardild'),
('gye', 'Gyem'),
('gyf', 'Gungabula'),
('gyg', 'Gbayi'),
('gyi', 'Gyele'),
('gyl', 'Gayil'),
('gym', 'Ngbere'),
('gyn', 'Guyanese Creole English'),
('gyr', 'Guarayu'),
('gyy', 'Gunya'),
('gza', 'Ganza'),
('gzi', 'Gazi'),
('gzn', 'Gane'),
('haa', 'Han'),
('hab', 'Hanoi Sign Language'),
('hac', 'Gurani'),
('had', 'Hatam'),
('hae', 'Eastern Oromo'),
('haf', 'Haiphong Sign Language'),
('hag', 'Hanga'),
('hah', 'Hahon'),
('hai', 'Haida'),
('haj', 'Hajong'),
('hak', 'Hakka Chinese'),
('hal', 'Halang'),
('ham', 'Hewa'),
('han', 'Hangaza'),
('hao', 'Hak'),
('hap', 'Hupla'),
('haq', 'Ha'),
('har', 'Harari'),
('has', 'Haisla'),
('hav', 'Havu'),
('haw', 'Hawaiian'),
('hax', 'Southern Haida'),
('hay', 'Haya'),
('haz', 'Hazaragi'),
('hba', 'Hamba'),
('hbb', 'Huba'),
('hbn', 'Heiban'),
('hbo', 'Ancient Hebrew'),
('hbu', 'Habu'),
('hca', 'Andaman Creole Hindi'),
('hch', 'Huichol'),
('hdn', 'Northern Haida'),
('hds', 'Honduras Sign Language'),
('hdy', 'Hadiyya'),
('hea', 'Northern Qiandong Miao'),
('hed', 'Herd'),
('heg', 'Helong'),
('heh', 'Hehe'),
('hei', 'Heiltsuk'),
('hem', 'Hemba'),
('hgm', 'Hai//om'),
('hgw', 'Haigwai'),
('hhi', 'Hoia Hoia'),
('hhr', 'Kerak'),
('hhy', 'Hoyahoya'),
('hia', 'Lamang'),
('hib', 'Hibito'),
('hid', 'Hidatsa'),
('hif', 'Fiji Hindi'),
('hig', 'Kamwe'),
('hih', 'Pamosu'),
('hii', 'Hinduri'),
('hij', 'Hijuk'),
('hik', 'Seit-Kaitetu'),
('hil', 'Hiligaynon'),
('him', 'Himachali languages'),
('him', 'Western Pahari languages'),
('hio', 'Tsoa'),
('hir', 'Himarim'),
('hit', 'Hittite'),
('hiw', 'Hiw'),
('hix', 'Hixkaryna'),
('hji', 'Haji'),
('hka', 'Kahe'),
('hke', 'Hunde'),
('hkk', 'Hunjara-Kaina Ke'),
('hks', 'Hong Kong Sign Language'),
('hks', 'Heung Kong Sau Yue'),
('hla', 'Halia'),
('hlb', 'Halbi'),
('hld', 'Halang Doan'),
('hle', 'Hlersu'),
('hlt', 'Nga La'),
('hlu', 'Hieroglyphic Luwian'),
('hma', 'Southern Mashan Hmong'),
('hma', 'Southern Mashan Miao'),
('hmb', 'Humburi Senni Songhay'),
('hmc', 'Central Huishui Hmong'),
('hmc', 'Central Huishui Miao'),
('hmd', 'Large Flowery Miao'),
('hmd', 'A-hmaos'),
('hmd', 'Da-Hua Miao'),
('hme', 'Eastern Huishui Hmong'),
('hme', 'Eastern Huishui Miao'),
('hmf', 'Hmong Don'),
('hmg', 'Southwestern Guiyang Hmong'),
('hmh', 'Southwestern Huishui Hmong'),
('hmh', 'Southwestern Huishui Miao'),
('hmi', 'Northern Huishui Hmong'),
('hmi', 'Northern Huishui Miao'),
('hmj', 'Ge'),
('hmj', 'Gejia'),
('hmk', 'Maek'),
('hml', 'Luopohe Hmong'),
('hml', 'Luopohe Miao'),
('hmm', 'Central Mashan Hmong'),
('hmm', 'Central Mashan Miao'),
('hmn', 'Hmong'),
('hmn', 'Mong'),
('hmp', 'Northern Mashan Hmong'),
('hmp', 'Northern Mashan Miao'),
('hmq', 'Eastern Qiandong Miao'),
('hmr', 'Hmar'),
('hms', 'Southern Qiandong Miao'),
('hmt', 'Hamtai'),
('hmu', 'Hamap'),
('hmv', 'Hmong D'),
('hmw', 'Western Mashan Hmong'),
('hmw', 'Western Mashan Miao'),
('hmx', 'Hmong-Mien languages'),
('hmy', 'Southern Guiyang Hmong'),
('hmy', 'Southern Guiyang Miao'),
('hmz', 'Hmong Shua'),
('hmz', 'Sinicized Miao'),
('hna', 'Mina (Cameroon)'),
('hnd', 'Southern Hindko'),
('hne', 'Chhattisgarhi'),
('hnh', '//Ani'),
('hni', 'Hani'),
('hnj', 'Hmong Njua'),
('hnj', 'Mong Leng'),
('hnj', 'Mong Njua'),
('hnn', 'Hanunoo'),
('hno', 'Northern Hindko'),
('hns', 'Caribbean Hindustani'),
('hnu', 'Hung'),
('hoa', 'Hoava'),
('hob', 'Mari (Madang Province)'),
('hoc', 'Ho'),
('hod', 'Holma'),
('hoe', 'Horom'),
('hoh', 'Hobyt'),
('hoi', 'Holikachuk'),
('hoj', 'Hadothi'),
('hok', 'Hokan languages'),
('hol', 'Holu'),
('hom', 'Homa'),
('hoo', 'Holoholo'),
('hop', 'Hopi'),
('hor', 'Horo'),
('hos', 'Ho Chi Minh City Sign Language'),
('hot', 'Hote'),
('hot', 'Mal'),
('hov', 'Hovongan'),
('how', 'Honi'),
('hoy', 'Holiya'),
('hoz', 'Hozo'),
('hpo', 'Hpon'),
('hps', 'Hawai''i Pidgin Sign Language'),
('hra', 'Hrangkhol'),
('hre', 'Hre'),
('hrk', 'Haruku'),
('hrm', 'Horned Miao'),
('hro', 'Haroi'),
('hrr', 'Horuru'),
('hrt', 'Hrtevin'),
('hru', 'Hruso'),
('hrx', 'Hunsrik'),
('hrz', 'Harzani'),
('hsb', 'Upper Sorbian'),
('hsh', 'Hungarian Sign Language'),
('hsl', 'Hausa Sign Language'),
('hsn', 'Xiang Chinese'),
('hss', 'Harsusi'),
('hti', 'Hoti'),
('hto', 'Minica Huitoto'),
('hts', 'Hadza'),
('htu', 'Hitu'),
('htx', 'Middle Hittite'),
('hub', 'Huambisa'),
('huc', '=/Hua'),
('hud', 'Huaulu'),
('hue', 'San Francisco Del Mar Huave'),
('huf', 'Humene'),
('hug', 'Huachipaeri'),
('huh', 'Huilliche'),
('hui', 'Huli'),
('huj', 'Northern Guiyang Hmong'),
('huj', 'Northern Guiyang Miao'),
('huk', 'Hulung'),
('hul', 'Hula'),
('hum', 'Hungana'),
('huo', 'Hu'),
('hup', 'Hupa'),
('huq', 'Tsat'),
('hur', 'Halkomelem'),
('hus', 'Huastec'),
('hut', 'Humla'),
('huu', 'Murui Huitoto'),
('huv', 'San Mateo Del Mar Huave'),
('huw', 'Hukumina'),
('hux', 'Npode Huitoto'),
('huy', 'Hulaul'),
('huz', 'Hunzib'),
('hvc', 'Haitian Vodoun Culture Language'),
('hve', 'San Dionisio Del Mar Huave'),
('hvk', 'Haveke'),
('hvn', 'Sabu'),
('hvv', 'Santa Mara Del Mar Huave'),
('hwa', 'Wan'),
('hwc', 'Hawai''i Creole English'),
('hwo', 'Hwana'),
('hya', 'Hya'),
('hyx', 'Armenian (family)'),
('iai', 'Iaai'),
('ian', 'Iatmul'),
('iap', 'Iapama'),
('iar', 'Purari'),
('iba', 'Iban'),
('ibb', 'Ibibio'),
('ibd', 'Iwaidja'),
('ibe', 'Akpes'),
('ibg', 'Ibanag'),
('ibi', 'Ibilo'),
('ibl', 'Ibaloi'),
('ibm', 'Agoi'),
('ibn', 'Ibino'),
('ibr', 'Ibuoro'),
('ibu', 'Ibu'),
('iby', 'Ibani'),
('ica', 'Ede Ica'),
('ich', 'Etkywan'),
('icl', 'Icelandic Sign Language'),
('icr', 'Islander Creole English'),
('ida', 'Idakho-Isukha-Tiriki'),
('ida', 'Luidakho-Luisukha-Lutirichi'),
('idb', 'Indo-Portuguese'),
('idc', 'Idon'),
('idd', 'Ede Idaca'),
('ide', 'Idere'),
('idi', 'Idi'),
('idr', 'Indri'),
('ids', 'Idesa'),
('idt', 'Idat'),
('idu', 'Idoma'),
('ifa', 'Amganad Ifugao'),
('ifb', 'Batad Ifugao'),
('ifb', 'Ayangan Ifugao'),
('ife', 'If'),
('iff', 'Ifo'),
('ifk', 'Tuwali Ifugao'),
('ifm', 'Teke-Fuumu'),
('ifu', 'Mayoyao Ifugao'),
('ify', 'Keley-I Kallahan'),
('igb', 'Ebira'),
('ige', 'Igede'),
('igg', 'Igana'),
('igl', 'Igala'),
('igm', 'Kanggape'),
('ign', 'Ignaciano'),
('igo', 'Isebe'),
('igs', 'Interglossa'),
('igw', 'Igwe'),
('ihb', 'Iha Based Pidgin'),
('ihi', 'Ihievbe'),
('ihp', 'Iha'),
('iir', 'Indo-Iranian languages'),
('ijc', 'Izon'),
('ije', 'Biseni'),
('ijj', 'Ede Ije'),
('ijn', 'Kalabari'),
('ijo', 'Ijo languages'),
('ijs', 'Southeast Ijo'),
('ike', 'Eastern Canadian Inuktitut'),
('iki', 'Iko'),
('ikk', 'Ika'),
('ikl', 'Ikulu'),
('iko', 'Olulumo-Ikom'),
('ikp', 'Ikpeshi'),
('ikt', 'Western Canadian Inuktitut'),
('ikv', 'Iku-Gora-Ankwa'),
('ikw', 'Ikwere'),
('ikx', 'Ik'),
('ikz', 'Ikizu'),
('ila', 'Ile Ape'),
('ilb', 'Ila'),
('ilg', 'Garig-Ilgar'),
('ili', 'Ili Turki'),
('ilk', 'Ilongot'),
('ill', 'Iranun'),
('ilo', 'Iloko'),
('ils', 'International Sign'),
('ilu', 'Ili''uun'),
('ilv', 'Ilue'),
('ilw', 'Talur'),
('ima', 'Mala Malasar'),
('ime', 'Imeraguen'),
('imi', 'Anamgura'),
('iml', 'Miluk'),
('imn', 'Imonda'),
('imo', 'Imbongu'),
('imr', 'Imroing'),
('ims', 'Marsian'),
('imy', 'Milyan'),
('inb', 'Inga'),
('inc', 'Indic languages'),
('ine', 'Indo-European languages'),
('ing', 'Degexit''an'),
('inh', 'Ingush'),
('inj', 'Jungle Inga'),
('inl', 'Indonesian Sign Language'),
('inm', 'Minaean'),
('inn', 'Isinai'),
('ino', 'Inoke-Yate'),
('inp', 'Iapari'),
('ins', 'Indian Sign Language'),
('int', 'Intha'),
('inz', 'Ineseo'),
('ior', 'Inor'),
('iou', 'Tuma-Irumu'),
('iow', 'Iowa-Oto'),
('ipi', 'Ipili'),
('ipo', 'Ipiko'),
('iqu', 'Iquito'),
('ira', 'Iranian languages'),
('ire', 'Iresim'),
('irh', 'Irarutu'),
('iri', 'Irigwe'),
('irk', 'Iraqw'),
('irn', 'Irntxe'),
('iro', 'Iroquoian languages'),
('irr', 'Ir'),
('iru', 'Irula'),
('irx', 'Kamberau'),
('iry', 'Iraya'),
('isa', 'Isabi'),
('isc', 'Isconahua'),
('isd', 'Isnag'),
('ise', 'Italian Sign Language'),
('isg', 'Irish Sign Language'),
('ish', 'Esan'),
('isi', 'Nkem-Nkum'),
('isk', 'Ishkashimi'),
('ism', 'Masimasi'),
('isn', 'Isanzu'),
('iso', 'Isoko'),
('isr', 'Israeli Sign Language'),
('ist', 'Istriot'),
('isu', 'Isu (Menchum Division)'),
('itb', 'Binongan Itneg'),
('itc', 'Italic languages'),
('ite', 'Itene'),
('iti', 'Inlaod Itneg'),
('itk', 'Judeo-Italian'),
('itl', 'Itelmen'),
('itm', 'Itu Mbon Uzo'),
('ito', 'Itonama'),
('itr', 'Iteri'),
('its', 'Isekiri'),
('itt', 'Maeng Itneg'),
('itv', 'Itawit'),
('itw', 'Ito'),
('itx', 'Itik'),
('ity', 'Moyadan Itneg'),
('itz', 'Itz'),
('ium', 'Iu Mien'),
('ivb', 'Ibatan'),
('ivv', 'Ivatan'),
('iwk', 'I-Wak'),
('iwm', 'Iwam'),
('iwo', 'Iwur'),
('iws', 'Sepik Iwam'),
('ixc', 'Ixcatec'),
('ixl', 'Ixil'),
('iya', 'Iyayu'),
('iyo', 'Mesaka'),
('iyx', 'Yaka (Congo)'),
('izh', 'Ingrian'),
('izi', 'Izi-Ezaa-Ikwo-Mgbo'),
('izr', 'Izere'),
('jaa', 'Jamamad'),
('jab', 'Hyam'),
('jac', 'Popti'),
('jac', 'Jakalteko'),
('jad', 'Jahanka'),
('jae', 'Yabem'),
('jaf', 'Jara'),
('jah', 'Jah Hut'),
('jaj', 'Zazao'),
('jak', 'Jakun'),
('jal', 'Yalahatan'),
('jam', 'Jamaican Creole English'),
('jao', 'Yanyuwa'),
('jaq', 'Yaqay'),
('jar', 'Jarawa (Nigeria)'),
('jas', 'New Caledonian Javanese'),
('jat', 'Jakati'),
('jau', 'Yaur'),
('jax', 'Jambi Malay'),
('jay', 'Yan-nhangu'),
('jaz', 'Jawe'),
('jbe', 'Judeo-Berber'),
('jbj', 'Arandai'),
('jbn', 'Nafusi'),
('jbo', 'Lojban'),
('jbr', 'Jofotek-Bromnya'),
('jbt', 'Jabut'),
('jbu', 'Jukun Takum'),
('jcs', 'Jamaican Country Sign Language'),
('jct', 'Krymchak'),
('jda', 'Jad'),
('jdg', 'Jadgali'),
('jdt', 'Judeo-Tat'),
('jeb', 'Jebero'),
('jee', 'Jerung'),
('jeg', 'Jeng'),
('jeh', 'Jeh'),
('jei', 'Yei'),
('jek', 'Jeri Kuo'),
('jel', 'Yelmek'),
('jen', 'Dza'),
('jer', 'Jere'),
('jet', 'Manem'),
('jeu', 'Jonkor Bourmataguil'),
('jgb', 'Ngbee'),
('jge', 'Judeo-Georgian'),
('jgo', 'Ngomba'),
('jhi', 'Jehai'),
('jhs', 'Jhankot Sign Language'),
('jia', 'Jina'),
('jib', 'Jibu'),
('jic', 'Tol'),
('jid', 'Bu'),
('jie', 'Jilbe'),
('jig', 'Djingili'),
('jih', 'Shangzhai'),
('jii', 'Jiiddu'),
('jil', 'Jilim'),
('jim', 'Jimi (Cameroon)'),
('jio', 'Jiamao'),
('jiq', 'Guanyinqiao'),
('jit', 'Jita'),
('jiu', 'Youle Jinuo'),
('jiv', 'Shuar'),
('jiy', 'Buyuan Jinuo'),
('jko', 'Kubo'),
('jku', 'Labir'),
('jle', 'Ngile'),
('jls', 'Jamaican Sign Language'),
('jma', 'Dima'),
('jmb', 'Zumbun'),
('jmc', 'Machame'),
('jmd', 'Yamdena'),
('jmi', 'Jimi (Nigeria)'),
('jml', 'Jumli'),
('jmn', 'Makuri Naga'),
('jmr', 'Kamara'),
('jms', 'Mashi (Nigeria)'),
('jmx', 'Western Juxtlahuaca Mixtec'),
('jna', 'Jangshung'),
('jnd', 'Jandavra'),
('jng', 'Yangman'),
('jni', 'Janji'),
('jnj', 'Yemsa'),
('jnl', 'Rawat'),
('jns', 'Jaunsari'),
('job', 'Joba'),
('jod', 'Wojenaka'),
('jor', 'Jor'),
('jos', 'Jordanian Sign Language'),
('jow', 'Jowulu'),
('jpa', 'Jewish Palestinian Aramaic'),
('jpr', 'Judeo-Persian'),
('jpx', 'Japanese (family)'),
('jqr', 'Jaqaru'),
('jra', 'Jarai'),
('jrb', 'Judeo-Arabic'),
('jrr', 'Jiru'),
('jrt', 'Jorto'),
('jru', 'Japrera'),
('jsl', 'Japanese Sign Language'),
('jua', 'Jma'),
('jub', 'Wannu'),
('juc', 'Jurchen'),
('jud', 'Worodougou'),
('juh', 'Hne'),
('juk', 'Wapan'),
('jul', 'Jirel'),
('jum', 'Jumjum'),
('jun', 'Juang'),
('juo', 'Jiba'),
('jup', 'Hupd'),
('jur', 'Jurna'),
('jus', 'Jumla Sign Language'),
('jut', 'Jutish'),
('juu', 'Ju'),
('juw', 'Wpha'),
('juy', 'Juray'),
('jvd', 'Javindo'),
('jvn', 'Caribbean Javanese'),
('jwi', 'Jwira-Pepesa'),
('jya', 'Jiarong'),
('jye', 'Judeo-Yemeni Arabic'),
('jyy', 'Jaya'),
('kaa', 'Kara-Kalpak'),
('kab', 'Kabyle'),
('kac', 'Kachin'),
('kac', 'Jingpho'),
('kad', 'Kadara'),
('kae', 'Ketangalan'),
('kaf', 'Katso'),
('kag', 'Kajaman'),
('kah', 'Kara (Central African Republic)'),
('kai', 'Karekare'),
('kaj', 'Jju'),
('kak', 'Kayapa Kallahan'),
('kam', 'Kamba (Kenya)'),
('kao', 'Xaasongaxango'),
('kap', 'Bezhta'),
('kaq', 'Capanahua'),
('kar', 'Karen languages'),
('kav', 'Katukna'),
('kaw', 'Kawi'),
('kax', 'Kao'),
('kay', 'Kamayur'),
('kba', 'Kalarko'),
('kbb', 'Kaxuina'),
('kbc', 'Kadiwu'),
('kbd', 'Kabardian'),
('kbe', 'Kanju'),
('kbf', 'Kakauhua'),
('kbg', 'Khamba'),
('kbh', 'Cams'),
('kbi', 'Kaptiau'),
('kbj', 'Kari'),
('kbk', 'Grass Koiari'),
('kbl', 'Kanembu'),
('kbm', 'Iwal'),
('kbn', 'Kare (Central African Republic)'),
('kbo', 'Keliko'),
('kbp', 'Kabiy'),
('kbq', 'Kamano'),
('kbr', 'Kafa'),
('kbs', 'Kande'),
('kbt', 'Abadi'),
('kbu', 'Kabutra'),
('kbv', 'Dera (Indonesia)'),
('kbw', 'Kaiep'),
('kbx', 'Ap Ma'),
('kby', 'Manga Kanuri'),
('kbz', 'Duhwa'),
('kca', 'Khanty'),
('kcb', 'Kawacha'),
('kcc', 'Lubila'),
('kcd', 'Ngklmpw Kanum'),
('kce', 'Kaivi'),
('kcf', 'Ukaan'),
('kcg', 'Tyap'),
('kch', 'Vono'),
('kci', 'Kamantan'),
('kcj', 'Kobiana'),
('kck', 'Kalanga'),
('kcl', 'Kela (Papua New Guinea)'),
('kcm', 'Gula (Central African Republic)'),
('kcn', 'Nubi'),
('kco', 'Kinalakna'),
('kcp', 'Kanga'),
('kcq', 'Kamo'),
('kcr', 'Katla'),
('kcs', 'Koenoem'),
('kct', 'Kaian'),
('kcu', 'Kami (Tanzania)'),
('kcv', 'Kete'),
('kcw', 'Kabwari'),
('kcx', 'Kachama-Ganjule'),
('kcy', 'Korandje'),
('kcz', 'Konongo'),
('kda', 'Worimi'),
('kdc', 'Kutu'),
('kdd', 'Yankunytjatjara'),
('kde', 'Makonde'),
('kdf', 'Mamusi'),
('kdg', 'Seba'),
('kdh', 'Tem'),
('kdi', 'Kumam'),
('kdj', 'Karamojong'),
('kdk', 'Numee'),
('kdl', 'Tsikimba'),
('kdm', 'Kagoma'),
('kdn', 'Kunda'),
('kdo', 'Kordofanian languages'),
('kdp', 'Kaningdon-Nindem'),
('kdq', 'Koch'),
('kdr', 'Karaim'),
('kdt', 'Kuy'),
('kdu', 'Kadaru'),
('kdv', 'Kado'),
('kdw', 'Koneraw'),
('kdx', 'Kam'),
('kdy', 'Keder'),
('kdy', 'Keijar'),
('kdz', 'Kwaja'),
('kea', 'Kabuverdianu'),
('keb', 'Kl'),
('kec', 'Keiga'),
('ked', 'Kerewe'),
('kee', 'Eastern Keres'),
('kef', 'Kpessi'),
('keg', 'Tese'),
('keh', 'Keak'),
('kei', 'Kei'),
('kej', 'Kadar'),
('kek', 'Kekch'),
('kel', 'Kela (Democratic Republic of Congo)'),
('kem', 'Kemak'),
('ken', 'Kenyang'),
('keo', 'Kakwa'),
('kep', 'Kaikadi'),
('keq', 'Kamar'),
('ker', 'Kera'),
('kes', 'Kugbo'),
('ket', 'Ket'),
('keu', 'Akebu'),
('kev', 'Kanikkaran'),
('kew', 'West Kewa'),
('kex', 'Kukna'),
('key', 'Kupia'),
('kez', 'Kukele'),
('kfa', 'Kodava'),
('kfb', 'Northwestern Kolami'),
('kfc', 'Konda-Dora'),
('kfd', 'Korra Koraga'),
('kfe', 'Kota (India)'),
('kff', 'Koya'),
('kfg', 'Kudiya'),
('kfh', 'Kurichiya'),
('kfi', 'Kannada Kurumba'),
('kfj', 'Kemiehua'),
('kfk', 'Kinnauri'),
('kfl', 'Kung'),
('kfm', 'Khunsari'),
('kfn', 'Kuk'),
('kfo', 'Koro (Cte d''Ivoire)'),
('kfp', 'Korwa'),
('kfq', 'Korku'),
('kfr', 'Kachchi'),
('kfs', 'Bilaspuri'),
('kft', 'Kanjari'),
('kfu', 'Katkari'),
('kfv', 'Kurmukar'),
('kfw', 'Kharam Naga'),
('kfx', 'Kullu Pahari'),
('kfy', 'Kumaoni'),
('kfz', 'Koromf'),
('kga', 'Koyaga'),
('kgb', 'Kawe'),
('kgc', 'Kasseng'),
('kgd', 'Kataang'),
('kge', 'Komering'),
('kgf', 'Kube'),
('kgg', 'Kusunda'),
('kgh', 'Upper Tanudan Kalinga'),
('kgi', 'Selangor Sign Language'),
('kgj', 'Gamale Kham'),
('kgk', 'Kaiw'),
('kgl', 'Kunggari'),
('kgm', 'Karipna'),
('kgn', 'Karingani'),
('kgo', 'Krongo'),
('kgp', 'Kaingang'),
('kgq', 'Kamoro'),
('kgr', 'Abun'),
('kgs', 'Kumbainggar'),
('kgt', 'Somyev'),
('kgu', 'Kobol'),
('kgv', 'Karas'),
('kgw', 'Karon Dori'),
('kgx', 'Kamaru'),
('kgy', 'Kyerung'),
('kha', 'Khasi'),
('khb', 'L'),
('khc', 'Tukang Besi North'),
('khd', 'Bdi Kanum'),
('khe', 'Korowai'),
('khf', 'Khuen'),
('khg', 'Khams Tibetan'),
('khh', 'Kehu'),
('khi', 'Khoisan languages'),
('khj', 'Kuturmi'),
('khk', 'Halh Mongolian'),
('khl', 'Lusi'),
('khn', 'Khandesi'),
('kho', 'Khotanese'),
('kho', 'Sakan'),
('khp', 'Kapori'),
('khp', 'Kapauri'),
('khq', 'Koyra Chiini Songhay'),
('khr', 'Kharia'),
('khs', 'Kasua'),
('kht', 'Khamti'),
('khu', 'Nkhumbi'),
('khv', 'Khvarshi'),
('khw', 'Khowar'),
('khx', 'Kanu'),
('khy', 'Kele (Democratic Republic of Congo)'),
('khz', 'Keapara'),
('kia', 'Kim'),
('kib', 'Koalib'),
('kic', 'Kickapoo'),
('kid', 'Koshin'),
('kie', 'Kibet'),
('kif', 'Eastern Parbate Kham'),
('kig', 'Kimaama'),
('kig', 'Kimaghima'),
('kih', 'Kilmeri'),
('kii', 'Kitsai'),
('kij', 'Kilivila'),
('kil', 'Kariya'),
('kim', 'Karagas'),
('kio', 'Kiowa'),
('kip', 'Sheshi Kham'),
('kiq', 'Kosadle'),
('kiq', 'Kosare'),
('kis', 'Kis'),
('kit', 'Agob'),
('kiu', 'Kirmanjki (individual language)'),
('kiv', 'Kimbu'),
('kiw', 'Northeast Kiwai'),
('kix', 'Khiamniungan Naga'),
('kiy', 'Kirikiri'),
('kiz', 'Kisi'),
('kja', 'Mlap'),
('kjb', 'Q''anjob''al'),
('kjb', 'Kanjobal'),
('kjc', 'Coastal Konjo'),
('kjd', 'Southern Kiwai'),
('kje', 'Kisar'),
('kjf', 'Khalaj'),
('kjg', 'Khmu'),
('kjh', 'Khakas'),
('kji', 'Zabana'),
('kjj', 'Khinalugh'),
('kjk', 'Highland Konjo'),
('kjl', 'Western Parbate Kham'),
('kjm', 'Khng'),
('kjn', 'Kunjen'),
('kjo', 'Harijan Kinnauri'),
('kjp', 'Pwo Eastern Karen'),
('kjq', 'Western Keres'),
('kjr', 'Kurudu'),
('kjs', 'East Kewa'),
('kjt', 'Phrae Pwo Karen'),
('kju', 'Kashaya'),
('kjx', 'Ramopa'),
('kjy', 'Erave'),
('kjz', 'Bumthangkha'),
('kka', 'Kakanda'),
('kkb', 'Kwerisa'),
('kkc', 'Odoodee'),
('kkd', 'Kinuku'),
('kke', 'Kakabe'),
('kkf', 'Kalaktang Monpa'),
('kkg', 'Mabaka Valley Kalinga'),
('kkh', 'Khn'),
('kki', 'Kagulu'),
('kkj', 'Kako'),
('kkk', 'Kokota'),
('kkl', 'Kosarek Yale'),
('kkm', 'Kiong'),
('kkn', 'Kon Keu'),
('kko', 'Karko'),
('kkp', 'Gugubera'),
('kkq', 'Kaiku'),
('kkr', 'Kir-Balar'),
('kks', 'Giiwo'),
('kkt', 'Koi'),
('kku', 'Tumi'),
('kkv', 'Kangean'),
('kkw', 'Teke-Kukuya'),
('kkx', 'Kohin'),
('kky', 'Guguyimidjir'),
('kkz', 'Kaska'),
('kla', 'Klamath-Modoc'),
('klb', 'Kiliwa'),
('klc', 'Kolbila'),
('kld', 'Gamilaraay'),
('kle', 'Kulung (Nepal)'),
('klf', 'Kendeje'),
('klg', 'Tagakaulo'),
('klh', 'Weliki'),
('kli', 'Kalumpang'),
('klj', 'Turkic Khalaj'),
('klk', 'Kono (Nigeria)'),
('kll', 'Kagan Kalagan'),
('klm', 'Migum'),
('kln', 'Kalenjin'),
('klo', 'Kapya'),
('klp', 'Kamasa'),
('klq', 'Rumu'),
('klr', 'Khaling'),
('kls', 'Kalasha'),
('klt', 'Nukna'),
('klu', 'Klao'),
('klv', 'Maskelynes'),
('klw', 'Lindu'),
('klx', 'Koluwawa'),
('kly', 'Kalao'),
('klz', 'Kabola'),
('kma', 'Konni'),
('kmb', 'Kimbundu'),
('kmc', 'Southern Dong'),
('kmd', 'Majukayang Kalinga'),
('kme', 'Bakole'),
('kmf', 'Kare (Papua New Guinea)'),
('kmg', 'Kte'),
('kmh', 'Kalam'),
('kmi', 'Kami (Nigeria)'),
('kmj', 'Kumarbhag Paharia'),
('kmk', 'Limos Kalinga'),
('kml', 'Lower Tanudan Kalinga'),
('kmm', 'Kom (India)'),
('kmn', 'Awtuw'),
('kmo', 'Kwoma'),
('kmp', 'Gimme'),
('kmq', 'Kwama'),
('kmr', 'Northern Kurdish'),
('kms', 'Kamasau'),
('kmt', 'Kemtuik'),
('kmu', 'Kanite'),
('kmv', 'Karipna Creole French'),
('kmw', 'Komo (Democratic Republic of Congo)'),
('kmx', 'Waboda'),
('kmy', 'Koma'),
('kmz', 'Khorasani Turkish'),
('kna', 'Dera (Nigeria)'),
('knb', 'Lubuagan Kalinga'),
('knc', 'Central Kanuri'),
('knd', 'Konda'),
('kne', 'Kankanaey'),
('knf', 'Mankanya'),
('kng', 'Koongo'),
('kni', 'Kanufi'),
('knj', 'Western Kanjobal'),
('knk', 'Kuranko'),
('knl', 'Keninjal'),
('knm', 'Kanamar'),
('knn', 'Konkani (individual language)'),
('kno', 'Kono (Sierra Leone)'),
('knp', 'Kwanja'),
('knq', 'Kintaq'),
('knr', 'Kaningra'),
('kns', 'Kensiu'),
('knt', 'Panoan Katukna'),
('knu', 'Kono (Guinea)'),
('knv', 'Tabo'),
('knw', 'Kung-Ekoka'),
('knx', 'Kendayan'),
('knx', 'Salako'),
('kny', 'Kanyok'),
('knz', 'Kalams'),
('koa', 'Konomala'),
('koc', 'Kpati'),
('kod', 'Kodi'),
('koe', 'Kacipo-Balesi'),
('kof', 'Kubi'),
('kog', 'Cogui'),
('kog', 'Kogi'),
('koh', 'Koyo'),
('koi', 'Komi-Permyak'),
('koj', 'Sara Dunjo'),
('kok', 'Konkani (macrolanguage)'),
('kol', 'Kol (Papua New Guinea)'),
('koo', 'Konzo'),
('kop', 'Waube'),
('koq', 'Kota (Gabon)'),
('kos', 'Kosraean'),
('kot', 'Lagwan'),
('kou', 'Koke'),
('kov', 'Kudu-Camo'),
('kow', 'Kugama'),
('kox', 'Coxima'),
('koy', 'Koyukon'),
('koz', 'Korak'),
('kpa', 'Kutto'),
('kpb', 'Mullu Kurumba'),
('kpc', 'Curripaco'),
('kpd', 'Koba'),
('kpe', 'Kpelle'),
('kpf', 'Komba'),
('kpg', 'Kapingamarangi'),
('kph', 'Kplang'),
('kpi', 'Kofei'),
('kpj', 'Karaj'),
('kpk', 'Kpan'),
('kpl', 'Kpala'),
('kpm', 'Koho'),
('kpn', 'Kepkiriwt'),
('kpo', 'Ikposo'),
('kpp', 'Paku Karen'),
('kpq', 'Korupun-Sela'),
('kpr', 'Korafe-Yegha'),
('kps', 'Tehit'),
('kpt', 'Karata'),
('kpu', 'Kafoa'),
('kpv', 'Komi-Zyrian'),
('kpw', 'Kobon'),
('kpx', 'Mountain Koiali'),
('kpy', 'Koryak'),
('kpz', 'Kupsabiny'),
('kqa', 'Mum'),
('kqb', 'Kovai'),
('kqc', 'Doromu-Koki'),
('kqd', 'Koy Sanjaq Surat'),
('kqe', 'Kalagan'),
('kqf', 'Kakabai'),
('kqg', 'Khe'),
('kqh', 'Kisankasa'),
('kqi', 'Koitabu'),
('kqj', 'Koromira'),
('kqk', 'Kotafon Gbe'),
('kql', 'Kyenele'),
('kqm', 'Khisa'),
('kqn', 'Kaonde'),
('kqo', 'Eastern Krahn'),
('kqp', 'Kimr'),
('kqq', 'Krenak'),
('kqr', 'Kimaragang'),
('kqs', 'Northern Kissi'),
('kqt', 'Klias River Kadazan'),
('kqu', 'Seroa'),
('kqv', 'Okolod'),
('kqw', 'Kandas'),
('kqx', 'Mser'),
('kqy', 'Koorete'),
('kqz', 'Korana'),
('kra', 'Kumhali'),
('krb', 'Karkin'),
('krc', 'Karachay-Balkar'),
('krd', 'Kairui-Midiki'),
('kre', 'Panar'),
('krf', 'Koro (Vanuatu)'),
('krh', 'Kurama'),
('kri', 'Krio'),
('krj', 'Kinaray-A'),
('krk', 'Kerek'),
('krl', 'Karelian'),
('krm', 'Krim'),
('krn', 'Sapo'),
('kro', 'Kru languages'),
('krp', 'Korop'),
('krr', 'Kru''ng 2'),
('krs', 'Gbaya (Sudan)'),
('krt', 'Tumari Kanuri'),
('kru', 'Kurukh'),
('krv', 'Kavet'),
('krw', 'Western Krahn'),
('krx', 'Karon'),
('kry', 'Kryts'),
('krz', 'Sota Kanum'),
('ksa', 'Shuwa-Zamani'),
('ksb', 'Shambala'),
('ksc', 'Southern Kalinga'),
('ksd', 'Kuanua'),
('kse', 'Kuni'),
('ksf', 'Bafia'),
('ksg', 'Kusaghe'),
('ksh', 'Klsch'),
('ksi', 'Krisa'),
('ksi', 'I''saka'),
('ksj', 'Uare'),
('ksk', 'Kansa'),
('ksl', 'Kumalu'),
('ksm', 'Kumba'),
('ksn', 'Kasiguranin'),
('kso', 'Kofa'),
('ksp', 'Kaba'),
('ksq', 'Kwaami'),
('ksr', 'Borong'),
('kss', 'Southern Kisi'),
('kst', 'Winy'),
('ksu', 'Khamyang'),
('ksv', 'Kusu'),
('ksw', 'S''gaw Karen'),
('ksx', 'Kedang'),
('ksy', 'Kharia Thar'),
('ksz', 'Kodaku'),
('kta', 'Katua'),
('ktb', 'Kambaata'),
('ktc', 'Kholok'),
('ktd', 'Kokata'),
('kte', 'Nubri'),
('ktf', 'Kwami'),
('ktg', 'Kalkutung'),
('kth', 'Karanga'),
('kti', 'North Muyu'),
('ktj', 'Plapo Krumen'),
('ktk', 'Kaniet'),
('ktl', 'Koroshi'),
('ktm', 'Kurti'),
('ktn', 'Karitina'),
('kto', 'Kuot'),
('ktp', 'Kaduo'),
('ktq', 'Katabaga'),
('ktr', 'Kota Marudu Tinagas'),
('kts', 'South Muyu'),
('ktt', 'Ketum'),
('ktu', 'Kituba (Democratic Republic of Congo)'),
('ktv', 'Eastern Katu'),
('ktw', 'Kato'),
('ktx', 'Kaxarar'),
('kty', 'Kango (Bas-Ul District)'),
('ktz', 'Ju/''hoan'),
('kub', 'Kutep'),
('kuc', 'Kwinsu'),
('kud', 'Auhelawa'),
('kue', 'Kuman'),
('kuf', 'Western Katu'),
('kug', 'Kupa'),
('kuh', 'Kushi'),
('kui', 'Kuikro-Kalaplo'),
('kuj', 'Kuria'),
('kuk', 'Kepo'),
('kul', 'Kulere'),
('kum', 'Kumyk'),
('kun', 'Kunama'),
('kuo', 'Kumukio'),
('kup', 'Kunimaipa'),
('kuq', 'Karipuna'),
('kus', 'Kusaal'),
('kut', 'Kutenai'),
('kuu', 'Upper Kuskokwim'),
('kuv', 'Kur'),
('kuw', 'Kpagua'),
('kux', 'Kukatja'),
('kuy', 'Kuuku-Ya''u'),
('kuz', 'Kunza'),
('kva', 'Bagvalal'),
('kvb', 'Kubu'),
('kvc', 'Kove'),
('kvd', 'Kui (Indonesia)'),
('kve', 'Kalabakan'),
('kvf', 'Kabalai'),
('kvg', 'Kuni-Boazi'),
('kvh', 'Komodo'),
('kvi', 'Kwang'),
('kvj', 'Psikye'),
('kvk', 'Korean Sign Language'),
('kvl', 'Brek Karen'),
('kvm', 'Kendem'),
('kvn', 'Border Kuna'),
('kvo', 'Dobel'),
('kvp', 'Kompane'),
('kvq', 'Geba Karen'),
('kvr', 'Kerinci'),
('kvs', 'Kunggara'),
('kvt', 'Lahta Karen'),
('kvu', 'Yinbaw Karen'),
('kvv', 'Kola'),
('kvw', 'Wersing'),
('kvx', 'Parkari Koli'),
('kvy', 'Yintale Karen'),
('kvz', 'Tsakwambo'),
('kvz', 'Tsaukambo'),
('kwa', 'Dw'),
('kwb', 'Kwa'),
('kwc', 'Likwala'),
('kwd', 'Kwaio'),
('kwe', 'Kwerba'),
('kwf', 'Kwara''ae'),
('kwg', 'Sara Kaba Deme'),
('kwh', 'Kowiai'),
('kwi', 'Awa-Cuaiquer'),
('kwj', 'Kwanga'),
('kwk', 'Kwakiutl'),
('kwl', 'Kofyar'),
('kwm', 'Kwambi'),
('kwn', 'Kwangali'),
('kwo', 'Kwomtari'),
('kwp', 'Kodia'),
('kwq', 'Kwak'),
('kwr', 'Kwer'),
('kws', 'Kwese'),
('kwt', 'Kwesten'),
('kwu', 'Kwakum'),
('kwv', 'Sara Kaba N'),
('kww', 'Kwinti'),
('kwx', 'Khirwar'),
('kwy', 'San Salvador Kongo'),
('kwz', 'Kwadi'),
('kxa', 'Kairiru'),
('kxb', 'Krobu'),
('kxc', 'Konso'),
('kxc', 'Khonso'),
('kxd', 'Brunei'),
('kxe', 'Kakihum'),
('kxf', 'Manumanaw Karen'),
('kxh', 'Karo (Ethiopia)'),
('kxi', 'Keningau Murut'),
('kxj', 'Kulfa'),
('kxk', 'Zayein Karen'),
('kxl', 'Nepali Kurux'),
('kxm', 'Northern Khmer'),
('kxn', 'Kanowit-Tanjong Melanau'),
('kxo', 'Kano'),
('kxp', 'Wadiyara Koli'),
('kxq', 'Smrky Kanum'),
('kxr', 'Koro (Papua New Guinea)'),
('kxs', 'Kangjia'),
('kxt', 'Koiwat'),
('kxu', 'Kui (India)'),
('kxv', 'Kuvi'),
('kxw', 'Konai'),
('kxx', 'Likuba'),
('kxy', 'Kayong'),
('kxz', 'Kerewo'),
('kya', 'Kwaya'),
('kyb', 'Butbut Kalinga'),
('kyc', 'Kyaka'),
('kyd', 'Karey'),
('kye', 'Krache'),
('kyf', 'Kouya'),
('kyg', 'Keyagana'),
('kyh', 'Karok'),
('kyi', 'Kiput'),
('kyj', 'Karao'),
('kyk', 'Kamayo'),
('kyl', 'Kalapuya'),
('kym', 'Kpatili'),
('kyn', 'Northern Binukidnon'),
('kyo', 'Kelon'),
('kyp', 'Kang'),
('kyq', 'Kenga'),
('kyr', 'Kuruya'),
('kys', 'Baram Kayan'),
('kyt', 'Kayagar'),
('kyu', 'Western Kayah'),
('kyv', 'Kayort'),
('kyw', 'Kudmali'),
('kyx', 'Rapoisi'),
('kyy', 'Kambaira'),
('kyz', 'Kayab'),
('kza', 'Western Karaboro'),
('kzb', 'Kaibobo'),
('kzc', 'Bondoukou Kulango'),
('kzd', 'Kadai'),
('kze', 'Kosena'),
('kzf', 'Da''a Kaili'),
('kzg', 'Kikai'),
('kzh', 'Kenuzi-Dongola'),
('kzi', 'Kelabit'),
('kzj', 'Coastal Kadazan'),
('kzk', 'Kazukuru'),
('kzl', 'Kayeli'),
('kzm', 'Kais'),
('kzn', 'Kokola'),
('kzo', 'Kaningi'),
('kzp', 'Kaidipang'),
('kzq', 'Kaike'),
('kzr', 'Karang'),
('kzs', 'Sugut Dusun'),
('kzt', 'Tambunan Dusun'),
('kzu', 'Kayupulau'),
('kzv', 'Komyandaret'),
('kzw', 'Karir-Xoc'),
('kzx', 'Kamarian'),
('kzy', 'Kango (Tshopo District)'),
('kzz', 'Kalabra'),
('laa', 'Southern Subanen'),
('lab', 'Linear A'),
('lac', 'Lacandon'),
('lad', 'Ladino'),
('lae', 'Pattani'),
('laf', 'Lafofa'),
('lag', 'Langi'),
('lah', 'Lahnda'),
('lai', 'Lambya'),
('laj', 'Lango (Uganda)'),
('lak', 'Laka (Nigeria)'),
('lal', 'Lalia'),
('lam', 'Lamba'),
('lan', 'Laru'),
('lap', 'Laka (Chad)'),
('laq', 'Qabiao'),
('lar', 'Larteh'),
('las', 'Lama (Togo)'),
('lau', 'Laba'),
('law', 'Lauje'),
('lax', 'Tiwa'),
('lay', 'Lama (Myanmar)'),
('laz', 'Aribwatsa'),
('lba', 'Lui'),
('lbb', 'Label'),
('lbc', 'Lakkia'),
('lbe', 'Lak'),
('lbf', 'Tinani'),
('lbg', 'Laopang'),
('lbi', 'La''bi'),
('lbj', 'Ladakhi'),
('lbk', 'Central Bontok'),
('lbl', 'Libon Bikol'),
('lbm', 'Lodhi'),
('lbn', 'Lamet'),
('lbo', 'Laven'),
('lbq', 'Wampar'),
('lbr', 'Northern Lorung'),
('lbs', 'Libyan Sign Language'),
('lbt', 'Lachi'),
('lbu', 'Labu'),
('lbv', 'Lavatbura-Lamusong'),
('lbw', 'Tolaki'),
('lbx', 'Lawangan'),
('lby', 'Lamu-Lamu'),
('lbz', 'Lardil'),
('lcc', 'Legenyem'),
('lcd', 'Lola'),
('lce', 'Loncong'),
('lcf', 'Lubu'),
('lch', 'Luchazi'),
('lcl', 'Lisela'),
('lcm', 'Tungag'),
('lcp', 'Western Lawa'),
('lcq', 'Luhu'),
('lcs', 'Lisabata-Nuniali'),
('ldb', 'Idun'),
('ldd', 'Luri'),
('ldg', 'Lenyima'),
('ldh', 'Lamja-Dengsa-Tola'),
('ldi', 'Laari'),
('ldj', 'Lemoro'),
('ldk', 'Leelau'),
('ldl', 'Kaan'),
('ldm', 'Landoma'),
('ldn', 'Ladan'),
('ldo', 'Loo'),
('ldp', 'Tso'),
('ldq', 'Lufu'),
('lea', 'Lega-Shabunda'),
('leb', 'Lala-Bisa'),
('lec', 'Leco'),
('led', 'Lendu'),
('lee', 'Lyl'),
('lef', 'Lelemi'),
('leg', 'Lengua'),
('leh', 'Lenje'),
('lei', 'Lemio'),
('lej', 'Lengola'),
('lek', 'Leipon'),
('lel', 'Lele (Democratic Republic of Congo)'),
('lem', 'Nomaande'),
('len', 'Lenca'),
('leo', 'Leti (Cameroon)'),
('lep', 'Lepcha'),
('leq', 'Lembena'),
('ler', 'Lenkau'),
('les', 'Lese'),
('let', 'Lesing-Gelimi'),
('leu', 'Kara (Papua New Guinea)'),
('lev', 'Lamma'),
('lew', 'Ledo Kaili'),
('lex', 'Luang'),
('ley', 'Lemolang'),
('lez', 'Lezghian'),
('lfa', 'Lefa'),
('lfn', 'Lingua Franca Nova'),
('lga', 'Lungga'),
('lgb', 'Laghu'),
('lgg', 'Lugbara'),
('lgh', 'Laghuu'),
('lgi', 'Lengilu'),
('lgk', 'Lingarak'),
('lgk', 'Neverver'),
('lgl', 'Wala'),
('lgm', 'Lega-Mwenga'),
('lgn', 'Opuuo'),
('lgq', 'Logba'),
('lgr', 'Lengo'),
('lgt', 'Pahi'),
('lgu', 'Longgu'),
('lgz', 'Ligenza'),
('lha', 'Laha (Viet Nam)'),
('lhh', 'Laha (Indonesia)'),
('lhi', 'Lahu Shi'),
('lhl', 'Lahul Lohar'),
('lhm', 'Lhomi'),
('lhn', 'Lahanan'),
('lhp', 'Lhokpu'),
('lhs', 'Mlahs'),
('lht', 'Lo-Toga'),
('lhu', 'Lahu'),
('lia', 'West-Central Limba'),
('lib', 'Likum'),
('lic', 'Hlai'),
('lid', 'Nyindrou'),
('lie', 'Likila'),
('lif', 'Limbu'),
('lig', 'Ligbi'),
('lih', 'Lihir'),
('lii', 'Lingkhim'),
('lij', 'Ligurian'),
('lik', 'Lika'),
('lil', 'Lillooet'),
('lio', 'Liki'),
('lip', 'Sekpele'),
('liq', 'Libido'),
('lir', 'Liberian English'),
('lis', 'Lisu'),
('liu', 'Logorik'),
('liv', 'Liv'),
('liw', 'Col'),
('lix', 'Liabuku'),
('liy', 'Banda-Bambari'),
('liz', 'Libinza'),
('lje', 'Rampi'),
('lji', 'Laiyolo'),
('ljl', 'Li''o'),
('ljp', 'Lampung Api'),
('lka', 'Lakalei'),
('lkb', 'Kabras'),
('lkb', 'Lukabaras'),
('lkc', 'Kucong'),
('lkd', 'Lakond'),
('lke', 'Kenyi'),
('lkh', 'Lakha'),
('lki', 'Laki'),
('lkj', 'Remun'),
('lkl', 'Laeko-Libuat'),
('lkn', 'Lakon'),
('lkn', 'Vure'),
('lko', 'Khayo'),
('lko', 'Olukhayo'),
('lkr', 'Pri'),
('lks', 'Kisa'),
('lks', 'Olushisa'),
('lkt', 'Lakota'),
('lky', 'Lokoya'),
('lla', 'Lala-Roba'),
('llb', 'Lolo'),
('llc', 'Lele (Guinea)'),
('lld', 'Ladin'),
('lle', 'Lele (Papua New Guinea)'),
('llf', 'Hermit'),
('llg', 'Lole'),
('llh', 'Lamu'),
('lli', 'Teke-Laali'),
('llk', 'Lelak'),
('lll', 'Lilau'),
('llm', 'Lasalimu'),
('lln', 'Lele (Chad)'),
('llo', 'Khlor'),
('llp', 'North Efate'),
('llq', 'Lolak'),
('lls', 'Lithuanian Sign Language'),
('llu', 'Lau'),
('llx', 'Lauan'),
('lma', 'East Limba'),
('lmb', 'Merei'),
('lmc', 'Limilngan'),
('lmd', 'Lumun'),
('lme', 'Pv'),
('lmf', 'South Lembata'),
('lmg', 'Lamogai'),
('lmh', 'Lambichhong'),
('lmi', 'Lombi'),
('lmj', 'West Lembata'),
('lmk', 'Lamkang'),
('lml', 'Hano'),
('lmm', 'Lamam'),
('lmn', 'Lambadi'),
('lmo', 'Lombard'),
('lmp', 'Limbum'),
('lmq', 'Lamatuka'),
('lmr', 'Lamalera'),
('lmu', 'Lamenu'),
('lmv', 'Lomaiviti'),
('lmw', 'Lake Miwok'),
('lmx', 'Laimbue'),
('lmy', 'Lamboya'),
('lmz', 'Lumbee'),
('lna', 'Langbashe'),
('lnb', 'Mbalanhu'),
('lnd', 'Lundayeh'),
('lnd', 'Lun Bawang'),
('lng', 'Langobardic'),
('lnh', 'Lanoh'),
('lni', 'Daantanai'),
('lnj', 'Leningitij'),
('lnl', 'South Central Banda'),
('lnm', 'Langam'),
('lnn', 'Lorediakarkar'),
('lno', 'Lango (Sudan)'),
('lns', 'Lamnso'),
('lnu', 'Longuda'),
('lnz', 'Lonzo'),
('loa', 'Loloda'),
('lob', 'Lobi'),
('loc', 'Inonhan'),
('loe', 'Saluan'),
('lof', 'Logol'),
('log', 'Logo'),
('loh', 'Narim'),
('loi', 'Loma (Cte d''Ivoire)'),
('loj', 'Lou'),
('lok', 'Loko'),
('lol', 'Mongo'),
('lom', 'Loma (Liberia)'),
('lon', 'Malawi Lomwe'),
('loo', 'Lombo'),
('lop', 'Lopa'),
('loq', 'Lobala'),
('lor', 'Tn'),
('los', 'Loniu'),
('lot', 'Otuho'),
('lou', 'Louisiana Creole French'),
('lov', 'Lopi'),
('low', 'Tampias Lobu'),
('lox', 'Loun'),
('loy', 'Lowa'),
('loz', 'Lozi'),
('lpa', 'Lelepa'),
('lpe', 'Lepki'),
('lpn', 'Long Phuri Naga'),
('lpo', 'Lipo'),
('lpx', 'Lopit'),
('lra', 'Rara Bakati'),
('lrc', 'Northern Luri'),
('lre', 'Laurentian'),
('lrg', 'Laragia'),
('lri', 'Marachi'),
('lri', 'Olumarachi'),
('lrk', 'Loarki'),
('lrl', 'Lari'),
('lrm', 'Marama'),
('lrm', 'Olumarama'),
('lrn', 'Lorang'),
('lro', 'Laro'),
('lrr', 'Southern Lorung'),
('lrt', 'Larantuka Malay'),
('lrv', 'Larevat'),
('lrz', 'Lemerig'),
('lsa', 'Lasgerdi'),
('lsd', 'Lishana Deni'),
('lse', 'Lusengo'),
('lsg', 'Lyons Sign Language'),
('lsh', 'Lish'),
('lsi', 'Lashi'),
('lsl', 'Latvian Sign Language'),
('lsm', 'Saamia'),
('lsm', 'Olusamia'),
('lso', 'Laos Sign Language'),
('lsp', 'Panamanian Sign Language'),
('lsp', 'Lengua de Seas Panameas'),
('lsr', 'Aruop'),
('lss', 'Lasi'),
('lst', 'Trinidad and Tobago Sign Language'),
('lsy', 'Mauritian Sign Language'),
('ltc', 'Late Middle Chinese'),
('ltg', 'Latgalian'),
('lti', 'Leti (Indonesia)'),
('ltn', 'Latund'),
('lto', 'Tsotso'),
('lto', 'Olutsotso'),
('lts', 'Tachoni'),
('lts', 'Lutachoni'),
('ltu', 'Latu'),
('lua', 'Luba-Lulua'),
('luc', 'Aringa'),
('lud', 'Ludian'),
('lue', 'Luvale'),
('luf', 'Laua'),
('lui', 'Luiseno'),
('luj', 'Luna'),
('luk', 'Lunanakha'),
('lul', 'Olu''bo'),
('lum', 'Luimbi'),
('lun', 'Lunda'),
('luo', 'Luo (Kenya and Tanzania)'),
('luo', 'Dholuo'),
('lup', 'Lumbu'),
('luq', 'Lucumi'),
('lur', 'Laura'),
('lus', 'Lushai'),
('lut', 'Lushootseed'),
('luu', 'Lumba-Yakkha'),
('luv', 'Luwati'),
('luw', 'Luo (Cameroon)'),
('luy', 'Luyia'),
('luy', 'Oluluyia'),
('luz', 'Southern Luri'),
('lva', 'Maku''a'),
('lvk', 'Lavukaleve'),
('lvs', 'Standard Latvian'),
('lvu', 'Levuka'),
('lwa', 'Lwalu'),
('lwe', 'Lewo Eleng'),
('lwg', 'Wanga'),
('lwg', 'Oluwanga'),
('lwh', 'White Lachi'),
('lwl', 'Eastern Lawa'),
('lwm', 'Laomian'),
('lwo', 'Luwo'),
('lwt', 'Lewotobi'),
('lww', 'Lewo'),
('lya', 'Layakha'),
('lyg', 'Lyngngam'),
('lyn', 'Luyana'),
('lzh', 'Literary Chinese'),
('lzl', 'Litzlitz'),
('lzn', 'Leinong Naga'),
('lzz', 'Laz'),
('maa', 'San Jernimo Tecatl Mazatec'),
('mab', 'Yutanduchi Mixtec'),
('mad', 'Madurese'),
('mae', 'Bo-Rukul'),
('maf', 'Mafa'),
('mag', 'Magahi'),
('mai', 'Maithili'),
('maj', 'Jalapa De Daz Mazatec'),
('mak', 'Makasar'),
('mam', 'Mam'),
('man', 'Mandingo'),
('map', 'Austronesian languages'),
('maq', 'Chiquihuitln Mazatec'),
('mas', 'Masai'),
('mat', 'San Francisco Matlatzinca'),
('mau', 'Huautla Mazatec'),
('mav', 'Sater-Maw'),
('maw', 'Mampruli'),
('max', 'North Moluccan Malay'),
('maz', 'Central Mazahua'),
('mba', 'Higaonon'),
('mbb', 'Western Bukidnon Manobo'),
('mbc', 'Macushi'),
('mbd', 'Dibabawon Manobo'),
('mbe', 'Molale'),
('mbf', 'Baba Malay'),
('mbh', 'Mangseng'),
('mbi', 'Ilianen Manobo'),
('mbj', 'Nadb'),
('mbk', 'Malol'),
('mbl', 'Maxakal'),
('mbm', 'Ombamba'),
('mbn', 'Macagun'),
('mbo', 'Mbo (Cameroon)'),
('mbp', 'Malayo'),
('mbq', 'Maisin'),
('mbr', 'Nukak Mak'),
('mbs', 'Sarangani Manobo'),
('mbt', 'Matigsalug Manobo'),
('mbu', 'Mbula-Bwazza'),
('mbv', 'Mbulungish'),
('mbw', 'Maring'),
('mbx', 'Mari (East Sepik Province)'),
('mby', 'Memoni'),
('mbz', 'Amoltepec Mixtec'),
('mca', 'Maca'),
('mcb', 'Machiguenga'),
('mcc', 'Bitur'),
('mcd', 'Sharanahua'),
('mce', 'Itundujia Mixtec'),
('mcf', 'Matss'),
('mcg', 'Mapoyo'),
('mch', 'Maquiritari'),
('mci', 'Mese'),
('mcj', 'Mvanip'),
('mck', 'Mbunda'),
('mcl', 'Macaguaje'),
('mcm', 'Malaccan Creole Portuguese'),
('mcn', 'Masana'),
('mco', 'Coatln Mixe'),
('mcp', 'Makaa'),
('mcq', 'Ese'),
('mcr', 'Menya'),
('mcs', 'Mambai'),
('mct', 'Mengisa'),
('mcu', 'Cameroon Mambila'),
('mcv', 'Minanibai'),
('mcw', 'Mawa (Chad)'),
('mcx', 'Mpiemo'),
('mcy', 'South Watut'),
('mcz', 'Mawan'),
('mda', 'Mada (Nigeria)'),
('mdb', 'Morigi'),
('mdc', 'Male (Papua New Guinea)'),
('mdd', 'Mbum'),
('mde', 'Maba (Chad)'),
('mdf', 'Moksha'),
('mdg', 'Massalat'),
('mdh', 'Maguindanaon'),
('mdi', 'Mamvu'),
('mdj', 'Mangbetu'),
('mdk', 'Mangbutu'),
('mdl', 'Maltese Sign Language'),
('mdm', 'Mayogo'),
('mdn', 'Mbati'),
('mdp', 'Mbala'),
('mdq', 'Mbole'),
('mdr', 'Mandar'),
('mds', 'Maria (Papua New Guinea)'),
('mdt', 'Mbere'),
('mdu', 'Mboko'),
('mdv', 'Santa Luca Monteverde Mixtec'),
('mdw', 'Mbosi'),
('mdx', 'Dizin'),
('mdy', 'Male (Ethiopia)'),
('mdz', 'Suru Do Par'),
('mea', 'Menka'),
('meb', 'Ikobi-Mena'),
('mec', 'Mara'),
('med', 'Melpa'),
('mee', 'Mengen'),
('mef', 'Megam'),
('meg', 'Mea'),
('meh', 'Southwestern Tlaxiaco Mixtec'),
('mei', 'Midob'),
('mej', 'Meyah'),
('mek', 'Mekeo'),
('mel', 'Central Melanau'),
('mem', 'Mangala'),
('men', 'Mende (Sierra Leone)'),
('meo', 'Kedah Malay'),
('mep', 'Miriwung'),
('meq', 'Merey'),
('mer', 'Meru'),
('mes', 'Masmaje'),
('met', 'Mato'),
('meu', 'Motu'),
('mev', 'Mann'),
('mew', 'Maaka'),
('mey', 'Hassaniyya'),
('mez', 'Menominee'),
('mfa', 'Pattani Malay'),
('mfb', 'Bangka'),
('mfc', 'Mba'),
('mfd', 'Mendankwe-Nkwen'),
('mfe', 'Morisyen'),
('mff', 'Naki'),
('mfg', 'Mixifore'),
('mfh', 'Matal'),
('mfi', 'Wandala'),
('mfj', 'Mefele'),
('mfk', 'North Mofu'),
('mfl', 'Putai'),
('mfm', 'Marghi South'),
('mfn', 'Cross River Mbembe'),
('mfo', 'Mbe'),
('mfp', 'Makassar Malay'),
('mfq', 'Moba'),
('mfr', 'Marithiel'),
('mfs', 'Mexican Sign Language'),
('mft', 'Mokerang'),
('mfu', 'Mbwela'),
('mfv', 'Mandjak'),
('mfw', 'Mulaha'),
('mfx', 'Melo'),
('mfy', 'Mayo'),
('mfz', 'Mabaan'),
('mga', 'Middle Irish (900-1200)'),
('mgb', 'Mararit'),
('mgc', 'Morokodo'),
('mgd', 'Moru'),
('mge', 'Mango'),
('mgf', 'Maklew'),
('mgg', 'Mpongmpong'),
('mgh', 'Makhuwa-Meetto'),
('mgi', 'Lijili'),
('mgj', 'Abureni'),
('mgk', 'Mawes'),
('mgl', 'Maleu-Kilenge'),
('mgm', 'Mambae'),
('mgn', 'Mbangi'),
('mgo', 'Meta'),
('mgp', 'Eastern Magar'),
('mgq', 'Malila'),
('mgr', 'Mambwe-Lungu'),
('mgs', 'Manda (Tanzania)'),
('mgt', 'Mongol'),
('mgu', 'Mailu'),
('mgv', 'Matengo'),
('mgw', 'Matumbi'),
('mgx', 'Omati'),
('mgy', 'Mbunga'),
('mgz', 'Mbugwe'),
('mha', 'Manda (India)'),
('mhb', 'Mahongwe'),
('mhc', 'Mocho'),
('mhd', 'Mbugu'),
('mhe', 'Besisi'),
('mhe', 'Mah Meri'),
('mhf', 'Mamaa'),
('mhg', 'Margu'),
('mhh', 'Maskoy Pidgin'),
('mhi', 'Ma''di'),
('mhj', 'Mogholi'),
('mhk', 'Mungaka'),
('mhl', 'Mauwake'),
('mhm', 'Makhuwa-Moniga'),
('mhn', 'Mcheno'),
('mho', 'Mashi (Zambia)'),
('mhp', 'Balinese Malay'),
('mhq', 'Mandan'),
('mhr', 'Eastern Mari'),
('mhs', 'Buru (Indonesia)'),
('mht', 'Mandahuaca'),
('mhu', 'Digaro-Mishmi'),
('mhu', 'Darang Deng'),
('mhw', 'Mbukushu'),
('mhx', 'Maru'),
('mhx', 'Lhaovo'),
('mhy', 'Ma''anyan'),
('mhz', 'Mor (Mor Islands)'),
('mia', 'Miami'),
('mib', 'Atatlhuca Mixtec'),
('mic', 'Mi''kmaq'),
('mic', 'Micmac'),
('mid', 'Mandaic'),
('mie', 'Ocotepec Mixtec'),
('mif', 'Mofu-Gudur'),
('mig', 'San Miguel El Grande Mixtec'),
('mih', 'Chayuco Mixtec'),
('mii', 'Chigmecatitln Mixtec'),
('mij', 'Abar'),
('mik', 'Mikasuki'),
('mil', 'Peoles Mixtec'),
('mim', 'Alacatlatzala Mixtec'),
('min', 'Minangkabau'),
('mio', 'Pinotepa Nacional Mixtec'),
('mip', 'Apasco-Apoala Mixtec'),
('miq', 'Mskito'),
('mir', 'Isthmus Mixe'),
('mis', 'Uncoded languages'),
('mit', 'Southern Puebla Mixtec'),
('miu', 'Cacaloxtepec Mixtec'),
('miw', 'Akoye'),
('mix', 'Mixtepec Mixtec'),
('miy', 'Ayutla Mixtec'),
('miz', 'Coatzospan Mixtec'),
('mja', 'Mahei'),
('mjc', 'San Juan Colorado Mixtec'),
('mjd', 'Northwest Maidu'),
('mje', 'Muskum'),
('mjg', 'Tu'),
('mjh', 'Mwera (Nyasa)'),
('mji', 'Kim Mun'),
('mjj', 'Mawak'),
('mjk', 'Matukar'),
('mjl', 'Mandeali'),
('mjm', 'Medebur'),
('mjn', 'Ma (Papua New Guinea)'),
('mjo', 'Malankuravan'),
('mjp', 'Malapandaram'),
('mjq', 'Malaryan'),
('mjr', 'Malavedan'),
('mjs', 'Miship'),
('mjt', 'Sauria Paharia'),
('mju', 'Manna-Dora'),
('mjv', 'Mannan'),
('mjw', 'Karbi'),
('mjx', 'Mahali'),
('mjy', 'Mahican'),
('mjz', 'Majhi'),
('mka', 'Mbre'),
('mkb', 'Mal Paharia'),
('mkc', 'Siliput'),
('mke', 'Mawchi'),
('mkf', 'Miya'),
('mkg', 'Mak (China)'),
('mkh', 'Mon-Khmer languages'),
('mki', 'Dhatki'),
('mkj', 'Mokilese'),
('mkk', 'Byep'),
('mkl', 'Mokole'),
('mkm', 'Moklen'),
('mkn', 'Kupang Malay'),
('mko', 'Mingang Doso'),
('mkp', 'Moikodi'),
('mkq', 'Bay Miwok'),
('mkr', 'Malas'),
('mks', 'Silacayoapan Mixtec'),
('mkt', 'Vamale'),
('mku', 'Konyanka Maninka'),
('mkv', 'Mafea'),
('mkw', 'Kituba (Congo)'),
('mkx', 'Kinamiging Manobo'),
('mky', 'East Makian'),
('mkz', 'Makasae'),
('mla', 'Malo'),
('mlb', 'Mbule'),
('mlc', 'Cao Lan'),
('mld', 'Malakhel'),
('mle', 'Manambu'),
('mlf', 'Mal'),
('mlh', 'Mape'),
('mli', 'Malimpung'),
('mlj', 'Miltu'),
('mlk', 'Ilwana'),
('mlk', 'Kiwilwana'),
('mll', 'Malua Bay'),
('mlm', 'Mulam'),
('mln', 'Malango'),
('mlo', 'Mlomp'),
('mlp', 'Bargam'),
('mlq', 'Western Maninkakan'),
('mlr', 'Vame'),
('mls', 'Masalit'),
('mlu', 'To''abaita'),
('mlv', 'Motlav'),
('mlv', 'Mwotlap'),
('mlw', 'Moloko'),
('mlx', 'Malfaxal'),
('mlx', 'Naha''ai'),
('mlz', 'Malaynon'),
('mma', 'Mama'),
('mmb', 'Momina'),
('mmc', 'Michoacn Mazahua'),
('mmd', 'Maonan'),
('mme', 'Mae'),
('mmf', 'Mundat'),
('mmg', 'North Ambrym'),
('mmh', 'Mehinku'),
('mmi', 'Musar'),
('mmj', 'Majhwar'),
('mmk', 'Mukha-Dora'),
('mml', 'Man Met'),
('mmm', 'Maii'),
('mmn', 'Mamanwa'),
('mmo', 'Mangga Buang'),
('mmp', 'Siawi'),
('mmq', 'Musak'),
('mmr', 'Western Xiangxi Miao'),
('mmt', 'Malalamai'),
('mmu', 'Mmaala'),
('mmv', 'Miriti'),
('mmw', 'Emae'),
('mmx', 'Madak'),
('mmy', 'Migaama'),
('mmz', 'Mabaale'),
('mna', 'Mbula'),
('mnb', 'Muna'),
('mnc', 'Manchu'),
('mnd', 'Mond'),
('mne', 'Naba'),
('mnf', 'Mundani'),
('mng', 'Eastern Mnong'),
('mnh', 'Mono (Democratic Republic of Congo)'),
('mni', 'Manipuri'),
('mnj', 'Munji'),
('mnk', 'Mandinka'),
('mnl', 'Tiale'),
('mnm', 'Mapena'),
('mnn', 'Southern Mnong'),
('mno', 'Manobo languages'),
('mnp', 'Min Bei Chinese'),
('mnq', 'Minriq'),
('mnr', 'Mono (USA)'),
('mns', 'Mansi'),
('mnt', 'Maykulan'),
('mnu', 'Mer'),
('mnv', 'Rennell-Bellona'),
('mnw', 'Mon'),
('mnx', 'Manikion'),
('mny', 'Manyawa'),
('mnz', 'Moni'),
('moa', 'Mwan'),
('moc', 'Mocov'),
('mod', 'Mobilian'),
('moe', 'Montagnais'),
('mof', 'Mohegan-Montauk-Narragansett'),
('mog', 'Mongondow'),
('moh', 'Mohawk'),
('moi', 'Mboi'),
('moj', 'Monzombo'),
('mok', 'Morori'),
('mom', 'Mangue'),
('moo', 'Monom'),
('mop', 'Mopn Maya'),
('moq', 'Mor (Bomberai Peninsula)'),
('mor', 'Moro'),
('mos', 'Mossi'),
('mot', 'Bar'),
('mou', 'Mogum'),
('mov', 'Mohave'),
('mow', 'Moi (Congo)'),
('mox', 'Molima'),
('moy', 'Shekkacho'),
('moz', 'Mukulu'),
('moz', 'Gergiko'),
('mpa', 'Mpoto'),
('mpb', 'Mullukmulluk'),
('mpc', 'Mangarayi'),
('mpd', 'Machinere'),
('mpe', 'Majang'),
('mpg', 'Marba'),
('mph', 'Maung'),
('mpi', 'Mpade'),
('mpj', 'Martu Wangka'),
('mpk', 'Mbara (Chad)'),
('mpl', 'Middle Watut'),
('mpm', 'Yosonda Mixtec'),
('mpn', 'Mindiri'),
('mpo', 'Miu'),
('mpp', 'Migabac'),
('mpq', 'Mats'),
('mpr', 'Vangunu'),
('mps', 'Dadibi'),
('mpt', 'Mian'),
('mpu', 'Makurp'),
('mpv', 'Mungkip'),
('mpw', 'Mapidian'),
('mpx', 'Misima-Paneati'),
('mpy', 'Mapia'),
('mpz', 'Mpi'),
('mqa', 'Maba (Indonesia)'),
('mqb', 'Mbuko'),
('mqc', 'Mangole'),
('mqe', 'Matepi'),
('mqf', 'Momuna'),
('mqg', 'Kota Bangun Kutai Malay'),
('mqh', 'Tlazoyaltepec Mixtec'),
('mqi', 'Mariri'),
('mqj', 'Mamasa'),
('mqk', 'Rajah Kabunsuwan Manobo'),
('mql', 'Mbelime'),
('mqm', 'South Marquesan'),
('mqn', 'Moronene'),
('mqo', 'Modole'),
('mqp', 'Manipa'),
('mqq', 'Minokok'),
('mqr', 'Mander'),
('mqs', 'West Makian'),
('mqt', 'Mok'),
('mqu', 'Mandari'),
('mqv', 'Mosimo'),
('mqw', 'Murupi'),
('mqx', 'Mamuju'),
('mqy', 'Manggarai'),
('mqz', 'Malasanga'),
('mra', 'Mlabri'),
('mrb', 'Marino'),
('mrc', 'Maricopa'),
('mrd', 'Western Magar'),
('mre', 'Martha''s Vineyard Sign Language'),
('mrf', 'Elseng'),
('mrg', 'Mising'),
('mrh', 'Mara Chin'),
('mrj', 'Western Mari'),
('mrk', 'Hmwaveke'),
('mrl', 'Mortlockese'),
('mrm', 'Merlav'),
('mrm', 'Mwerlap'),
('mrn', 'Cheke Holo'),
('mro', 'Mru'),
('mrp', 'Morouas'),
('mrq', 'North Marquesan'),
('mrr', 'Maria (India)'),
('mrs', 'Maragus'),
('mrt', 'Marghi Central'),
('mru', 'Mono (Cameroon)'),
('mrv', 'Mangareva'),
('mrw', 'Maranao'),
('mrx', 'Maremgi'),
('mrx', 'Dineor'),
('mry', 'Mandaya'),
('mrz', 'Marind'),
('msb', 'Masbatenyo'),
('msc', 'Sankaran Maninka'),
('msd', 'Yucatec Maya Sign Language'),
('mse', 'Musey'),
('msf', 'Mekwei'),
('msg', 'Moraid'),
('msh', 'Masikoro Malagasy'),
('msi', 'Sabah Malay'),
('msj', 'Ma (Democratic Republic of Congo)'),
('msk', 'Mansaka'),
('msl', 'Molof'),
('msl', 'Poule'),
('msm', 'Agusan Manobo'),
('msn', 'Vurs'),
('mso', 'Mombum'),
('msp', 'Maritsau'),
('msq', 'Caac'),
('msr', 'Mongolian Sign Language'),
('mss', 'West Masela'),
('mst', 'Cataelano Mandaya'),
('msu', 'Musom'),
('msv', 'Maslam'),
('msw', 'Mansoanka'),
('msx', 'Moresada'),
('msy', 'Aruamu'),
('msz', 'Momare'),
('mta', 'Cotabato Manobo'),
('mtb', 'Anyin Morofo'),
('mtc', 'Munit'),
('mtd', 'Mualang'),
('mte', 'Mono (Solomon Islands)'),
('mtf', 'Murik (Papua New Guinea)'),
('mtg', 'Una'),
('mth', 'Munggui'),
('mti', 'Maiwa (Papua New Guinea)'),
('mtj', 'Moskona'),
('mtk', 'Mbe'),
('mtl', 'Montol'),
('mtm', 'Mator'),
('mtn', 'Matagalpa'),
('mto', 'Totontepec Mixe'),
('mtp', 'Wich Lhamts Nocten'),
('mtq', 'Muong'),
('mtr', 'Mewari'),
('mts', 'Yora'),
('mtt', 'Mota'),
('mtu', 'Tututepec Mixtec'),
('mtv', 'Asaro''o'),
('mtw', 'Southern Binukidnon'),
('mtx', 'Tida Mixtec'),
('mty', 'Nabi'),
('mua', 'Mundang'),
('mub', 'Mubi'),
('muc', 'Mbu'),
('mud', 'Mednyj Aleut'),
('mue', 'Media Lengua'),
('mug', 'Musgu'),
('muh', 'Mnd'),
('mui', 'Musi'),
('muj', 'Mabire'),
('muk', 'Mugom'),
('mul', 'Multiple languages'),
('mum', 'Maiwala'),
('mun', 'Munda languages'),
('muo', 'Nyong'),
('mup', 'Malvi'),
('muq', 'Eastern Xiangxi Miao'),
('mur', 'Murle'),
('mus', 'Creek'),
('mut', 'Western Muria'),
('muu', 'Yaaku'),
('muv', 'Muthuvan'),
('mux', 'Bo-Ung'),
('muy', 'Muyang'),
('muz', 'Mursi'),
('mva', 'Manam'),
('mvb', 'Mattole'),
('mvd', 'Mamboru'),
('mve', 'Marwari (Pakistan)'),
('mvf', 'Peripheral Mongolian'),
('mvg', 'Yucuae Mixtec'),
('mvh', 'Mire'),
('mvi', 'Miyako'),
('mvk', 'Mekmek'),
('mvl', 'Mbara (Australia)'),
('mvm', 'Muya'),
('mvn', 'Minaveha'),
('mvo', 'Marovo'),
('mvp', 'Duri'),
('mvq', 'Moere'),
('mvr', 'Marau'),
('mvs', 'Massep'),
('mvt', 'Mpotovoro'),
('mvu', 'Marfa'),
('mvv', 'Tagal Murut'),
('mvw', 'Machinga'),
('mvx', 'Meoswar'),
('mvy', 'Indus Kohistani'),
('mvz', 'Mesqan'),
('mwa', 'Mwatebu'),
('mwb', 'Juwal'),
('mwc', 'Are'),
('mwd', 'Mudbura'),
('mwe', 'Mwera (Chimwera)'),
('mwf', 'Murrinh-Patha'),
('mwg', 'Aiklep'),
('mwh', 'Mouk-Aria'),
('mwi', 'Labo'),
('mwi', 'Ninde'),
('mwj', 'Maligo'),
('mwk', 'Kita Maninkakan'),
('mwl', 'Mirandese'),
('mwm', 'Sar'),
('mwn', 'Nyamwanga'),
('mwo', 'Central Maewo'),
('mwp', 'Kala Lagaw Ya'),
('mwq', 'Mn Chin'),
('mwr', 'Marwari'),
('mws', 'Mwimbi-Muthambi'),
('mwt', 'Moken'),
('mwu', 'Mittu'),
('mwv', 'Mentawai'),
('mww', 'Hmong Daw'),
('mwx', 'Mediak'),
('mwy', 'Mosiro'),
('mwz', 'Moingi'),
('mxa', 'Northwest Oaxaca Mixtec'),
('mxb', 'Tezoatln Mixtec'),
('mxc', 'Manyika'),
('mxd', 'Modang'),
('mxe', 'Mele-Fila'),
('mxf', 'Malgbe'),
('mxg', 'Mbangala'),
('mxh', 'Mvuba'),
('mxi', 'Mozarabic'),
('mxj', 'Miju-Mishmi'),
('mxj', 'Geman Deng'),
('mxk', 'Monumbo'),
('mxl', 'Maxi Gbe'),
('mxm', 'Meramera'),
('mxn', 'Moi (Indonesia)'),
('mxo', 'Mbowe'),
('mxp', 'Tlahuitoltepec Mixe'),
('mxq', 'Juquila Mixe'),
('mxr', 'Murik (Malaysia)'),
('mxs', 'Huitepec Mixtec'),
('mxt', 'Jamiltepec Mixtec'),
('mxu', 'Mada (Cameroon)'),
('mxv', 'Metlatnoc Mixtec'),
('mxw', 'Namo'),
('mxx', 'Mahou'),
('mxx', 'Mawukakan'),
('mxy', 'Southeastern Nochixtln Mixtec'),
('mxz', 'Central Masela'),
('myb', 'Mbay'),
('myc', 'Mayeka'),
('myd', 'Maramba'),
('mye', 'Myene'),
('myf', 'Bambassi'),
('myg', 'Manta'),
('myh', 'Makah'),
('myi', 'Mina (India)'),
('myj', 'Mangayat'),
('myk', 'Mamara Senoufo'),
('myl', 'Moma'),
('mym', 'Me''en'),
('myn', 'Mayan languages'),
('myo', 'Anfillo'),
('myp', 'Pirah'),
('myq', 'Forest Maninka'),
('myr', 'Muniche'),
('mys', 'Mesmes'),
('myt', 'Sangab Mandaya'),
('myu', 'Munduruk'),
('myv', 'Erzya'),
('myw', 'Muyuw'),
('myx', 'Masaaba'),
('myy', 'Macuna'),
('myz', 'Classical Mandaic'),
('mza', 'Santa Mara Zacatepec Mixtec'),
('mzb', 'Tumzabt'),
('mzc', 'Madagascar Sign Language'),
('mzd', 'Malimba'),
('mze', 'Morawa'),
('mzg', 'Monastic Sign Language'),
('mzh', 'Wich Lhamts Gisnay'),
('mzi', 'Ixcatln Mazatec'),
('mzj', 'Manya'),
('mzk', 'Nigeria Mambila'),
('mzl', 'Mazatln Mixe'),
('mzm', 'Mumuye'),
('mzn', 'Mazanderani'),
('mzo', 'Matipuhy'),
('mzp', 'Movima'),
('mzq', 'Mori Atas'),
('mzr', 'Marbo'),
('mzs', 'Macanese'),
('mzt', 'Mintil'),
('mzu', 'Inapang'),
('mzv', 'Manza'),
('mzw', 'Deg'),
('mzx', 'Mawayana'),
('mzy', 'Mozambican Sign Language'),
('mzz', 'Maiadomu'),
('naa', 'Namla'),
('nab', 'Southern Nambikura'),
('nac', 'Narak'),
('nad', 'Nijadali'),
('nae', 'Naka''ela'),
('naf', 'Nabak'),
('nag', 'Naga Pidgin'),
('nah', 'Nahuatl languages'),
('nai', 'North American Indian languages'),
('naj', 'Nalu'),
('nak', 'Nakanai'),
('nal', 'Nalik'),
('nam', 'Nangikurrunggurr'),
('nan', 'Min Nan Chinese'),
('nao', 'Naaba'),
('nap', 'Neapolitan'),
('naq', 'Nama (Namibia)'),
('nar', 'Iguta'),
('nas', 'Naasioi'),
('nat', 'Hungworo'),
('naw', 'Nawuri'),
('nax', 'Nakwi'),
('nay', 'Narrinyeri'),
('naz', 'Coatepec Nahuatl'),
('nba', 'Nyemba'),
('nbb', 'Ndoe'),
('nbc', 'Chang Naga'),
('nbd', 'Ngbinda'),
('nbe', 'Konyak Naga'),
('nbf', 'Naxi'),
('nbg', 'Nagarchal'),
('nbh', 'Ngamo'),
('nbi', 'Mao Naga'),
('nbj', 'Ngarinman'),
('nbk', 'Nake'),
('nbm', 'Ngbaka Ma''bo'),
('nbn', 'Kuri'),
('nbo', 'Nkukoli'),
('nbp', 'Nnam'),
('nbq', 'Nggem'),
('nbr', 'Numana-Nunku-Gbantu-Numbu'),
('nbs', 'Namibian Sign Language'),
('nbt', 'Na'),
('nbu', 'Rongmei Naga'),
('nbv', 'Ngamambo'),
('nbw', 'Southern Ngbandi'),
('nbx', 'Ngura'),
('nby', 'Ningera'),
('nca', 'Iyo'),
('ncb', 'Central Nicobarese'),
('ncc', 'Ponam'),
('ncd', 'Nachering'),
('nce', 'Yale'),
('ncf', 'Notsi'),
('ncg', 'Nisga''a'),
('nch', 'Central Huasteca Nahuatl'),
('nci', 'Classical Nahuatl'),
('ncj', 'Northern Puebla Nahuatl'),
('nck', 'Nakara'),
('ncl', 'Michoacn Nahuatl'),
('ncm', 'Nambo'),
('ncn', 'Nauna'),
('nco', 'Sibe'),
('ncp', 'Ndaktup'),
('ncr', 'Ncane'),
('ncs', 'Nicaraguan Sign Language'),
('nct', 'Chothe Naga'),
('ncu', 'Chumburung'),
('ncx', 'Central Puebla Nahuatl'),
('ncz', 'Natchez'),
('nda', 'Ndasa'),
('ndb', 'Kenswei Nsei'),
('ndc', 'Ndau'),
('ndd', 'Nde-Nsele-Nta'),
('ndf', 'Nadruvian'),
('ndg', 'Ndengereko'),
('ndh', 'Ndali'),
('ndi', 'Samba Leko'),
('ndj', 'Ndamba'),
('ndk', 'Ndaka'),
('ndl', 'Ndolo'),
('ndm', 'Ndam'),
('ndn', 'Ngundi'),
('ndp', 'Ndo'),
('ndq', 'Ndombe'),
('ndr', 'Ndoola'),
('nds', 'Low German'),
('nds', 'Low Saxon'),
('ndt', 'Ndunga'),
('ndu', 'Dugun'),
('ndv', 'Ndut'),
('ndw', 'Ndobo'),
('ndx', 'Nduga'),
('ndy', 'Lutos'),
('ndz', 'Ndogo'),
('nea', 'Eastern Ngad''a'),
('neb', 'Toura (Cte d''Ivoire)'),
('nec', 'Nedebang'),
('ned', 'Nde-Gbite'),
('nee', 'Nlmwa-Nixumwak'),
('nef', 'Nefamese'),
('neg', 'Negidal'),
('neh', 'Nyenkha'),
('nei', 'Neo-Hittite'),
('nej', 'Neko'),
('nek', 'Neku'),
('nem', 'Nemi'),
('nen', 'Nengone'),
('neo', 'N-Meo'),
('neq', 'North Central Mixe'),
('ner', 'Yahadian'),
('nes', 'Bhoti Kinnauri'),
('net', 'Nete'),
('nev', 'Nyaheun'),
('new', 'Newari'),
('new', 'Nepal Bhasa'),
('nex', 'Neme'),
('ney', 'Neyo'),
('nez', 'Nez Perce'),
('nfa', 'Dhao'),
('nfd', 'Ahwai'),
('nfl', 'Ayiwo'),
('nfl', 'iwoo'),
('nfr', 'Nafaanra'),
('nfu', 'Mfumte'),
('nga', 'Ngbaka'),
('ngb', 'Northern Ngbandi'),
('ngc', 'Ngombe (Democratic Republic of Congo)'),
('ngd', 'Ngando (Central African Republic)'),
('nge', 'Ngemba'),
('ngf', 'Trans-New Guinea languages'),
('ngg', 'Ngbaka Manza'),
('ngh', 'N/u'),
('ngi', 'Ngizim'),
('ngj', 'Ngie'),
('ngk', 'Ngalkbun'),
('ngl', 'Lomwe'),
('ngm', 'Ngatik Men''s Creole'),
('ngn', 'Ngwo'),
('ngo', 'Ngoni'),
('ngp', 'Ngulu'),
('ngq', 'Ngurimi'),
('ngq', 'Ngoreme'),
('ngr', 'Nanggu'),
('ngr', 'Nagu'),
('ngs', 'Gvoko'),
('ngt', 'Ngeq'),
('ngu', 'Guerrero Nahuatl'),
('ngv', 'Nagumi'),
('ngw', 'Ngwaba'),
('ngx', 'Nggwahyi'),
('ngy', 'Tibea'),
('ngz', 'Ngungwel'),
('nha', 'Nhanda'),
('nhb', 'Beng'),
('nhc', 'Tabasco Nahuatl'),
('nhd', 'Chirip'),
('nhd', 'Ava Guaran'),
('nhe', 'Eastern Huasteca Nahuatl'),
('nhf', 'Nhuwala'),
('nhg', 'Tetelcingo Nahuatl'),
('nhh', 'Nahari'),
('nhi', 'Zacatln-Ahuacatln-Tepetzintla Nahuatl'),
('nhk', 'Isthmus-Cosoleacaque Nahuatl'),
('nhm', 'Morelos Nahuatl'),
('nhn', 'Central Nahuatl'),
('nho', 'Takuu'),
('nhp', 'Isthmus-Pajapan Nahuatl'),
('nhq', 'Huaxcaleca Nahuatl'),
('nhr', 'Naro'),
('nht', 'Ometepec Nahuatl'),
('nhu', 'Noone'),
('nhv', 'Temascaltepec Nahuatl'),
('nhw', 'Western Huasteca Nahuatl'),
('nhx', 'Isthmus-Mecayapan Nahuatl'),
('nhy', 'Northern Oaxaca Nahuatl'),
('nhz', 'Santa Mara La Alta Nahuatl'),
('nia', 'Nias'),
('nib', 'Nakame'),
('nic', 'Niger-Kordofanian languages'),
('nid', 'Ngandi'),
('nie', 'Niellim'),
('nif', 'Nek'),
('nig', 'Ngalakan'),
('nih', 'Nyiha (Tanzania)'),
('nii', 'Nii'),
('nij', 'Ngaju'),
('nik', 'Southern Nicobarese'),
('nil', 'Nila'),
('nim', 'Nilamba'),
('nin', 'Ninzo'),
('nio', 'Nganasan'),
('niq', 'Nandi'),
('nir', 'Nimboran'),
('nis', 'Nimi'),
('nit', 'Southeastern Kolami'),
('niu', 'Niuean'),
('niv', 'Gilyak'),
('niw', 'Nimo'),
('nix', 'Hema'),
('niy', 'Ngiti'),
('niz', 'Ningil'),
('nja', 'Nzanyi'),
('njb', 'Nocte Naga'),
('njd', 'Ndonde Hamba'),
('njh', 'Lotha Naga'),
('nji', 'Gudanji'),
('njj', 'Njen'),
('njl', 'Njalgulgule'),
('njm', 'Angami Naga'),
('njn', 'Liangmai Naga'),
('njo', 'Ao Naga'),
('njr', 'Njerep'),
('njs', 'Nisa'),
('njt', 'Ndyuka-Trio Pidgin'),
('nju', 'Ngadjunmaya'),
('njx', 'Kunyi'),
('njy', 'Njyem'),
('nka', 'Nkoya'),
('nkb', 'Khoibu Naga'),
('nkc', 'Nkongho'),
('nkd', 'Koireng'),
('nke', 'Duke'),
('nkf', 'Inpui Naga'),
('nkg', 'Nekgini'),
('nkh', 'Khezha Naga'),
('nki', 'Thangal Naga'),
('nkj', 'Nakai'),
('nkk', 'Nokuku'),
('nkm', 'Namat'),
('nkn', 'Nkangala'),
('nko', 'Nkonya'),
('nkp', 'Niuatoputapu'),
('nkq', 'Nkami'),
('nkr', 'Nukuoro'),
('nks', 'North Asmat'),
('nkt', 'Nyika (Tanzania)'),
('nku', 'Bouna Kulango'),
('nkv', 'Nyika (Malawi and Zambia)'),
('nkw', 'Nkutu'),
('nkx', 'Nkoroo'),
('nkz', 'Nkari'),
('nla', 'Ngombale'),
('nlc', 'Nalca'),
('nle', 'East Nyala'),
('nlg', 'Gela'),
('nli', 'Grangali'),
('nlj', 'Nyali'),
('nlk', 'Ninia Yali'),
('nll', 'Nihali'),
('nln', 'Durango Nahuatl'),
('nlo', 'Ngul'),
('nlr', 'Ngarla'),
('nlu', 'Nchumbulu'),
('nlv', 'Orizaba Nahuatl'),
('nlx', 'Nahali'),
('nly', 'Nyamal'),
('nlz', 'Nalgo'),
('nma', 'Maram Naga'),
('nmb', 'Big Nambas'),
('nmb', 'V''nen Taut'),
('nmc', 'Ngam'),
('nmd', 'Ndumu'),
('nme', 'Mzieme Naga'),
('nmf', 'Tangkhul Naga'),
('nmg', 'Kwasio'),
('nmh', 'Monsang Naga'),
('nmi', 'Nyam'),
('nmj', 'Ngombe (Central African Republic)'),
('nmk', 'Namakura'),
('nml', 'Ndemli');
INSERT INTO `lflanguages` (`language`, `name`) VALUES
('nmm', 'Manangba'),
('nmn', '!X'),
('nmo', 'Moyon Naga'),
('nmp', 'Nimanbur'),
('nmq', 'Nambya'),
('nmr', 'Nimbari'),
('nms', 'Letemboi'),
('nmt', 'Namonuito'),
('nmu', 'Northeast Maidu'),
('nmv', 'Ngamini'),
('nmw', 'Nimoa'),
('nmx', 'Nama (Papua New Guinea)'),
('nmy', 'Namuyi'),
('nmz', 'Nawdm'),
('nna', 'Nyangumarta'),
('nnb', 'Nande'),
('nnc', 'Nancere'),
('nnd', 'West Ambae'),
('nne', 'Ngandyera'),
('nnf', 'Ngaing'),
('nng', 'Maring Naga'),
('nnh', 'Ngiemboon'),
('nni', 'North Nuaulu'),
('nnj', 'Nyangatom'),
('nnk', 'Nankina'),
('nnl', 'Northern Rengma Naga'),
('nnm', 'Namia'),
('nnn', 'Ngete'),
('nnp', 'Wancho Naga'),
('nnq', 'Ngindo'),
('nnr', 'Narungga'),
('nns', 'Ningye'),
('nnt', 'Nanticoke'),
('nnu', 'Dwang'),
('nnv', 'Nugunu (Australia)'),
('nnw', 'Southern Nuni'),
('nnx', 'Ngong'),
('nny', 'Nyangga'),
('nnz', 'Nda''nda'),
('noa', 'Woun Meu'),
('noc', 'Nuk'),
('nod', 'Northern Thai'),
('noe', 'Nimadi'),
('nof', 'Nomane'),
('nog', 'Nogai'),
('noh', 'Nomu'),
('noi', 'Noiri'),
('noj', 'Nonuya'),
('nok', 'Nooksack'),
('nom', 'Nocamn'),
('non', 'Old Norse'),
('noo', 'Nootka'),
('nop', 'Numanggang'),
('noq', 'Ngongo'),
('nos', 'Eastern Nisu'),
('not', 'Nomatsiguenga'),
('nou', 'Ewage-Notu'),
('nov', 'Novial'),
('now', 'Nyambo'),
('noy', 'Noy'),
('noz', 'Nayi'),
('npa', 'Nar Phu'),
('npb', 'Nupbikha'),
('nph', 'Phom Naga'),
('npl', 'Southeastern Puebla Nahuatl'),
('npn', 'Mondropolon'),
('npo', 'Pochuri Naga'),
('nps', 'Nipsan'),
('npu', 'Puimei Naga'),
('npy', 'Napu'),
('nqg', 'Southern Nago'),
('nqk', 'Kura Ede Nago'),
('nqm', 'Ndom'),
('nqn', 'Nen'),
('nqo', 'NKo'),
('nra', 'Ngom'),
('nrb', 'Nara'),
('nrc', 'Noric'),
('nre', 'Southern Rengma Naga'),
('nrg', 'Narango'),
('nri', 'Chokri Naga'),
('nrl', 'Ngarluma'),
('nrm', 'Narom'),
('nrn', 'Norn'),
('nrp', 'North Picene'),
('nrr', 'Norra'),
('nrt', 'Northern Kalapuya'),
('nru', 'Narua'),
('nrx', 'Ngurmbur'),
('nrz', 'Lala'),
('nsa', 'Sangtam Naga'),
('nsc', 'Nshi'),
('nsd', 'Southern Nisu'),
('nse', 'Nsenga'),
('nsg', 'Ngasa'),
('nsh', 'Ngoshie'),
('nsi', 'Nigerian Sign Language'),
('nsk', 'Naskapi'),
('nsl', 'Norwegian Sign Language'),
('nsm', 'Sumi Naga'),
('nsn', 'Nehan'),
('nso', 'Pedi'),
('nso', 'Northern Sotho'),
('nso', 'Sepedi'),
('nsp', 'Nepalese Sign Language'),
('nsq', 'Northern Sierra Miwok'),
('nsr', 'Maritime Sign Language'),
('nss', 'Nali'),
('nst', 'Tase Naga'),
('nsu', 'Sierra Negra Nahuatl'),
('nsv', 'Southwestern Nisu'),
('nsw', 'Navut'),
('nsx', 'Nsongo'),
('nsy', 'Nasal'),
('nsz', 'Nisenan'),
('nte', 'Nathembo'),
('nti', 'Natioro'),
('ntj', 'Ngaanyatjarra'),
('ntk', 'Ikoma-Nata-Isenye'),
('ntm', 'Nateni'),
('nto', 'Ntomba'),
('ntp', 'Northern Tepehuan'),
('ntr', 'Delo'),
('nts', 'Natagaimas'),
('ntu', 'Natgu'),
('ntw', 'Nottoway'),
('nty', 'Mantsi'),
('ntz', 'Natanzi'),
('nua', 'Yuaga'),
('nub', 'Nubian languages'),
('nuc', 'Nukuini'),
('nud', 'Ngala'),
('nue', 'Ngundu'),
('nuf', 'Nusu'),
('nug', 'Nungali'),
('nuh', 'Ndunda'),
('nui', 'Ngumbi'),
('nuj', 'Nyole'),
('nuk', 'Nuu-chah-nulth'),
('nuk', 'Nuuchahnulth'),
('nul', 'Nusa Laut'),
('num', 'Niuafo''ou'),
('nun', 'Anong'),
('nuo', 'Ngun'),
('nup', 'Nupe-Nupe-Tako'),
('nuq', 'Nukumanu'),
('nur', 'Nukuria'),
('nus', 'Nuer'),
('nut', 'Nung (Viet Nam)'),
('nuu', 'Ngbundu'),
('nuv', 'Northern Nuni'),
('nuw', 'Nguluwan'),
('nux', 'Mehek'),
('nuy', 'Nunggubuyu'),
('nuz', 'Tlamacazapa Nahuatl'),
('nvh', 'Nasarian'),
('nvm', 'Namiae'),
('nwa', 'Nawathinehena'),
('nwb', 'Nyabwa'),
('nwc', 'Classical Newari'),
('nwc', 'Classical Nepal Bhasa'),
('nwc', 'Old Newari'),
('nwe', 'Ngwe'),
('nwi', 'Southwest Tanna'),
('nwm', 'Nyamusa-Molo'),
('nwr', 'Nawaru'),
('nwx', 'Middle Newar'),
('nwy', 'Nottoway-Meherrin'),
('nxa', 'Nauete'),
('nxd', 'Ngando (Democratic Republic of Congo)'),
('nxe', 'Nage'),
('nxg', 'Ngad''a'),
('nxi', 'Nindi'),
('nxl', 'South Nuaulu'),
('nxm', 'Numidian'),
('nxn', 'Ngawun'),
('nxq', 'Naxi'),
('nxr', 'Ninggerum'),
('nxu', 'Narau'),
('nxx', 'Nafri'),
('nyb', 'Nyangbo'),
('nyc', 'Nyanga-li'),
('nyd', 'Nyore'),
('nyd', 'Olunyole'),
('nye', 'Nyengo'),
('nyf', 'Giryama'),
('nyf', 'Kigiryama'),
('nyg', 'Nyindu'),
('nyh', 'Nyigina'),
('nyi', 'Ama (Sudan)'),
('nyj', 'Nyanga'),
('nyk', 'Nyaneka'),
('nyl', 'Nyeu'),
('nym', 'Nyamwezi'),
('nyn', 'Nyankole'),
('nyo', 'Nyoro'),
('nyp', 'Nyang''i'),
('nyq', 'Nayini'),
('nyr', 'Nyiha (Malawi)'),
('nys', 'Nyunga'),
('nyt', 'Nyawaygi'),
('nyu', 'Nyungwe'),
('nyv', 'Nyulnyul'),
('nyw', 'Nyaw'),
('nyx', 'Nganyaywana'),
('nyy', 'Nyakyusa-Ngonde'),
('nza', 'Tigon Mbembe'),
('nzb', 'Njebi'),
('nzi', 'Nzima'),
('nzk', 'Nzakara'),
('nzm', 'Zeme Naga'),
('nzs', 'New Zealand Sign Language'),
('nzu', 'Teke-Nzikou'),
('nzy', 'Nzakambay'),
('nzz', 'Nanga Dama Dogon'),
('oaa', 'Orok'),
('oac', 'Oroch'),
('oar', 'Old Aramaic (up to 700 BCE)'),
('oar', 'Ancient Aramaic (up to 700 BCE)'),
('oav', 'Old Avar'),
('obi', 'Obispeo'),
('obk', 'Southern Bontok'),
('obl', 'Oblo'),
('obm', 'Moabite'),
('obo', 'Obo Manobo'),
('obr', 'Old Burmese'),
('obt', 'Old Breton'),
('obu', 'Obulom'),
('oca', 'Ocaina'),
('och', 'Old Chinese'),
('oco', 'Old Cornish'),
('ocu', 'Atzingo Matlatzinca'),
('oda', 'Odut'),
('odk', 'Od'),
('odt', 'Old Dutch'),
('odu', 'Odual'),
('ofo', 'Ofo'),
('ofs', 'Old Frisian'),
('ofu', 'Efutop'),
('ogb', 'Ogbia'),
('ogc', 'Ogbah'),
('oge', 'Old Georgian'),
('ogg', 'Ogbogolo'),
('ogo', 'Khana'),
('ogu', 'Ogbronuagum'),
('oht', 'Old Hittite'),
('ohu', 'Old Hungarian'),
('oia', 'Oirata'),
('oin', 'Inebu One'),
('ojb', 'Northwestern Ojibwa'),
('ojc', 'Central Ojibwa'),
('ojg', 'Eastern Ojibwa'),
('ojp', 'Old Japanese'),
('ojs', 'Severn Ojibwa'),
('ojv', 'Ontong Java'),
('ojw', 'Western Ojibwa'),
('oka', 'Okanagan'),
('okb', 'Okobo'),
('okd', 'Okodia'),
('oke', 'Okpe (Southwestern Edo)'),
('okh', 'Koresh-e Rostam'),
('oki', 'Okiek'),
('okj', 'Oko-Juwoi'),
('okk', 'Kwamtim One'),
('okl', 'Old Kentish Sign Language'),
('okm', 'Middle Korean (10th-16th cent.)'),
('okn', 'Oki-No-Erabu'),
('oko', 'Old Korean (3rd-9th cent.)'),
('okr', 'Kirike'),
('oks', 'Oko-Eni-Osayen'),
('oku', 'Oku'),
('okv', 'Orokaiva'),
('okx', 'Okpe (Northwestern Edo)'),
('ola', 'Walungge'),
('old', 'Mochi'),
('ole', 'Olekha'),
('olm', 'Oloma'),
('olo', 'Livvi'),
('olr', 'Olrat'),
('oma', 'Omaha-Ponca'),
('omb', 'East Ambae'),
('omc', 'Mochica'),
('ome', 'Omejes'),
('omg', 'Omagua'),
('omi', 'Omi'),
('omk', 'Omok'),
('oml', 'Ombo'),
('omn', 'Minoan'),
('omo', 'Utarmbung'),
('omp', 'Old Manipuri'),
('omq', 'Oto-Manguean languages'),
('omr', 'Old Marathi'),
('omt', 'Omotik'),
('omu', 'Omurano'),
('omv', 'Omotic languages'),
('omw', 'South Tairora'),
('omx', 'Old Mon'),
('ona', 'Ona'),
('onb', 'Lingao'),
('one', 'Oneida'),
('ong', 'Olo'),
('oni', 'Onin'),
('onj', 'Onjob'),
('onk', 'Kabore One'),
('onn', 'Onobasulu'),
('ono', 'Onondaga'),
('onp', 'Sartang'),
('onr', 'Northern One'),
('ons', 'Ono'),
('ont', 'Ontenu'),
('onu', 'Unua'),
('onw', 'Old Nubian'),
('onx', 'Onin Based Pidgin'),
('ood', 'Tohono O''odham'),
('oog', 'Ong'),
('oon', 'nge'),
('oor', 'Oorlams'),
('oos', 'Old Ossetic'),
('opa', 'Okpamheri'),
('opk', 'Kopkaka'),
('opm', 'Oksapmin'),
('opo', 'Opao'),
('opt', 'Opata'),
('opy', 'Ofay'),
('ora', 'Oroha'),
('orc', 'Orma'),
('ore', 'Orejn'),
('org', 'Oring'),
('orh', 'Oroqen'),
('orn', 'Orang Kanaq'),
('oro', 'Orokolo'),
('orr', 'Oruma'),
('ors', 'Orang Seletar'),
('ort', 'Adivasi Oriya'),
('oru', 'Ormuri'),
('orv', 'Old Russian'),
('orw', 'Oro Win'),
('orx', 'Oro'),
('orz', 'Ormu'),
('osa', 'Osage'),
('osc', 'Oscan'),
('osi', 'Osing'),
('oso', 'Ososo'),
('osp', 'Old Spanish'),
('ost', 'Osatu'),
('osu', 'Southern One'),
('osx', 'Old Saxon'),
('ota', 'Ottoman Turkish (1500-1928)'),
('otb', 'Old Tibetan'),
('otd', 'Ot Danum'),
('ote', 'Mezquital Otomi'),
('oti', 'Oti'),
('otk', 'Old Turkish'),
('otl', 'Tilapa Otomi'),
('otm', 'Eastern Highland Otomi'),
('otn', 'Tenango Otomi'),
('oto', 'Otomian languages'),
('otq', 'Quertaro Otomi'),
('otr', 'Otoro'),
('ots', 'Estado de Mxico Otomi'),
('ott', 'Temoaya Otomi'),
('otu', 'Otuke'),
('otw', 'Ottawa'),
('otx', 'Texcatepec Otomi'),
('oty', 'Old Tamil'),
('otz', 'Ixtenco Otomi'),
('oua', 'Tagargrent'),
('oub', 'Glio-Oubi'),
('oue', 'Oune'),
('oui', 'Old Uighur'),
('oum', 'Ouma'),
('oun', '!O!ung'),
('owi', 'Owiniga'),
('owl', 'Old Welsh'),
('oyb', 'Oy'),
('oyd', 'Oyda'),
('oym', 'Wayampi'),
('oyy', 'Oya''oya'),
('ozm', 'Koonzime'),
('paa', 'Papuan languages'),
('pab', 'Parecs'),
('pac', 'Pacoh'),
('pad', 'Paumar'),
('pae', 'Pagibete'),
('paf', 'Paranawt'),
('pag', 'Pangasinan'),
('pah', 'Tenharim'),
('pai', 'Pe'),
('pak', 'Parakan'),
('pal', 'Pahlavi'),
('pam', 'Pampanga'),
('pam', 'Kapampangan'),
('pao', 'Northern Paiute'),
('pap', 'Papiamento'),
('paq', 'Parya'),
('par', 'Panamint'),
('par', 'Timbisha'),
('pas', 'Papasena'),
('pat', 'Papitalai'),
('pau', 'Palauan'),
('pav', 'Pakasnovos'),
('paw', 'Pawnee'),
('pax', 'Pankarar'),
('pay', 'Pech'),
('paz', 'Pankarar'),
('pbb', 'Pez'),
('pbc', 'Patamona'),
('pbe', 'Mezontla Popoloca'),
('pbf', 'Coyotepec Popoloca'),
('pbg', 'Paraujano'),
('pbh', 'E''apa Woromaipu'),
('pbi', 'Parkwa'),
('pbl', 'Mak (Nigeria)'),
('pbn', 'Kpasam'),
('pbo', 'Papel'),
('pbp', 'Badyara'),
('pbr', 'Pangwa'),
('pbs', 'Central Pame'),
('pbt', 'Southern Pashto'),
('pbu', 'Northern Pashto'),
('pbv', 'Pnar'),
('pby', 'Pyu'),
('pbz', 'Palu'),
('pca', 'Santa Ins Ahuatempan Popoloca'),
('pcb', 'Pear'),
('pcc', 'Bouyei'),
('pcd', 'Picard'),
('pce', 'Ruching Palaung'),
('pcf', 'Paliyan'),
('pcg', 'Paniya'),
('pch', 'Pardhan'),
('pci', 'Duruwa'),
('pcj', 'Parenga'),
('pck', 'Paite Chin'),
('pcl', 'Pardhi'),
('pcm', 'Nigerian Pidgin'),
('pcn', 'Piti'),
('pcp', 'Pacahuara'),
('pcr', 'Panang'),
('pcw', 'Pyapun'),
('pda', 'Anam'),
('pdc', 'Pennsylvania German'),
('pdi', 'Pa Di'),
('pdn', 'Podena'),
('pdn', 'Fedan'),
('pdo', 'Padoe'),
('pdt', 'Plautdietsch'),
('pdu', 'Kayan'),
('pea', 'Peranakan Indonesian'),
('peb', 'Eastern Pomo'),
('ped', 'Mala (Papua New Guinea)'),
('pee', 'Taje'),
('pef', 'Northeastern Pomo'),
('peg', 'Pengo'),
('peh', 'Bonan'),
('pei', 'Chichimeca-Jonaz'),
('pej', 'Northern Pomo'),
('pek', 'Penchal'),
('pel', 'Pekal'),
('pem', 'Phende'),
('peo', 'Old Persian (ca. 600-400 B.C.)'),
('pep', 'Kunja'),
('peq', 'Southern Pomo'),
('pes', 'Iranian Persian'),
('pev', 'Pmono'),
('pex', 'Petats'),
('pey', 'Petjo'),
('pez', 'Eastern Penan'),
('pfa', 'Pfang'),
('pfe', 'Peere'),
('pfl', 'Pfaelzisch'),
('pga', 'Sudanese Creole Arabic'),
('pgg', 'Pangwali'),
('pgi', 'Pagi'),
('pgk', 'Rerep'),
('pgl', 'Primitive Irish'),
('pgn', 'Paelignian'),
('pgs', 'Pangseng'),
('pgu', 'Pagu'),
('pgy', 'Pongyong'),
('pha', 'Pa-Hng'),
('phd', 'Phudagi'),
('phg', 'Phuong'),
('phh', 'Phukha'),
('phi', 'Philippine languages'),
('phk', 'Phake'),
('phl', 'Phalura'),
('phl', 'Palula'),
('phm', 'Phimbi'),
('phn', 'Phoenician'),
('pho', 'Phunoi'),
('phq', 'Phana'),
('phr', 'Pahari-Potwari'),
('pht', 'Phu Thai'),
('phu', 'Phuan'),
('phv', 'Pahlavani'),
('phw', 'Phangduwali'),
('pia', 'Pima Bajo'),
('pib', 'Yine'),
('pic', 'Pinji'),
('pid', 'Piaroa'),
('pie', 'Piro'),
('pif', 'Pingelapese'),
('pig', 'Pisabo'),
('pih', 'Pitcairn-Norfolk'),
('pii', 'Pini'),
('pij', 'Pijao'),
('pil', 'Yom'),
('pim', 'Powhatan'),
('pin', 'Piame'),
('pio', 'Piapoco'),
('pip', 'Pero'),
('pir', 'Piratapuyo'),
('pis', 'Pijin'),
('pit', 'Pitta Pitta'),
('piu', 'Pintupi-Luritja'),
('piv', 'Pileni'),
('piv', 'Vaeakau-Taumako'),
('piw', 'Pimbwe'),
('pix', 'Piu'),
('piy', 'Piya-Kwonci'),
('piz', 'Pije'),
('pjt', 'Pitjantjatjara'),
('pka', 'Ardhamagadhi Prakrit'),
('pkb', 'Pokomo'),
('pkb', 'Kipfokomo'),
('pkc', 'Paekche'),
('pkg', 'Pak-Tong'),
('pkh', 'Pankhu'),
('pkn', 'Pakanha'),
('pko', 'Pkoot'),
('pkp', 'Pukapuka'),
('pkr', 'Attapady Kurumba'),
('pks', 'Pakistan Sign Language'),
('pkt', 'Maleng'),
('pku', 'Paku'),
('pla', 'Miani'),
('plb', 'Polonombauk'),
('plc', 'Central Palawano'),
('pld', 'Polari'),
('ple', 'Palu''e'),
('plf', 'Central Malayo-Polynesian languages'),
('plg', 'Pilag'),
('plh', 'Paulohi'),
('plj', 'Polci'),
('plk', 'Kohistani Shina'),
('pll', 'Shwe Palaung'),
('pln', 'Palenquero'),
('plo', 'Oluta Popoluca'),
('plp', 'Palpa'),
('plq', 'Palaic'),
('plr', 'Palaka Senoufo'),
('pls', 'San Marcos Tlalcoyalco Popoloca'),
('plt', 'Plateau Malagasy'),
('plu', 'Palikr'),
('plv', 'Southwest Palawano'),
('plw', 'Brooke''s Point Palawano'),
('ply', 'Bolyu'),
('plz', 'Paluan'),
('pma', 'Paama'),
('pmb', 'Pambia'),
('pmc', 'Palumata'),
('pme', 'Pwaamei'),
('pmf', 'Pamona'),
('pmh', 'Mahara??ri Prakrit'),
('pmi', 'Northern Pumi'),
('pmj', 'Southern Pumi'),
('pmk', 'Pamlico'),
('pml', 'Lingua Franca'),
('pmm', 'Pomo'),
('pmn', 'Pam'),
('pmo', 'Pom'),
('pmq', 'Northern Pame'),
('pmr', 'Paynamar'),
('pms', 'Piemontese'),
('pmt', 'Tuamotuan'),
('pmu', 'Mirpur Panjabi'),
('pmw', 'Plains Miwok'),
('pmx', 'Poumei Naga'),
('pmy', 'Papuan Malay'),
('pmz', 'Southern Pame'),
('pna', 'Punan Bah-Biau'),
('pnb', 'Western Panjabi'),
('pnc', 'Pannei'),
('pne', 'Western Penan'),
('png', 'Pongu'),
('pnh', 'Penrhyn'),
('pni', 'Aoheng'),
('pnm', 'Punan Batu 1'),
('pnn', 'Pinai-Hagahai'),
('pno', 'Panobo'),
('pnp', 'Pancana'),
('pnq', 'Pana (Burkina Faso)'),
('pnr', 'Panim'),
('pns', 'Ponosakan'),
('pnt', 'Pontic'),
('pnu', 'Jiongnai Bunu'),
('pnv', 'Pinigura'),
('pnw', 'Panytyima'),
('pnx', 'Phong-Kniang'),
('pny', 'Pinyin'),
('pnz', 'Pana (Central African Republic)'),
('poc', 'Poqomam'),
('pod', 'Ponares'),
('poe', 'San Juan Atzingo Popoloca'),
('pof', 'Poke'),
('pog', 'Potigura'),
('poh', 'Poqomchi'),
('poi', 'Highland Popoluca'),
('pok', 'Pokang'),
('pom', 'Southeastern Pomo'),
('pon', 'Pohnpeian'),
('poo', 'Central Pomo'),
('pop', 'Pwapwa'),
('poq', 'Texistepec Popoluca'),
('pos', 'Sayula Popoluca'),
('pot', 'Potawatomi'),
('pov', 'Upper Guinea Crioulo'),
('pow', 'San Felipe Otlaltepec Popoloca'),
('pox', 'Polabian'),
('poy', 'Pogolo'),
('poz', 'Malayo-Polynesian languages'),
('ppa', 'Pao'),
('ppe', 'Papi'),
('ppi', 'Paipai'),
('ppk', 'Uma'),
('ppl', 'Pipil'),
('ppl', 'Nicarao'),
('ppm', 'Papuma'),
('ppn', 'Papapana'),
('ppo', 'Folopa'),
('ppp', 'Pelende'),
('ppq', 'Pei'),
('ppr', 'Piru'),
('pps', 'San Lus Temalacayuca Popoloca'),
('ppt', 'Pare'),
('ppu', 'Papora'),
('pqa', 'Pa''a'),
('pqe', 'Eastern Malayo-Polynesian languages'),
('pqm', 'Malecite-Passamaquoddy'),
('pqw', 'Western Malayo-Polynesian languages'),
('pra', 'Prakrit languages'),
('prb', 'Lua'),
('prc', 'Parachi'),
('prd', 'Parsi-Dari'),
('pre', 'Principense'),
('prf', 'Paranan'),
('prg', 'Prussian'),
('prh', 'Porohanon'),
('pri', 'Paic'),
('prk', 'Parauk'),
('prl', 'Peruvian Sign Language'),
('prm', 'Kibiri'),
('prn', 'Prasuni'),
('pro', 'Old Provenal (to 1500)'),
('pro', 'Old Occitan (to 1500)'),
('prp', 'Parsi'),
('prq', 'Ashninka Peren'),
('prr', 'Puri'),
('prs', 'Dari'),
('prs', 'Afghan Persian'),
('prt', 'Phai'),
('pru', 'Puragi'),
('prw', 'Parawen'),
('prx', 'Purik'),
('pry', 'Pray 3'),
('prz', 'Providencia Sign Language'),
('psa', 'Asue Awyu'),
('psc', 'Persian Sign Language'),
('psd', 'Plains Indian Sign Language'),
('pse', 'Central Malay'),
('psg', 'Penang Sign Language'),
('psh', 'Southwest Pashayi'),
('psi', 'Southeast Pashayi'),
('psl', 'Puerto Rican Sign Language'),
('psm', 'Pauserna'),
('psn', 'Panasuan'),
('pso', 'Polish Sign Language'),
('psp', 'Philippine Sign Language'),
('psq', 'Pasi'),
('psr', 'Portuguese Sign Language'),
('pss', 'Kaulong'),
('pst', 'Central Pashto'),
('psu', 'Sauraseni Prakrit'),
('psw', 'Port Sandwich'),
('psy', 'Piscataway'),
('pta', 'Pai Tavytera'),
('pth', 'Patax H-Ha-He'),
('pti', 'Pintiini'),
('ptn', 'Patani'),
('pto', 'Zo'''),
('ptp', 'Patep'),
('ptr', 'Piamatsina'),
('ptt', 'Enrekang'),
('ptu', 'Bambam'),
('ptv', 'Port Vato'),
('ptw', 'Pentlatch'),
('pty', 'Pathiya'),
('pua', 'Western Highland Purepecha'),
('pub', 'Purum'),
('puc', 'Punan Merap'),
('pud', 'Punan Aput'),
('pue', 'Puelche'),
('puf', 'Punan Merah'),
('pug', 'Phuie'),
('pui', 'Puinave'),
('puj', 'Punan Tubu'),
('puk', 'Pu Ko'),
('pum', 'Puma'),
('puo', 'Puoc'),
('pup', 'Pulabu'),
('puq', 'Puquina'),
('pur', 'Purubor'),
('put', 'Putoh'),
('puu', 'Punu'),
('puw', 'Puluwatese'),
('pux', 'Puare'),
('puy', 'Purisimeo'),
('puz', 'Purum Naga'),
('pwa', 'Pawaia'),
('pwb', 'Panawa'),
('pwg', 'Gapapaiwa'),
('pwm', 'Molbog'),
('pwn', 'Paiwan'),
('pwo', 'Pwo Western Karen'),
('pwr', 'Powari'),
('pww', 'Pwo Northern Karen'),
('pxm', 'Quetzaltepec Mixe'),
('pye', 'Pye Krumen'),
('pym', 'Fyam'),
('pyn', 'Poyanwa'),
('pys', 'Paraguayan Sign Language'),
('pys', 'Lengua de Seas del Paraguay'),
('pyu', 'Puyuma'),
('pyx', 'Pyu (Myanmar)'),
('pyy', 'Pyen'),
('pzn', 'Para Naga'),
('qaa..qtz', 'Private use'),
('qua', 'Quapaw'),
('qub', 'Huallaga Hunuco Quechua'),
('quc', 'K''iche'),
('quc', 'Quich'),
('qud', 'Caldern Highland Quichua'),
('quf', 'Lambayeque Quechua'),
('qug', 'Chimborazo Highland Quichua'),
('quh', 'South Bolivian Quechua'),
('qui', 'Quileute'),
('quk', 'Chachapoyas Quechua'),
('qul', 'North Bolivian Quechua'),
('qum', 'Sipacapense'),
('qun', 'Quinault'),
('qup', 'Southern Pastaza Quechua'),
('quq', 'Quinqui'),
('qur', 'Yanahuanca Pasco Quechua'),
('qus', 'Santiago del Estero Quichua'),
('quv', 'Sacapulteco'),
('quw', 'Tena Lowland Quichua'),
('qux', 'Yauyos Quechua'),
('quy', 'Ayacucho Quechua'),
('quz', 'Cusco Quechua'),
('qva', 'Ambo-Pasco Quechua'),
('qvc', 'Cajamarca Quechua'),
('qve', 'Eastern Apurmac Quechua'),
('qvh', 'Huamales-Dos de Mayo Hunuco Quechua'),
('qvi', 'Imbabura Highland Quichua'),
('qvj', 'Loja Highland Quichua'),
('qvl', 'Cajatambo North Lima Quechua'),
('qvm', 'Margos-Yarowilca-Lauricocha Quechua'),
('qvn', 'North Junn Quechua'),
('qvo', 'Napo Lowland Quechua'),
('qvp', 'Pacaraos Quechua'),
('qvs', 'San Martn Quechua'),
('qvw', 'Huaylla Wanca Quechua'),
('qvy', 'Queyu'),
('qvz', 'Northern Pastaza Quichua'),
('qwa', 'Corongo Ancash Quechua'),
('qwc', 'Classical Quechua'),
('qwe', 'Quechuan (family)'),
('qwh', 'Huaylas Ancash Quechua'),
('qwm', 'Kuman (Russia)'),
('qws', 'Sihuas Ancash Quechua'),
('qwt', 'Kwalhioqua-Tlatskanai'),
('qxa', 'Chiquin Ancash Quechua'),
('qxc', 'Chincha Quechua'),
('qxh', 'Panao Hunuco Quechua'),
('qxl', 'Salasaca Highland Quichua'),
('qxn', 'Northern Conchucos Ancash Quechua'),
('qxo', 'Southern Conchucos Ancash Quechua'),
('qxp', 'Puno Quechua'),
('qxq', 'Qashqa''i'),
('qxr', 'Caar Highland Quichua'),
('qxs', 'Southern Qiang'),
('qxt', 'Santa Ana de Tusi Pasco Quechua'),
('qxu', 'Arequipa-La Unin Quechua'),
('qxw', 'Jauja Wanca Quechua'),
('qya', 'Quenya'),
('qyp', 'Quiripi'),
('raa', 'Dungmali'),
('rab', 'Camling'),
('rac', 'Rasawa'),
('rad', 'Rade'),
('raf', 'Western Meohang'),
('rag', 'Logooli'),
('rag', 'Lulogooli'),
('rah', 'Rabha'),
('rai', 'Ramoaaina'),
('raj', 'Rajasthani'),
('rak', 'Tulu-Bohuai'),
('ral', 'Ralte'),
('ram', 'Canela'),
('ran', 'Riantana'),
('rao', 'Rao'),
('rap', 'Rapanui'),
('raq', 'Saam'),
('rar', 'Rarotongan'),
('rar', 'Cook Islands Maori'),
('ras', 'Tegali'),
('rat', 'Razajerdi'),
('rau', 'Raute'),
('rav', 'Sampang'),
('raw', 'Rawang'),
('rax', 'Rang'),
('ray', 'Rapa'),
('raz', 'Rahambuu'),
('rbb', 'Rumai Palaung'),
('rbk', 'Northern Bontok'),
('rbl', 'Miraya Bikol'),
('rcf', 'Runion Creole French'),
('rdb', 'Rudbari'),
('rea', 'Rerau'),
('reb', 'Rembong'),
('ree', 'Rejang Kayan'),
('reg', 'Kara (Tanzania)'),
('rei', 'Reli'),
('rej', 'Rejang'),
('rel', 'Rendille'),
('rem', 'Remo'),
('ren', 'Rengao'),
('rer', 'Rer Bare'),
('res', 'Reshe'),
('ret', 'Retta'),
('rey', 'Reyesano'),
('rga', 'Roria'),
('rge', 'Romano-Greek'),
('rgk', 'Rangkas'),
('rgn', 'Romagnol'),
('rgr', 'Resgaro'),
('rgs', 'Southern Roglai'),
('rgu', 'Ringgou'),
('rhg', 'Rohingya'),
('rhp', 'Yahang'),
('ria', 'Riang (India)'),
('rie', 'Rien'),
('rif', 'Tarifit'),
('ril', 'Riang (Myanmar)'),
('rim', 'Nyaturu'),
('rin', 'Nungu'),
('rir', 'Ribun'),
('rit', 'Ritarungo'),
('riu', 'Riung'),
('rjg', 'Rajong'),
('rji', 'Raji'),
('rjs', 'Rajbanshi'),
('rka', 'Kraol'),
('rkb', 'Rikbaktsa'),
('rkh', 'Rakahanga-Manihiki'),
('rki', 'Rakhine'),
('rkm', 'Marka'),
('rkt', 'Rangpuri'),
('rkt', 'Kamta'),
('rma', 'Rama'),
('rmb', 'Rembarunga'),
('rmc', 'Carpathian Romani'),
('rmd', 'Traveller Danish'),
('rme', 'Angloromani'),
('rmf', 'Kalo Finnish Romani'),
('rmg', 'Traveller Norwegian'),
('rmh', 'Murkim'),
('rmi', 'Lomavren'),
('rmk', 'Romkun'),
('rml', 'Baltic Romani'),
('rmm', 'Roma'),
('rmn', 'Balkan Romani'),
('rmo', 'Sinte Romani'),
('rmp', 'Rempi'),
('rmq', 'Cal'),
('rmr', 'Cal'),
('rms', 'Romanian Sign Language'),
('rmt', 'Domari'),
('rmu', 'Tavringer Romani'),
('rmv', 'Romanova'),
('rmw', 'Welsh Romani'),
('rmx', 'Romam'),
('rmy', 'Vlax Romani'),
('rmz', 'Marma'),
('rna', 'Runa'),
('rnd', 'Ruund'),
('rng', 'Ronga'),
('rnl', 'Ranglong'),
('rnn', 'Roon'),
('rnp', 'Rongpo'),
('rnw', 'Rungwa'),
('roa', 'Romance languages'),
('rob', 'Tae'),
('roc', 'Cacgia Roglai'),
('rod', 'Rogo'),
('roe', 'Ronji'),
('rof', 'Rombo'),
('rog', 'Northern Roglai'),
('rol', 'Romblomanon'),
('rom', 'Romany'),
('roo', 'Rotokas'),
('rop', 'Kriol'),
('ror', 'Rongga'),
('rou', 'Runga'),
('row', 'Dela-Oenale'),
('rpn', 'Repanbitip'),
('rpt', 'Rapting'),
('rri', 'Ririo'),
('rro', 'Waima'),
('rsb', 'Romano-Serbian'),
('rsi', 'Rennellese Sign Language'),
('rsl', 'Russian Sign Language'),
('rth', 'Ratahan'),
('rtm', 'Rotuman'),
('rtw', 'Rathawi'),
('rub', 'Gungu'),
('ruc', 'Ruuli'),
('rue', 'Rusyn'),
('ruf', 'Luguru'),
('rug', 'Roviana'),
('ruh', 'Ruga'),
('rui', 'Rufiji'),
('ruk', 'Che'),
('ruo', 'Istro Romanian'),
('rup', 'Macedo-Romanian'),
('rup', 'Aromanian'),
('rup', 'Arumanian'),
('ruq', 'Megleno Romanian'),
('rut', 'Rutul'),
('ruu', 'Lanas Lobu'),
('ruy', 'Mala (Nigeria)'),
('ruz', 'Ruma'),
('rwa', 'Rawo'),
('rwk', 'Rwa'),
('rwm', 'Amba (Uganda)'),
('rwo', 'Rawa'),
('rwr', 'Marwari (India)'),
('ryn', 'Northern Amami-Oshima'),
('rys', 'Yaeyama'),
('ryu', 'Central Okinawan'),
('saa', 'Saba'),
('sab', 'Buglere'),
('sac', 'Meskwaki'),
('sad', 'Sandawe'),
('sae', 'Saban'),
('saf', 'Safaliba'),
('sah', 'Yakut'),
('sai', 'South American Indian languages'),
('saj', 'Sahu'),
('sak', 'Sake'),
('sal', 'Salishan languages'),
('sam', 'Samaritan Aramaic'),
('sao', 'Sause'),
('sap', 'Sanapan'),
('saq', 'Samburu'),
('sar', 'Saraveca'),
('sas', 'Sasak'),
('sat', 'Santali'),
('sau', 'Saleman'),
('sav', 'Saafi-Saafi'),
('saw', 'Sawi'),
('sax', 'Sa'),
('say', 'Saya'),
('saz', 'Saurashtra'),
('sba', 'Ngambay'),
('sbb', 'Simbo'),
('sbc', 'Kele (Papua New Guinea)'),
('sbd', 'Southern Samo'),
('sbe', 'Saliba'),
('sbf', 'Shabo'),
('sbg', 'Seget'),
('sbh', 'Sori-Harengan'),
('sbi', 'Seti'),
('sbj', 'Surbakhal'),
('sbk', 'Safwa'),
('sbl', 'Botolan Sambal'),
('sbm', 'Sagala'),
('sbn', 'Sindhi Bhil'),
('sbo', 'Sabm'),
('sbp', 'Sangu (Tanzania)'),
('sbq', 'Sileibi'),
('sbr', 'Sembakung Murut'),
('sbs', 'Subiya'),
('sbt', 'Kimki'),
('sbu', 'Stod Bhoti'),
('sbv', 'Sabine'),
('sbw', 'Simba'),
('sbx', 'Seberuang'),
('sby', 'Soli'),
('sbz', 'Sara Kaba'),
('sca', 'Sansu'),
('scb', 'Chut'),
('sce', 'Dongxiang'),
('scf', 'San Miguel Creole French'),
('scg', 'Sanggau'),
('sch', 'Sakachep'),
('sci', 'Sri Lankan Creole Malay'),
('sck', 'Sadri'),
('scl', 'Shina'),
('scn', 'Sicilian'),
('sco', 'Scots'),
('scp', 'Helambu Sherpa'),
('scq', 'Sa''och'),
('scs', 'North Slavey'),
('scu', 'Shumcho'),
('scv', 'Sheni'),
('scw', 'Sha'),
('scx', 'Sicel'),
('sda', 'Toraja-Sa''dan'),
('sdb', 'Shabak'),
('sdc', 'Sassarese Sardinian'),
('sde', 'Surubu'),
('sdf', 'Sarli'),
('sdg', 'Savi'),
('sdh', 'Southern Kurdish'),
('sdj', 'Suundi'),
('sdk', 'Sos Kundi'),
('sdl', 'Saudi Arabian Sign Language'),
('sdm', 'Semandang'),
('sdn', 'Gallurese Sardinian'),
('sdo', 'Bukar-Sadung Bidayuh'),
('sdp', 'Sherdukpen'),
('sdr', 'Oraon Sadri'),
('sds', 'Sened'),
('sdt', 'Shuadit'),
('sdu', 'Sarudu'),
('sdv', 'Eastern Sudanic languages'),
('sdx', 'Sibu Melanau'),
('sdz', 'Sallands'),
('sea', 'Semai'),
('seb', 'Shempire Senoufo'),
('sec', 'Sechelt'),
('sed', 'Sedang'),
('see', 'Seneca'),
('sef', 'Cebaara Senoufo'),
('seg', 'Segeju'),
('seh', 'Sena'),
('sei', 'Seri'),
('sej', 'Sene'),
('sek', 'Sekani'),
('sel', 'Selkup'),
('sem', 'Semitic languages'),
('sen', 'Nanerig Snoufo'),
('seo', 'Suarmin'),
('sep', 'Sct Snoufo'),
('seq', 'Senara Snoufo'),
('ser', 'Serrano'),
('ses', 'Koyraboro Senni Songhai'),
('set', 'Sentani'),
('seu', 'Serui-Laut'),
('sev', 'Nyarafolo Senoufo'),
('sew', 'Sewa Bay'),
('sey', 'Secoya'),
('sez', 'Senthang Chin'),
('sfb', 'Langue des signes de Belgique Francophone'),
('sfb', 'French Belgian Sign Language'),
('sfm', 'Small Flowery Miao'),
('sfs', 'South African Sign Language'),
('sfw', 'Sehwi'),
('sga', 'Old Irish (to 900)'),
('sgb', 'Mag-antsi Ayta'),
('sgc', 'Kipsigis'),
('sgd', 'Surigaonon'),
('sge', 'Segai'),
('sgg', 'Swiss-German Sign Language'),
('sgh', 'Shughni'),
('sgi', 'Suga'),
('sgk', 'Sangkong'),
('sgl', 'Sanglechi-Ishkashimi'),
('sgm', 'Singa'),
('sgn', 'Sign languages'),
('sgo', 'Songa'),
('sgp', 'Singpho'),
('sgr', 'Sangisari'),
('sgs', 'Samogitian'),
('sgt', 'Brokpake'),
('sgu', 'Salas'),
('sgw', 'Sebat Bet Gurage'),
('sgx', 'Sierra Leone Sign Language'),
('sgy', 'Sanglechi'),
('sgz', 'Sursurunga'),
('sha', 'Shall-Zwall'),
('shb', 'Ninam'),
('shc', 'Sonde'),
('shd', 'Kundal Shahi'),
('she', 'Sheko'),
('shg', 'Shua'),
('shh', 'Shoshoni'),
('shi', 'Tachelhit'),
('shj', 'Shatt'),
('shk', 'Shilluk'),
('shl', 'Shendu'),
('shm', 'Shahrudi'),
('shn', 'Shan'),
('sho', 'Shanga'),
('shp', 'Shipibo-Conibo'),
('shq', 'Sala'),
('shr', 'Shi'),
('shs', 'Shuswap'),
('sht', 'Shasta'),
('shu', 'Chadian Arabic'),
('shv', 'Shehri'),
('shw', 'Shwai'),
('shx', 'She'),
('shy', 'Tachawit'),
('shz', 'Syenara Senoufo'),
('sia', 'Akkala Sami'),
('sib', 'Sebop'),
('sid', 'Sidamo'),
('sie', 'Simaa'),
('sif', 'Siamou'),
('sig', 'Paasaal'),
('sih', 'Zire'),
('sii', 'Shom Peng'),
('sij', 'Numbami'),
('sik', 'Sikiana'),
('sil', 'Tumulung Sisaala'),
('sim', 'Mende (Papua New Guinea)'),
('sio', 'Siouan languages'),
('sip', 'Sikkimese'),
('siq', 'Sonia'),
('sir', 'Siri'),
('sis', 'Siuslaw'),
('sit', 'Sino-Tibetan languages'),
('siu', 'Sinagen'),
('siv', 'Sumariup'),
('siw', 'Siwai'),
('six', 'Sumau'),
('siy', 'Sivandi'),
('siz', 'Siwi'),
('sja', 'Epena'),
('sjb', 'Sajau Basap'),
('sjd', 'Kildin Sami'),
('sje', 'Pite Sami'),
('sjg', 'Assangori'),
('sjk', 'Kemi Sami'),
('sjl', 'Sajalong'),
('sjl', 'Miji'),
('sjm', 'Mapun'),
('sjn', 'Sindarin'),
('sjo', 'Xibe'),
('sjp', 'Surjapuri'),
('sjr', 'Siar-Lak'),
('sjs', 'Senhaja De Srair'),
('sjt', 'Ter Sami'),
('sju', 'Ume Sami'),
('sjw', 'Shawnee'),
('ska', 'Skagit'),
('skb', 'Saek'),
('skc', 'Sauk'),
('skd', 'Southern Sierra Miwok'),
('ske', 'Seke (Vanuatu)'),
('skf', 'Sakirabi'),
('skg', 'Sakalava Malagasy'),
('skh', 'Sikule'),
('ski', 'Sika'),
('skj', 'Seke (Nepal)'),
('skk', 'Sok'),
('skm', 'Sakam'),
('skn', 'Kolibugan Subanon'),
('sko', 'Seko Tengah'),
('skp', 'Sekapan'),
('skq', 'Sininkere'),
('skr', 'Seraiki'),
('sks', 'Maia'),
('skt', 'Sakata'),
('sku', 'Sakao'),
('skv', 'Skou'),
('skw', 'Skepi Creole Dutch'),
('skx', 'Seko Padang'),
('sky', 'Sikaiana'),
('skz', 'Sekar'),
('sla', 'Slavic languages'),
('slc', 'Sliba'),
('sld', 'Sissala'),
('sle', 'Sholaga'),
('slf', 'Swiss-Italian Sign Language'),
('slg', 'Selungai Murut'),
('slh', 'Southern Puget Sound Salish'),
('sli', 'Lower Silesian'),
('slj', 'Salum'),
('sll', 'Salt-Yui'),
('slm', 'Pangutaran Sama'),
('sln', 'Salinan'),
('slp', 'Lamaholot'),
('slq', 'Salchuq'),
('slr', 'Salar'),
('sls', 'Singapore Sign Language'),
('slt', 'Sila'),
('slu', 'Selaru'),
('slw', 'Sialum'),
('slx', 'Salampasu'),
('sly', 'Selayar'),
('slz', 'Ma''ya'),
('sma', 'Southern Sami'),
('smb', 'Simbari'),
('smc', 'Som'),
('smd', 'Sama'),
('smf', 'Auwe'),
('smg', 'Simbali'),
('smh', 'Samei'),
('smi', 'Sami languages'),
('smj', 'Lule Sami'),
('smk', 'Bolinao'),
('sml', 'Central Sama'),
('smm', 'Musasa'),
('smn', 'Inari Sami'),
('smp', 'Samaritan'),
('smq', 'Samo'),
('smr', 'Simeulue'),
('sms', 'Skolt Sami'),
('smt', 'Simte'),
('smu', 'Somray'),
('smv', 'Samvedi'),
('smw', 'Sumbawa'),
('smx', 'Samba'),
('smy', 'Semnani'),
('smz', 'Simeku'),
('snb', 'Sebuyau'),
('snc', 'Sinaugoro'),
('sne', 'Bau Bidayuh'),
('snf', 'Noon'),
('sng', 'Sanga (Democratic Republic of Congo)'),
('snh', 'Shinabo'),
('sni', 'Sensi'),
('snj', 'Riverain Sango'),
('snk', 'Soninke'),
('snl', 'Sangil'),
('snm', 'Southern Ma''di'),
('snn', 'Siona'),
('sno', 'Snohomish'),
('snp', 'Siane'),
('snq', 'Sangu (Gabon)'),
('snr', 'Sihan'),
('sns', 'South West Bay'),
('sns', 'Nahavaq'),
('snu', 'Senggi'),
('snu', 'Viid'),
('snv', 'Sa''ban'),
('snw', 'Selee'),
('snx', 'Sam'),
('sny', 'Saniyo-Hiyewe'),
('snz', 'Sinsauru'),
('soa', 'Thai Song'),
('sob', 'Sobei'),
('soc', 'So (Democratic Republic of Congo)'),
('sod', 'Songoora'),
('soe', 'Songomeno'),
('sog', 'Sogdian'),
('soh', 'Aka'),
('soi', 'Sonha'),
('soj', 'Soi'),
('sok', 'Sokoro'),
('sol', 'Solos'),
('son', 'Songhai languages'),
('soo', 'Songo'),
('sop', 'Songe'),
('soq', 'Kanasi'),
('sor', 'Somrai'),
('sos', 'Seeku'),
('sou', 'Southern Thai'),
('sov', 'Sonsorol'),
('sow', 'Sowanda'),
('sox', 'So (Cameroon)'),
('soy', 'Miyobe'),
('soz', 'Temi'),
('spb', 'Sepa (Indonesia)'),
('spc', 'Sap'),
('spd', 'Saep'),
('spe', 'Sepa (Papua New Guinea)'),
('spg', 'Sian'),
('spi', 'Saponi'),
('spk', 'Sengo'),
('spl', 'Selepet'),
('spm', 'Sepen'),
('spo', 'Spokane'),
('spp', 'Supyire Senoufo'),
('spq', 'Loreto-Ucayali Spanish'),
('spr', 'Saparua'),
('sps', 'Saposa'),
('spt', 'Spiti Bhoti'),
('spu', 'Sapuan'),
('spx', 'South Picene'),
('spy', 'Sabaot'),
('sqa', 'Shama-Sambuga'),
('sqh', 'Shau'),
('sqj', 'Albanian languages'),
('sqm', 'Suma'),
('sqn', 'Susquehannock'),
('sqo', 'Sorkhei'),
('sqq', 'Sou'),
('sqr', 'Siculo Arabic'),
('sqs', 'Sri Lankan Sign Language'),
('sqt', 'Soqotri'),
('squ', 'Squamish'),
('sra', 'Saruga'),
('srb', 'Sora'),
('src', 'Logudorese Sardinian'),
('sre', 'Sara'),
('srf', 'Nafi'),
('srg', 'Sulod'),
('srh', 'Sarikoli'),
('sri', 'Siriano'),
('srk', 'Serudung Murut'),
('srl', 'Isirawa'),
('srm', 'Saramaccan'),
('srn', 'Sranan Tongo'),
('sro', 'Campidanese Sardinian'),
('srq', 'Sirion'),
('srr', 'Serer'),
('srs', 'Sarsi'),
('srt', 'Sauri'),
('sru', 'Suru'),
('srv', 'Southern Sorsoganon'),
('srw', 'Serua'),
('srx', 'Sirmauri'),
('sry', 'Sera'),
('srz', 'Shahmirzadi'),
('ssa', 'Nilo-Saharan languages'),
('ssb', 'Southern Sama'),
('ssc', 'Suba-Simbiti'),
('ssd', 'Siroi'),
('sse', 'Balangingi'),
('sse', 'Bangingih Sama'),
('ssf', 'Thao'),
('ssg', 'Seimat'),
('ssh', 'Shihhi Arabic'),
('ssi', 'Sansi'),
('ssj', 'Sausi'),
('ssk', 'Sunam'),
('ssl', 'Western Sisaala'),
('ssm', 'Semnam'),
('ssn', 'Waata'),
('sso', 'Sissano'),
('ssp', 'Spanish Sign Language'),
('ssq', 'So''a'),
('ssr', 'Swiss-French Sign Language'),
('sss', 'S'),
('sst', 'Sinasina'),
('ssu', 'Susuami'),
('ssv', 'Shark Bay'),
('ssx', 'Samberigi'),
('ssy', 'Saho'),
('ssz', 'Sengseng'),
('sta', 'Settla'),
('stb', 'Northern Subanen'),
('std', 'Sentinel'),
('ste', 'Liana-Seti'),
('stf', 'Seta'),
('stg', 'Trieng'),
('sth', 'Shelta'),
('sti', 'Bulo Stieng'),
('stj', 'Matya Samo'),
('stk', 'Arammba'),
('stl', 'Stellingwerfs'),
('stm', 'Setaman'),
('stn', 'Owa'),
('sto', 'Stoney'),
('stp', 'Southeastern Tepehuan'),
('stq', 'Saterfriesisch'),
('str', 'Straits Salish'),
('sts', 'Shumashti'),
('stt', 'Budeh Stieng'),
('stu', 'Samtao'),
('stv', 'Silt''e'),
('stw', 'Satawalese'),
('sua', 'Sulka'),
('sub', 'Suku'),
('suc', 'Western Subanon'),
('sue', 'Suena'),
('sug', 'Suganga'),
('sui', 'Suki'),
('suj', 'Shubi'),
('suk', 'Sukuma'),
('sul', 'Surigaonon'),
('sum', 'Sumo-Mayangna'),
('suq', 'Suri'),
('sur', 'Mwaghavul'),
('sus', 'Susu'),
('sut', 'Subtiaba'),
('suv', 'Sulung'),
('suw', 'Sumbwa'),
('sux', 'Sumerian'),
('suy', 'Suy'),
('suz', 'Sunwar'),
('sva', 'Svan'),
('svb', 'Ulau-Suain'),
('svc', 'Vincentian Creole English'),
('sve', 'Serili'),
('svk', 'Slovakian Sign Language'),
('svr', 'Savara'),
('svs', 'Savosavo'),
('svx', 'Skalvian'),
('swb', 'Maore Comorian'),
('swc', 'Congo Swahili'),
('swf', 'Sere'),
('swg', 'Swabian'),
('swh', 'Swahili (individual language)'),
('swh', 'Kiswahili'),
('swi', 'Sui'),
('swj', 'Sira'),
('swk', 'Malawi Sena'),
('swl', 'Swedish Sign Language'),
('swm', 'Samosa'),
('swn', 'Sawknah'),
('swo', 'Shanenawa'),
('swp', 'Suau'),
('swq', 'Sharwa'),
('swr', 'Saweru'),
('sws', 'Seluwasan'),
('swt', 'Sawila'),
('swu', 'Suwawa'),
('swv', 'Shekhawati'),
('sww', 'Sowa'),
('swx', 'Suruah'),
('swy', 'Sarua'),
('sxb', 'Suba'),
('sxc', 'Sicanian'),
('sxe', 'Sighu'),
('sxg', 'Shixing'),
('sxk', 'Southern Kalapuya'),
('sxl', 'Selian'),
('sxm', 'Samre'),
('sxn', 'Sangir'),
('sxo', 'Sorothaptic'),
('sxr', 'Saaroa'),
('sxs', 'Sasaru'),
('sxu', 'Upper Saxon'),
('sxw', 'Saxwe Gbe'),
('sya', 'Siang'),
('syb', 'Central Subanen'),
('syc', 'Classical Syriac'),
('syd', 'Samoyedic languages'),
('syi', 'Seki'),
('syk', 'Sukur'),
('syl', 'Sylheti'),
('sym', 'Maya Samo'),
('syn', 'Senaya'),
('syo', 'Suoy'),
('syr', 'Syriac'),
('sys', 'Sinyar'),
('syw', 'Kagate'),
('syy', 'Al-Sayyid Bedouin Sign Language'),
('sza', 'Semelai'),
('szb', 'Ngalum'),
('szc', 'Semaq Beri'),
('szd', 'Seru'),
('sze', 'Seze'),
('szg', 'Sengele'),
('szl', 'Silesian'),
('szn', 'Sula'),
('szp', 'Suabo'),
('szv', 'Isu (Fako Division)'),
('szw', 'Sawai'),
('taa', 'Lower Tanana'),
('tab', 'Tabassaran'),
('tac', 'Lowland Tarahumara'),
('tad', 'Tause'),
('tae', 'Tariana'),
('taf', 'Tapirap'),
('tag', 'Tagoi'),
('tai', 'Tai languages'),
('taj', 'Eastern Tamang'),
('tak', 'Tala'),
('tal', 'Tal'),
('tan', 'Tangale'),
('tao', 'Yami'),
('tap', 'Taabwa'),
('taq', 'Tamasheq'),
('tar', 'Central Tarahumara'),
('tas', 'Tay Boi'),
('tau', 'Upper Tanana'),
('tav', 'Tatuyo'),
('taw', 'Tai'),
('tax', 'Tamki'),
('tay', 'Atayal'),
('taz', 'Tocho'),
('tba', 'Aikan'),
('tbb', 'Tapeba'),
('tbc', 'Takia'),
('tbd', 'Kaki Ae'),
('tbe', 'Tanimbili'),
('tbf', 'Mandara'),
('tbg', 'North Tairora'),
('tbh', 'Thurawal'),
('tbi', 'Gaam'),
('tbj', 'Tiang'),
('tbk', 'Calamian Tagbanwa'),
('tbl', 'Tboli'),
('tbm', 'Tagbu'),
('tbn', 'Barro Negro Tunebo'),
('tbo', 'Tawala'),
('tbp', 'Taworta'),
('tbp', 'Diebroud'),
('tbq', 'Tibeto-Burman languages'),
('tbr', 'Tumtum'),
('tbs', 'Tanguat'),
('tbt', 'Tembo (Kitembo)'),
('tbu', 'Tubar'),
('tbv', 'Tobo'),
('tbw', 'Tagbanwa'),
('tbx', 'Kapin'),
('tby', 'Tabaru'),
('tbz', 'Ditammari'),
('tca', 'Ticuna'),
('tcb', 'Tanacross'),
('tcc', 'Datooga'),
('tcd', 'Tafi'),
('tce', 'Southern Tutchone'),
('tcf', 'Malinaltepec Me''phaa'),
('tcf', 'Malinaltepec Tlapanec'),
('tcg', 'Tamagario'),
('tch', 'Turks And Caicos Creole English'),
('tci', 'Wra'),
('tck', 'Tchitchege'),
('tcl', 'Taman (Myanmar)'),
('tcm', 'Tanahmerah'),
('tcn', 'Tichurong'),
('tco', 'Taungyo'),
('tcp', 'Tawr Chin'),
('tcq', 'Kaiy'),
('tcs', 'Torres Strait Creole'),
('tct', 'T''en'),
('tcu', 'Southeastern Tarahumara'),
('tcw', 'Tecpatln Totonac'),
('tcx', 'Toda'),
('tcy', 'Tulu'),
('tcz', 'Thado Chin'),
('tda', 'Tagdal'),
('tdb', 'Panchpargania'),
('tdc', 'Ember-Tad'),
('tdd', 'Tai Na'),
('tde', 'Tiranige Diga Dogon'),
('tdf', 'Talieng'),
('tdg', 'Western Tamang'),
('tdh', 'Thulung'),
('tdi', 'Tomadino'),
('tdj', 'Tajio'),
('tdk', 'Tambas'),
('tdl', 'Sur'),
('tdn', 'Tondano'),
('tdo', 'Teme'),
('tdq', 'Tita'),
('tdr', 'Todrah'),
('tds', 'Doutai'),
('tdt', 'Tetun Dili'),
('tdu', 'Tempasuk Dusun'),
('tdv', 'Toro'),
('tdx', 'Tandroy-Mahafaly Malagasy'),
('tdy', 'Tadyawan'),
('tea', 'Temiar'),
('teb', 'Tetete'),
('tec', 'Terik'),
('ted', 'Tepo Krumen'),
('tee', 'Huehuetla Tepehua'),
('tef', 'Teressa'),
('teg', 'Teke-Tege'),
('teh', 'Tehuelche'),
('tei', 'Torricelli'),
('tek', 'Ibali Teke'),
('tem', 'Timne'),
('ten', 'Tama (Colombia)'),
('teo', 'Teso'),
('tep', 'Tepecano'),
('teq', 'Temein'),
('ter', 'Tereno'),
('tes', 'Tengger'),
('tet', 'Tetum'),
('teu', 'Soo'),
('tev', 'Teor'),
('tew', 'Tewa (USA)'),
('tex', 'Tennet'),
('tey', 'Tulishi'),
('tfi', 'Tofin Gbe'),
('tfn', 'Tanaina'),
('tfo', 'Tefaro'),
('tfr', 'Teribe'),
('tft', 'Ternate'),
('tga', 'Sagalla'),
('tgb', 'Tobilung'),
('tgc', 'Tigak'),
('tgd', 'Ciwogai'),
('tge', 'Eastern Gorkha Tamang'),
('tgf', 'Chalikha'),
('tgg', 'Tangga'),
('tgh', 'Tobagonian Creole English'),
('tgi', 'Lawunuia'),
('tgn', 'Tandaganon'),
('tgo', 'Sudest'),
('tgp', 'Tangoa'),
('tgq', 'Tring'),
('tgr', 'Tareng'),
('tgs', 'Nume'),
('tgt', 'Central Tagbanwa'),
('tgu', 'Tanggu'),
('tgv', 'Tingui-Boto'),
('tgw', 'Tagwana Senoufo'),
('tgx', 'Tagish'),
('tgy', 'Togoyo'),
('thc', 'Tai Hang Tong'),
('thd', 'Thayore'),
('the', 'Chitwania Tharu'),
('thf', 'Thangmi'),
('thh', 'Northern Tarahumara'),
('thi', 'Tai Long'),
('thk', 'Tharaka'),
('thk', 'Kitharaka'),
('thl', 'Dangaura Tharu'),
('thm', 'Aheu'),
('thn', 'Thachanadan'),
('thp', 'Thompson'),
('thq', 'Kochila Tharu'),
('thr', 'Rana Tharu'),
('ths', 'Thakali'),
('tht', 'Tahltan'),
('thu', 'Thuri'),
('thv', 'Tahaggart Tamahaq'),
('thw', 'Thudam'),
('thx', 'The'),
('thy', 'Tha'),
('thz', 'Tayart Tamajeq'),
('tia', 'Tidikelt Tamazight'),
('tic', 'Tira'),
('tid', 'Tidong'),
('tie', 'Tingal'),
('tif', 'Tifal'),
('tig', 'Tigre'),
('tih', 'Timugon Murut'),
('tii', 'Tiene'),
('tij', 'Tilung'),
('tik', 'Tikar'),
('til', 'Tillamook'),
('tim', 'Timbe'),
('tin', 'Tindi'),
('tio', 'Teop'),
('tip', 'Trimuris'),
('tiq', 'Tifo'),
('tis', 'Masadiit Itneg'),
('tit', 'Tinigua'),
('tiu', 'Adasen'),
('tiv', 'Tiv'),
('tiw', 'Tiwi'),
('tix', 'Southern Tiwa'),
('tiy', 'Tiruray'),
('tiz', 'Tai Hongjin'),
('tja', 'Tajuasohn'),
('tjg', 'Tunjung'),
('tji', 'Northern Tujia'),
('tjm', 'Timucua'),
('tjn', 'Tonjon'),
('tjo', 'Temacine Tamazight'),
('tjs', 'Southern Tujia'),
('tju', 'Tjurruru'),
('tka', 'Truk'),
('tkb', 'Buksa'),
('tkd', 'Tukudede'),
('tke', 'Takwane'),
('tkf', 'Tukumanfd'),
('tkg', 'Tesaka Malagasy'),
('tkk', 'Takpa'),
('tkl', 'Tokelau'),
('tkm', 'Takelma'),
('tkn', 'Toku-No-Shima'),
('tkp', 'Tikopia'),
('tkq', 'Tee'),
('tkr', 'Tsakhur'),
('tks', 'Takestani'),
('tkt', 'Kathoriya Tharu'),
('tku', 'Upper Necaxa Totonac'),
('tkw', 'Teanu'),
('tkx', 'Tangko'),
('tkz', 'Takua'),
('tla', 'Southwestern Tepehuan'),
('tlb', 'Tobelo'),
('tlc', 'Yecuatla Totonac'),
('tld', 'Talaud'),
('tlf', 'Telefol'),
('tlg', 'Tofanma'),
('tlh', 'Klingon'),
('tlh', 'tlhIngan-Hol'),
('tli', 'Tlingit'),
('tlj', 'Talinga-Bwisi'),
('tlk', 'Taloki'),
('tll', 'Tetela'),
('tlm', 'Tolomako'),
('tln', 'Talondo'),
('tlo', 'Talodi'),
('tlp', 'Filomena Mata-Coahuitln Totonac'),
('tlq', 'Tai Loi'),
('tlr', 'Talise'),
('tls', 'Tambotalo'),
('tlt', 'Teluti'),
('tlu', 'Tulehu'),
('tlv', 'Taliabu'),
('tlw', 'South Wemale'),
('tlx', 'Khehek'),
('tly', 'Talysh'),
('tma', 'Tama (Chad)'),
('tmb', 'Katbol'),
('tmb', 'Avava'),
('tmc', 'Tumak'),
('tmd', 'Haruai'),
('tme', 'Trememb'),
('tmf', 'Toba-Maskoy'),
('tmg', 'Ternateo'),
('tmh', 'Tamashek'),
('tmi', 'Tutuba'),
('tmj', 'Samarokena'),
('tmk', 'Northwestern Tamang'),
('tml', 'Tamnim Citak'),
('tmm', 'Tai Thanh'),
('tmn', 'Taman (Indonesia)'),
('tmo', 'Temoq'),
('tmp', 'Tai Mne'),
('tmq', 'Tumleo'),
('tmr', 'Jewish Babylonian Aramaic (ca. 200-1200 CE)'),
('tms', 'Tima'),
('tmt', 'Tasmate'),
('tmu', 'Iau'),
('tmv', 'Tembo (Motembo)'),
('tmw', 'Temuan'),
('tmy', 'Tami'),
('tmz', 'Tamanaku'),
('tna', 'Tacana'),
('tnb', 'Western Tunebo'),
('tnc', 'Tanimuca-Retuar'),
('tnd', 'Angosturas Tunebo'),
('tne', 'Tinoc Kallahan'),
('tnf', 'Tangshewi'),
('tng', 'Tobanga'),
('tnh', 'Maiani'),
('tni', 'Tandia'),
('tnk', 'Kwamera'),
('tnl', 'Lenakel'),
('tnm', 'Tabla'),
('tnn', 'North Tanna'),
('tno', 'Toromono'),
('tnp', 'Whitesands'),
('tnq', 'Taino'),
('tnr', 'Bedik'),
('tns', 'Tenis'),
('tnt', 'Tontemboan'),
('tnu', 'Tay Khang'),
('tnv', 'Tangchangya'),
('tnw', 'Tonsawang'),
('tnx', 'Tanema'),
('tny', 'Tongwe'),
('tnz', 'Tonga (Thailand)'),
('tob', 'Toba'),
('toc', 'Coyutla Totonac'),
('tod', 'Toma'),
('toe', 'Tomedes'),
('tof', 'Gizrra'),
('tog', 'Tonga (Nyasa)'),
('toh', 'Gitonga'),
('toi', 'Tonga (Zambia)'),
('toj', 'Tojolabal'),
('tol', 'Tolowa'),
('tom', 'Tombulu'),
('too', 'Xicotepec De Jurez Totonac'),
('top', 'Papantla Totonac'),
('toq', 'Toposa'),
('tor', 'Togbo-Vara Banda'),
('tos', 'Highland Totonac'),
('tou', 'Tho'),
('tov', 'Upper Taromi'),
('tow', 'Jemez'),
('tox', 'Tobian'),
('toy', 'Topoiyo'),
('toz', 'To'),
('tpa', 'Taupota'),
('tpc', 'Azoy Me''phaa'),
('tpc', 'Azoy Tlapanec'),
('tpe', 'Tippera'),
('tpf', 'Tarpia'),
('tpg', 'Kula'),
('tpi', 'Tok Pisin'),
('tpj', 'Tapiet'),
('tpk', 'Tupinikin'),
('tpl', 'Tlacoapa Me''phaa'),
('tpl', 'Tlacoapa Tlapanec'),
('tpm', 'Tampulma'),
('tpn', 'Tupinamb'),
('tpo', 'Tai Pao'),
('tpp', 'Pisaflores Tepehua'),
('tpq', 'Tukpa'),
('tpr', 'Tupar'),
('tpt', 'Tlachichilco Tepehua'),
('tpu', 'Tampuan'),
('tpv', 'Tanapag'),
('tpw', 'Tup'),
('tpx', 'Acatepec Me''phaa'),
('tpx', 'Acatepec Tlapanec'),
('tpy', 'Trumai'),
('tpz', 'Tinputz'),
('tqb', 'Temb'),
('tql', 'Lehali'),
('tqm', 'Turumsa'),
('tqn', 'Tenino'),
('tqo', 'Toaripi'),
('tqp', 'Tomoip'),
('tqq', 'Tunni'),
('tqr', 'Torona'),
('tqt', 'Western Totonac'),
('tqu', 'Touo'),
('tqw', 'Tonkawa'),
('tra', 'Tirahi'),
('trb', 'Terebu'),
('trc', 'Copala Triqui'),
('trd', 'Turi'),
('tre', 'East Tarangan'),
('trf', 'Trinidadian Creole English'),
('trg', 'Lishn Didn'),
('trh', 'Turaka'),
('tri', 'Tri'),
('trj', 'Toram'),
('trk', 'Turkic languages'),
('trl', 'Traveller Scottish'),
('trm', 'Tregami'),
('trn', 'Trinitario'),
('tro', 'Tarao Naga'),
('trp', 'Kok Borok'),
('trq', 'San Martn Itunyoso Triqui'),
('trr', 'Taushiro'),
('trs', 'Chicahuaxtla Triqui'),
('trt', 'Tunggare'),
('tru', 'Turoyo'),
('trv', 'Taroko'),
('trw', 'Torwali'),
('trx', 'Tringgus-Sembaan Bidayuh'),
('try', 'Turung'),
('trz', 'Tor'),
('tsa', 'Tsaangi'),
('tsb', 'Tsamai'),
('tsc', 'Tswa'),
('tsd', 'Tsakonian'),
('tse', 'Tunisian Sign Language'),
('tsf', 'Southwestern Tamang'),
('tsg', 'Tausug'),
('tsh', 'Tsuvan'),
('tsi', 'Tsimshian'),
('tsj', 'Tshangla'),
('tsk', 'Tseku'),
('tsl', 'Ts''n-Lao'),
('tsm', 'Turkish Sign Language'),
('tsm', 'Trk Isaret Dili'),
('tsp', 'Northern Toussian'),
('tsq', 'Thai Sign Language'),
('tsr', 'Akei'),
('tss', 'Taiwan Sign Language'),
('tst', 'Tondi Songway Kiini'),
('tsu', 'Tsou'),
('tsv', 'Tsogo'),
('tsw', 'Tsishingini'),
('tsx', 'Mubami'),
('tsy', 'Tebul Sign Language'),
('tsz', 'Purepecha'),
('tta', 'Tutelo'),
('ttb', 'Gaa'),
('ttc', 'Tektiteko'),
('ttd', 'Tauade'),
('tte', 'Bwanabwana'),
('ttf', 'Tuotomb'),
('ttg', 'Tutong'),
('tth', 'Upper Ta''oih'),
('tti', 'Tobati'),
('ttj', 'Tooro'),
('ttk', 'Totoro'),
('ttl', 'Totela'),
('ttm', 'Northern Tutchone'),
('ttn', 'Towei'),
('tto', 'Lower Ta''oih'),
('ttp', 'Tombelala'),
('ttq', 'Tawallammat Tamajaq'),
('ttr', 'Tera'),
('tts', 'Northeastern Thai'),
('ttt', 'Muslim Tat'),
('ttu', 'Torau'),
('ttv', 'Titan'),
('ttw', 'Long Wat'),
('tty', 'Sikaritai'),
('ttz', 'Tsum'),
('tua', 'Wiarumus'),
('tub', 'Tbatulabal'),
('tuc', 'Mutu'),
('tud', 'Tux'),
('tue', 'Tuyuca'),
('tuf', 'Central Tunebo'),
('tug', 'Tunia'),
('tuh', 'Taulil'),
('tui', 'Tupuri'),
('tuj', 'Tugutil'),
('tul', 'Tula'),
('tum', 'Tumbuka'),
('tun', 'Tunica'),
('tuo', 'Tucano'),
('tup', 'Tupi languages'),
('tuq', 'Tedaga'),
('tus', 'Tuscarora'),
('tut', 'Altaic languages'),
('tuu', 'Tututni'),
('tuv', 'Turkana'),
('tuw', 'Tungus languages'),
('tux', 'Tuxinwa'),
('tuy', 'Tugen'),
('tuz', 'Turka'),
('tva', 'Vaghua'),
('tvd', 'Tsuvadi'),
('tve', 'Te''un'),
('tvk', 'Southeast Ambrym'),
('tvl', 'Tuvalu'),
('tvm', 'Tela-Masbuar'),
('tvn', 'Tavoyan'),
('tvo', 'Tidore'),
('tvs', 'Taveta'),
('tvt', 'Tutsa Naga'),
('tvw', 'Sedoa'),
('tvy', 'Timor Pidgin'),
('twa', 'Twana'),
('twb', 'Western Tawbuid'),
('twc', 'Teshenawa'),
('twd', 'Twents'),
('twe', 'Tewa (Indonesia)'),
('twf', 'Northern Tiwa'),
('twg', 'Tereweng'),
('twh', 'Tai Dn'),
('twl', 'Tawara'),
('twm', 'Tawang Monpa'),
('twn', 'Twendi'),
('two', 'Tswapong'),
('twp', 'Ere'),
('twq', 'Tasawaq'),
('twr', 'Southwestern Tarahumara'),
('twt', 'Turiwra'),
('twu', 'Termanu'),
('tww', 'Tuwari'),
('twx', 'Tewe'),
('twy', 'Tawoyan'),
('txa', 'Tombonuo'),
('txb', 'Tokharian B'),
('txc', 'Tsetsaut'),
('txe', 'Totoli'),
('txg', 'Tangut'),
('txh', 'Thracian'),
('txi', 'Ikpeng'),
('txm', 'Tomini'),
('txn', 'West Tarangan'),
('txo', 'Toto'),
('txq', 'Tii'),
('txr', 'Tartessian'),
('txs', 'Tonsea'),
('txt', 'Citak'),
('txu', 'Kayap'),
('txx', 'Tatana'),
('txy', 'Tanosy Malagasy'),
('tya', 'Tauya'),
('tye', 'Kyenga'),
('tyh', 'O''du'),
('tyi', 'Teke-Tsaayi'),
('tyj', 'Tai Do'),
('tyl', 'Thu Lao'),
('tyn', 'Kombai'),
('typ', 'Thaypan'),
('tyr', 'Tai Daeng'),
('tys', 'Ty Sa Pa'),
('tyt', 'Ty Tac'),
('tyu', 'Kua'),
('tyv', 'Tuvinian'),
('tyx', 'Teke-Tyee'),
('tyz', 'Ty'),
('tza', 'Tanzanian Sign Language'),
('tzh', 'Tzeltal'),
('tzj', 'Tz''utujil'),
('tzm', 'Central Atlas Tamazight'),
('tzn', 'Tugun'),
('tzo', 'Tzotzil'),
('tzx', 'Tabriak'),
('uam', 'Uamu'),
('uan', 'Kuan'),
('uar', 'Tairuma'),
('uba', 'Ubang'),
('ubi', 'Ubi'),
('ubl', 'Buhi''non Bikol'),
('ubr', 'Ubir'),
('ubu', 'Umbu-Ungu'),
('uby', 'Ubykh'),
('uda', 'Uda'),
('ude', 'Udihe'),
('udg', 'Muduga'),
('udi', 'Udi'),
('udj', 'Ujir'),
('udl', 'Wuzlam'),
('udm', 'Udmurt'),
('udu', 'Uduk'),
('ues', 'Kioko'),
('ufi', 'Ufim'),
('uga', 'Ugaritic'),
('ugb', 'Kuku-Ugbanh'),
('uge', 'Ughele'),
('ugn', 'Ugandan Sign Language'),
('ugo', 'Ugong'),
('ugy', 'Uruguayan Sign Language'),
('uha', 'Uhami'),
('uhn', 'Damal'),
('uis', 'Uisai'),
('uiv', 'Iyive'),
('uji', 'Tanjijili'),
('uka', 'Kaburi'),
('ukg', 'Ukuriguma'),
('ukh', 'Ukhwejo'),
('ukl', 'Ukrainian Sign Language'),
('ukp', 'Ukpe-Bayobiri'),
('ukq', 'Ukwa'),
('uks', 'Urub-Kaapor Sign Language'),
('uks', 'Kaapor Sign Language'),
('uku', 'Ukue'),
('ukw', 'Ukwuani-Aboh-Ndoni'),
('ula', 'Fungwa'),
('ulb', 'Ulukwumi'),
('ulc', 'Ulch'),
('ulf', 'Usku'),
('ulf', 'Afra'),
('uli', 'Ulithian'),
('ulk', 'Meriam'),
('ull', 'Ullatan'),
('ulm', 'Ulumanda'),
('uln', 'Unserdeutsch'),
('ulu', 'Uma'' Lung'),
('ulw', 'Ulwa'),
('uma', 'Umatilla'),
('umb', 'Umbundu'),
('umc', 'Marrucinian'),
('umd', 'Umbindhamu'),
('umg', 'Umbuygamu'),
('umi', 'Ukit'),
('umm', 'Umon'),
('umn', 'Makyan Naga'),
('umo', 'Umotna'),
('ump', 'Umpila'),
('umr', 'Umbugarla'),
('ums', 'Pendau'),
('umu', 'Munsee'),
('una', 'North Watut'),
('und', 'Undetermined'),
('une', 'Uneme'),
('ung', 'Ngarinyin'),
('unk', 'Enawen-Naw'),
('unm', 'Unami'),
('unp', 'Worora'),
('unr', 'Mundari'),
('unx', 'Munda'),
('unz', 'Unde Kaili'),
('uok', 'Uokha'),
('upi', 'Umeda'),
('upv', 'Uripiv-Wala-Rano-Atchin'),
('ura', 'Urarina'),
('urb', 'Urub-Kaapor'),
('urb', 'Kaapor'),
('urc', 'Urningangg'),
('ure', 'Uru'),
('urf', 'Uradhi'),
('urg', 'Urigina'),
('urh', 'Urhobo'),
('uri', 'Urim'),
('urj', 'Uralic languages'),
('urk', 'Urak Lawoi'),
('url', 'Urali'),
('urm', 'Urapmin'),
('urn', 'Uruangnirin'),
('uro', 'Ura (Papua New Guinea)'),
('urp', 'Uru-Pa-In'),
('urr', 'Lehalurup'),
('urr', 'Lyp'),
('urt', 'Urat'),
('uru', 'Urumi'),
('urv', 'Uruava'),
('urw', 'Sop'),
('urx', 'Urimo'),
('ury', 'Orya'),
('urz', 'Uru-Eu-Wau-Wau'),
('usa', 'Usarufa'),
('ush', 'Ushojo'),
('usi', 'Usui'),
('usk', 'Usaghade'),
('usp', 'Uspanteco'),
('usu', 'Uya'),
('uta', 'Otank'),
('ute', 'Ute-Southern Paiute'),
('utp', 'Amba (Solomon Islands)'),
('utr', 'Etulo'),
('utu', 'Utu'),
('uum', 'Urum'),
('uun', 'Kulon-Pazeh'),
('uur', 'Ura (Vanuatu)'),
('uuu', 'U'),
('uve', 'West Uvean'),
('uvh', 'Uri'),
('uvl', 'Lote'),
('uwa', 'Kuku-Uwanh'),
('uya', 'Doko-Uyanga'),
('uzn', 'Northern Uzbek'),
('uzs', 'Southern Uzbek'),
('vaa', 'Vaagri Booli'),
('vae', 'Vale'),
('vaf', 'Vafsi'),
('vag', 'Vagla'),
('vah', 'Varhadi-Nagpuri'),
('vai', 'Vai'),
('vaj', 'Vasekela Bushman'),
('val', 'Vehes'),
('vam', 'Vanimo'),
('van', 'Valman'),
('vao', 'Vao'),
('vap', 'Vaiphei'),
('var', 'Huarijio'),
('vas', 'Vasavi'),
('vau', 'Vanuma'),
('vav', 'Varli'),
('vay', 'Wayu'),
('vbb', 'Southeast Babar'),
('vbk', 'Southwestern Bontok'),
('vec', 'Venetian'),
('ved', 'Veddah'),
('vel', 'Veluws'),
('vem', 'Vemgo-Mabas'),
('veo', 'Ventureo'),
('vep', 'Veps'),
('ver', 'Mom Jango'),
('vgr', 'Vaghri'),
('vgt', 'Vlaamse Gebarentaal'),
('vgt', 'Flemish Sign Language'),
('vic', 'Virgin Islands Creole English'),
('vid', 'Vidunda'),
('vif', 'Vili'),
('vig', 'Viemo'),
('vil', 'Vilela'),
('vin', 'Vinza'),
('vis', 'Vishavan'),
('vit', 'Viti'),
('viv', 'Iduna'),
('vka', 'Kariyarra'),
('vki', 'Ija-Zuba'),
('vkj', 'Kujarge'),
('vkk', 'Kaur'),
('vkl', 'Kulisusu'),
('vkm', 'Kamakan'),
('vko', 'Kodeoha'),
('vkp', 'Korlai Creole Portuguese'),
('vkt', 'Tenggarong Kutai Malay'),
('vku', 'Kurrama'),
('vlp', 'Valpei'),
('vls', 'Vlaams'),
('vma', 'Martuyhunira'),
('vmb', 'Mbabaram'),
('vmc', 'Juxtlahuaca Mixtec'),
('vmd', 'Mudu Koraga'),
('vme', 'East Masela'),
('vmf', 'Mainfrnkisch'),
('vmg', 'Minigir'),
('vmh', 'Maraghei'),
('vmi', 'Miwa'),
('vmj', 'Ixtayutla Mixtec'),
('vmk', 'Makhuwa-Shirima'),
('vml', 'Malgana'),
('vmm', 'Mitlatongo Mixtec'),
('vmp', 'Soyaltepec Mazatec'),
('vmq', 'Soyaltepec Mixtec'),
('vmr', 'Marenje'),
('vms', 'Moksela'),
('vmu', 'Muluridyi'),
('vmv', 'Valley Maidu'),
('vmw', 'Makhuwa'),
('vmx', 'Tamazola Mixtec'),
('vmy', 'Ayautla Mazatec'),
('vmz', 'Mazatln Mazatec'),
('vnk', 'Vano'),
('vnk', 'Lovono'),
('vnm', 'Vinmavis'),
('vnm', 'Neve''ei'),
('vnp', 'Vunapu'),
('vor', 'Voro'),
('vot', 'Votic'),
('vra', 'Vera''a'),
('vro', 'Vro'),
('vrs', 'Varisi'),
('vrt', 'Burmbar'),
('vrt', 'Banam Bay'),
('vsi', 'Moldova Sign Language'),
('vsl', 'Venezuelan Sign Language'),
('vsv', 'Valencian Sign Language'),
('vsv', 'Llengua de signes valenciana'),
('vto', 'Vitou'),
('vum', 'Vumbu'),
('vun', 'Vunjo'),
('vut', 'Vute'),
('vwa', 'Awa (China)'),
('waa', 'Walla Walla'),
('wab', 'Wab'),
('wac', 'Wasco-Wishram'),
('wad', 'Wandamen'),
('wae', 'Walser'),
('waf', 'Wakon'),
('wag', 'Wa''ema'),
('wah', 'Watubela'),
('wai', 'Wares'),
('waj', 'Waffa'),
('wak', 'Wakashan languages'),
('wal', 'Wolaytta'),
('wal', 'Wolaitta'),
('wam', 'Wampanoag'),
('wan', 'Wan'),
('wao', 'Wappo'),
('wap', 'Wapishana'),
('waq', 'Wageman'),
('war', 'Waray (Philippines)'),
('was', 'Washo'),
('wat', 'Kaninuwa'),
('wau', 'Waur'),
('wav', 'Waka'),
('waw', 'Waiwai'),
('wax', 'Watam'),
('way', 'Wayana'),
('waz', 'Wampur'),
('wba', 'Warao'),
('wbb', 'Wabo'),
('wbe', 'Waritai'),
('wbf', 'Wara'),
('wbh', 'Wanda'),
('wbi', 'Vwanji'),
('wbj', 'Alagwa'),
('wbk', 'Waigali'),
('wbl', 'Wakhi'),
('wbm', 'Wa'),
('wbp', 'Warlpiri'),
('wbq', 'Waddar'),
('wbr', 'Wagdi'),
('wbt', 'Wanman'),
('wbv', 'Wajarri'),
('wbw', 'Woi'),
('wca', 'Yanommi'),
('wci', 'Waci Gbe'),
('wdd', 'Wandji'),
('wdg', 'Wadaginam'),
('wdj', 'Wadjiginy'),
('wdu', 'Wadjigu'),
('wea', 'Wewaw'),
('wec', 'W Western'),
('wed', 'Wedau'),
('weh', 'Weh'),
('wei', 'Kiunum'),
('wem', 'Weme Gbe'),
('wen', 'Sorbian languages'),
('weo', 'North Wemale'),
('wep', 'Westphalien'),
('wer', 'Weri'),
('wes', 'Cameroon Pidgin'),
('wet', 'Perai'),
('weu', 'Welaung'),
('wew', 'Wejewa'),
('wfg', 'Yafi'),
('wfg', 'Zorop'),
('wga', 'Wagaya'),
('wgb', 'Wagawaga'),
('wgg', 'Wangganguru'),
('wgi', 'Wahgi'),
('wgo', 'Waigeo'),
('wgw', 'Wagawaga'),
('wgy', 'Warrgamay'),
('wha', 'Manusela'),
('whg', 'North Wahgi'),
('whk', 'Wahau Kenyah'),
('whu', 'Wahau Kayan'),
('wib', 'Southern Toussian'),
('wic', 'Wichita'),
('wie', 'Wik-Epa'),
('wif', 'Wik-Keyangan'),
('wig', 'Wik-Ngathana'),
('wih', 'Wik-Me''anha'),
('wii', 'Minidien'),
('wij', 'Wik-Iiyanh'),
('wik', 'Wikalkan'),
('wil', 'Wilawila'),
('wim', 'Wik-Mungkan'),
('win', 'Ho-Chunk'),
('wir', 'Wirafd'),
('wit', 'Wintu'),
('wiu', 'Wiru'),
('wiv', 'Muduapa'),
('wiw', 'Wirangu'),
('wiy', 'Wiyot'),
('wja', 'Waja'),
('wji', 'Warji'),
('wka', 'Kw''adza'),
('wkb', 'Kumbaran'),
('wkd', 'Wakde'),
('wkd', 'Mo'),
('wkl', 'Kalanadi'),
('wku', 'Kunduvadi'),
('wkw', 'Wakawaka'),
('wla', 'Walio'),
('wlc', 'Mwali Comorian'),
('wle', 'Wolane'),
('wlg', 'Kunbarlang'),
('wli', 'Waioli'),
('wlk', 'Wailaki'),
('wll', 'Wali (Sudan)'),
('wlm', 'Middle Welsh'),
('wlo', 'Wolio'),
('wlr', 'Wailapa'),
('wls', 'Wallisian'),
('wlu', 'Wuliwuli'),
('wlv', 'Wich Lhamts Vejoz'),
('wlw', 'Walak'),
('wlx', 'Wali (Ghana)'),
('wly', 'Waling'),
('wma', 'Mawa (Nigeria)'),
('wmb', 'Wambaya'),
('wmc', 'Wamas'),
('wmd', 'Mamaind'),
('wme', 'Wambule'),
('wmh', 'Waima''a'),
('wmi', 'Wamin'),
('wmm', 'Maiwa (Indonesia)'),
('wmn', 'Waamwang'),
('wmo', 'Wom (Papua New Guinea)'),
('wms', 'Wambon'),
('wmt', 'Walmajarri'),
('wmw', 'Mwani'),
('wmx', 'Womo'),
('wnb', 'Wanambre'),
('wnc', 'Wantoat'),
('wnd', 'Wandarang'),
('wne', 'Waneci'),
('wng', 'Wanggom'),
('wni', 'Ndzwani Comorian'),
('wnk', 'Wanukaka'),
('wnm', 'Wanggamala'),
('wno', 'Wano'),
('wnp', 'Wanap'),
('wnu', 'Usan'),
('woa', 'Tyaraity'),
('wob', 'W Northern'),
('woc', 'Wogeo'),
('wod', 'Wolani'),
('woe', 'Woleaian'),
('wof', 'Gambian Wolof'),
('wog', 'Wogamusin'),
('woi', 'Kamang'),
('wok', 'Longto'),
('wom', 'Wom (Nigeria)'),
('won', 'Wongo'),
('woo', 'Manombai'),
('wor', 'Woria'),
('wos', 'Hanga Hundi'),
('wow', 'Wawonii'),
('woy', 'Weyto'),
('wpc', 'Maco'),
('wra', 'Warapu'),
('wrb', 'Warluwara'),
('wrd', 'Warduji'),
('wrg', 'Warungu'),
('wrh', 'Wiradhuri'),
('wri', 'Wariyangga'),
('wrl', 'Warlmanpa'),
('wrm', 'Warumungu'),
('wrn', 'Warnang'),
('wrp', 'Waropen'),
('wrr', 'Wardaman'),
('wrs', 'Waris'),
('wru', 'Waru'),
('wrv', 'Waruna'),
('wrw', 'Gugu Warra'),
('wrx', 'Wae Rana'),
('wry', 'Merwari'),
('wrz', 'Waray (Australia)'),
('wsa', 'Warembori'),
('wsi', 'Wusi'),
('wsk', 'Waskia'),
('wsr', 'Owenia'),
('wss', 'Wasa'),
('wsu', 'Wasu'),
('wsv', 'Wotapuri-Katarqalai'),
('wtf', 'Watiwa'),
('wti', 'Berta'),
('wtk', 'Watakataui'),
('wtm', 'Mewati'),
('wtw', 'Wotu'),
('wua', 'Wikngenchera'),
('wub', 'Wunambal'),
('wud', 'Wudu'),
('wuh', 'Wutunhua'),
('wul', 'Silimo'),
('wum', 'Wumbvu'),
('wun', 'Bungu'),
('wur', 'Wurrugu'),
('wut', 'Wutung'),
('wuu', 'Wu Chinese'),
('wuv', 'Wuvulu-Aua'),
('wux', 'Wulna'),
('wuy', 'Wauyai'),
('wwa', 'Waama'),
('wwo', 'Wetamut'),
('wwo', 'Dorig'),
('wwr', 'Warrwa'),
('www', 'Wawa'),
('wxa', 'Waxianghua'),
('wya', 'Wyandot'),
('wyb', 'Wangaaybuwan-Ngiyambaa'),
('wym', 'Wymysorys'),
('wyr', 'Wayor'),
('wyy', 'Western Fijian'),
('xaa', 'Andalusian Arabic'),
('xab', 'Sambe'),
('xac', 'Kachari'),
('xad', 'Adai'),
('xae', 'Aequian'),
('xag', 'Aghwan'),
('xai', 'Kaimb'),
('xal', 'Kalmyk'),
('xal', 'Oirat'),
('xam', '/Xam'),
('xan', 'Xamtanga'),
('xao', 'Khao'),
('xap', 'Apalachee'),
('xaq', 'Aquitanian'),
('xar', 'Karami'),
('xas', 'Kamas'),
('xat', 'Katawixi'),
('xau', 'Kauwera'),
('xav', 'Xavnte'),
('xaw', 'Kawaiisu'),
('xay', 'Kayan Mahakam'),
('xba', 'Kamba (Brazil)'),
('xbb', 'Lower Burdekin'),
('xbc', 'Bactrian'),
('xbi', 'Kombio'),
('xbm', 'Middle Breton'),
('xbn', 'Kenaboi'),
('xbo', 'Bolgarian'),
('xbr', 'Kambera'),
('xbw', 'Kambiw'),
('xbx', 'Kabix'),
('xcb', 'Cumbric'),
('xcc', 'Camunic'),
('xce', 'Celtiberian'),
('xcg', 'Cisalpine Gaulish'),
('xch', 'Chemakum'),
('xch', 'Chimakum'),
('xcl', 'Classical Armenian');
INSERT INTO `lflanguages` (`language`, `name`) VALUES
('xcm', 'Comecrudo'),
('xcn', 'Cotoname'),
('xco', 'Chorasmian'),
('xcr', 'Carian'),
('xct', 'Classical Tibetan'),
('xcu', 'Curonian'),
('xcv', 'Chuvantsy'),
('xcw', 'Coahuilteco'),
('xcy', 'Cayuse'),
('xdc', 'Dacian'),
('xdm', 'Edomite'),
('xdy', 'Malayic Dayak'),
('xeb', 'Eblan'),
('xed', 'Hdi'),
('xeg', '//Xegwi'),
('xel', 'Kelo'),
('xem', 'Kembayan'),
('xep', 'Epi-Olmec'),
('xer', 'Xernte'),
('xes', 'Kesawai'),
('xet', 'Xet'),
('xeu', 'Keoru-Ahia'),
('xfa', 'Faliscan'),
('xga', 'Galatian'),
('xgf', 'Gabrielino-Fernandeo'),
('xgl', 'Galindan'),
('xgn', 'Mongolian languages'),
('xgr', 'Garza'),
('xha', 'Harami'),
('xhc', 'Hunnic'),
('xhd', 'Hadrami'),
('xhe', 'Khetrani'),
('xhr', 'Hernican'),
('xht', 'Hattic'),
('xhu', 'Hurrian'),
('xhv', 'Khua'),
('xia', 'Xiandao'),
('xib', 'Iberian'),
('xii', 'Xiri'),
('xil', 'Illyrian'),
('xin', 'Xinca'),
('xip', 'Xipinwa'),
('xir', 'Xirina'),
('xiv', 'Indus Valley Language'),
('xiy', 'Xipaya'),
('xka', 'Kalkoti'),
('xkb', 'Northern Nago'),
('xkc', 'Kho''ini'),
('xkd', 'Mendalam Kayan'),
('xke', 'Kereho'),
('xkf', 'Khengkha'),
('xkg', 'Kagoro'),
('xkh', 'Karahawyana'),
('xki', 'Kenyan Sign Language'),
('xkj', 'Kajali'),
('xkk', 'Kaco'),
('xkl', 'Mainstream Kenyah'),
('xkn', 'Kayan River Kayan'),
('xko', 'Kiorr'),
('xkp', 'Kabatei'),
('xkq', 'Koroni'),
('xkr', 'Xakriab'),
('xks', 'Kumbewaha'),
('xkt', 'Kantosi'),
('xku', 'Kaamba'),
('xkv', 'Kgalagadi'),
('xkw', 'Kembra'),
('xkx', 'Karore'),
('xky', 'Uma'' Lasan'),
('xkz', 'Kurtokha'),
('xla', 'Kamula'),
('xlb', 'Loup B'),
('xlc', 'Lycian'),
('xld', 'Lydian'),
('xle', 'Lemnian'),
('xlg', 'Ligurian (Ancient)'),
('xli', 'Liburnian'),
('xln', 'Alanic'),
('xlo', 'Loup A'),
('xlp', 'Lepontic'),
('xls', 'Lusitanian'),
('xlu', 'Cuneiform Luwian'),
('xly', 'Elymian'),
('xma', 'Mushungulu'),
('xmb', 'Mbonga'),
('xmc', 'Makhuwa-Marrevone'),
('xmd', 'Mbudum'),
('xme', 'Median'),
('xmf', 'Mingrelian'),
('xmg', 'Mengaka'),
('xmh', 'Kuku-Muminh'),
('xmj', 'Majera'),
('xmk', 'Ancient Macedonian'),
('xml', 'Malaysian Sign Language'),
('xmm', 'Manado Malay'),
('xmn', 'Manichaean Middle Persian'),
('xmo', 'Morerebi'),
('xmp', 'Kuku-Mu''inh'),
('xmq', 'Kuku-Mangk'),
('xmr', 'Meroitic'),
('xms', 'Moroccan Sign Language'),
('xmt', 'Matbat'),
('xmu', 'Kamu'),
('xmv', 'Antankarana Malagasy'),
('xmv', 'Tankarana Malagasy'),
('xmw', 'Tsimihety Malagasy'),
('xmx', 'Maden'),
('xmy', 'Mayaguduna'),
('xmz', 'Mori Bawah'),
('xna', 'Ancient North Arabian'),
('xnb', 'Kanakanabu'),
('xnd', 'Na-Dene languages'),
('xng', 'Middle Mongolian'),
('xnh', 'Kuanhua'),
('xnn', 'Northern Kankanay'),
('xno', 'Anglo-Norman'),
('xnr', 'Kangri'),
('xns', 'Kanashi'),
('xnt', 'Narragansett'),
('xoc', 'O''chi''chi'''),
('xod', 'Kokoda'),
('xog', 'Soga'),
('xoi', 'Kominimung'),
('xok', 'Xokleng'),
('xom', 'Komo (Sudan)'),
('xon', 'Konkomba'),
('xoo', 'Xukur'),
('xop', 'Kopar'),
('xor', 'Korubo'),
('xow', 'Kowaki'),
('xpc', 'Pecheneg'),
('xpe', 'Liberia Kpelle'),
('xpg', 'Phrygian'),
('xpi', 'Pictish'),
('xpk', 'Kulina Pano'),
('xpm', 'Pumpokol'),
('xpn', 'Kapinaw'),
('xpo', 'Pochutec'),
('xpp', 'Puyo-Paekche'),
('xpq', 'Mohegan-Pequot'),
('xpr', 'Parthian'),
('xps', 'Pisidian'),
('xpu', 'Punic'),
('xpy', 'Puyo'),
('xqa', 'Karakhanid'),
('xqt', 'Qatabanian'),
('xra', 'Krah'),
('xrb', 'Eastern Karaboro'),
('xre', 'Kreye'),
('xri', 'Krikati-Timbira'),
('xrm', 'Armazic'),
('xrn', 'Arin'),
('xrr', 'Raetic'),
('xrt', 'Aranama-Tamique'),
('xru', 'Marriammu'),
('xrw', 'Karawa'),
('xsa', 'Sabaean'),
('xsb', 'Tin Sambal'),
('xsc', 'Scythian'),
('xsd', 'Sidetic'),
('xse', 'Sempan'),
('xsh', 'Shamang'),
('xsi', 'Sio'),
('xsj', 'Subi'),
('xsl', 'South Slavey'),
('xsm', 'Kasem'),
('xsn', 'Sanga (Nigeria)'),
('xso', 'Solano'),
('xsp', 'Silopi'),
('xsq', 'Makhuwa-Saka'),
('xsr', 'Sherpa'),
('xss', 'Assan'),
('xsu', 'Sanum'),
('xsv', 'Sudovian'),
('xsy', 'Saisiyat'),
('xta', 'Alcozauca Mixtec'),
('xtb', 'Chazumba Mixtec'),
('xtc', 'Katcha-Kadugli-Miri'),
('xtd', 'Diuxi-Tilantongo Mixtec'),
('xte', 'Ketengban'),
('xtg', 'Transalpine Gaulish'),
('xti', 'Sinicahua Mixtec'),
('xtj', 'San Juan Teita Mixtec'),
('xtl', 'Tijaltepec Mixtec'),
('xtm', 'Magdalena Peasco Mixtec'),
('xtn', 'Northern Tlaxiaco Mixtec'),
('xto', 'Tokharian A'),
('xtp', 'San Miguel Piedras Mixtec'),
('xtq', 'Tumshuqese'),
('xtr', 'Early Tripuri'),
('xts', 'Sindihui Mixtec'),
('xtt', 'Tacahua Mixtec'),
('xtu', 'Cuyamecalco Mixtec'),
('xtw', 'Tawand'),
('xty', 'Yoloxochitl Mixtec'),
('xtz', 'Tasmanian'),
('xua', 'Alu Kurumba'),
('xub', 'Betta Kurumba'),
('xug', 'Kunigami'),
('xuj', 'Jennu Kurumba'),
('xum', 'Umbrian'),
('xuo', 'Kuo'),
('xup', 'Upper Umpqua'),
('xur', 'Urartian'),
('xut', 'Kuthant'),
('xuu', 'Kxoe'),
('xve', 'Venetic'),
('xvi', 'Kamviri'),
('xvn', 'Vandalic'),
('xvo', 'Volscian'),
('xvs', 'Vestinian'),
('xwa', 'Kwaza'),
('xwc', 'Woccon'),
('xwe', 'Xwela Gbe'),
('xwg', 'Kwegu'),
('xwl', 'Western Xwla Gbe'),
('xwo', 'Written Oirat'),
('xwr', 'Kwerba Mamberamo'),
('xxb', 'Boro (Ghana)'),
('xxk', 'Ke''o'),
('xxr', 'Korop'),
('xxt', 'Tambora'),
('xyl', 'Yalakalore'),
('xzh', 'Zhang-Zhung'),
('xzm', 'Zemgalian'),
('xzp', 'Ancient Zapotec'),
('yaa', 'Yaminahua'),
('yab', 'Yuhup'),
('yac', 'Pass Valley Yali'),
('yad', 'Yagua'),
('yae', 'Pum'),
('yaf', 'Yaka (Democratic Republic of Congo)'),
('yag', 'Ymana'),
('yah', 'Yazgulyam'),
('yai', 'Yagnobi'),
('yaj', 'Banda-Yangere'),
('yak', 'Yakama'),
('yal', 'Yalunka'),
('yam', 'Yamba'),
('yan', 'Mayangna'),
('yao', 'Yao'),
('yap', 'Yapese'),
('yaq', 'Yaqui'),
('yar', 'Yabarana'),
('yas', 'Nugunu (Cameroon)'),
('yat', 'Yambeta'),
('yau', 'Yuwana'),
('yav', 'Yangben'),
('yaw', 'Yawalapit'),
('yax', 'Yauma'),
('yay', 'Agwagwune'),
('yaz', 'Lokaa'),
('yba', 'Yala'),
('ybb', 'Yemba'),
('ybd', 'Yangbye'),
('ybe', 'West Yugur'),
('ybh', 'Yakha'),
('ybi', 'Yamphu'),
('ybj', 'Hasha'),
('ybk', 'Bokha'),
('ybl', 'Yukuben'),
('ybm', 'Yaben'),
('ybn', 'Yabana'),
('ybo', 'Yabong'),
('ybx', 'Yawiyo'),
('yby', 'Yaweyuha'),
('ych', 'Chesu'),
('ycl', 'Lolopo'),
('ycn', 'Yucuna'),
('ycp', 'Chepya'),
('ydd', 'Eastern Yiddish'),
('yde', 'Yangum Dey'),
('ydg', 'Yidgha'),
('ydk', 'Yoidik'),
('yds', 'Yiddish Sign Language'),
('yea', 'Ravula'),
('yec', 'Yeniche'),
('yee', 'Yimas'),
('yei', 'Yeni'),
('yej', 'Yevanic'),
('yel', 'Yela'),
('yen', 'Yendang'),
('yer', 'Tarok'),
('yes', 'Yeskwa'),
('yet', 'Yetfa'),
('yeu', 'Yerukula'),
('yev', 'Yapunda'),
('yey', 'Yeyi'),
('ygl', 'Yangum Gel'),
('ygm', 'Yagomi'),
('ygp', 'Gepo'),
('ygr', 'Yagaria'),
('ygw', 'Yagwoia'),
('yha', 'Baha Buyang'),
('yhd', 'Judeo-Iraqi Arabic'),
('yhl', 'Hlepho Phowa'),
('yia', 'Yinggarda'),
('yif', 'Ache'),
('yig', 'Wusa Nasu'),
('yih', 'Western Yiddish'),
('yii', 'Yidiny'),
('yij', 'Yindjibarndi'),
('yik', 'Dongshanba Lalo'),
('yil', 'Yindjilandji'),
('yim', 'Yimchungru Naga'),
('yin', 'Yinchia'),
('yip', 'Pholo'),
('yiq', 'Miqie'),
('yir', 'North Awyu'),
('yis', 'Yis'),
('yit', 'Eastern Lalu'),
('yiu', 'Awu'),
('yiv', 'Northern Nisu'),
('yix', 'Axi Yi'),
('yiy', 'Yir Yoront'),
('yiz', 'Azhe'),
('yka', 'Yakan'),
('ykg', 'Northern Yukaghir'),
('yki', 'Yoke'),
('ykk', 'Yakaikeke'),
('ykl', 'Khlula'),
('ykm', 'Kap'),
('yko', 'Yasa'),
('ykr', 'Yekora'),
('ykt', 'Kathu'),
('yky', 'Yakoma'),
('yla', 'Yaul'),
('ylb', 'Yaleba'),
('yle', 'Yele'),
('ylg', 'Yelogu'),
('yli', 'Angguruk Yali'),
('yll', 'Yil'),
('ylm', 'Limi'),
('yln', 'Langnian Buyang'),
('ylo', 'Naluo Yi'),
('ylr', 'Yalarnnga'),
('ylu', 'Aribwaung'),
('yly', 'Nylayu'),
('yma', 'Yamphe'),
('ymb', 'Yambes'),
('ymc', 'Southern Muji'),
('ymd', 'Muda'),
('yme', 'Yameo'),
('ymg', 'Yamongeri'),
('ymh', 'Mili'),
('ymi', 'Moji'),
('ymk', 'Makwe'),
('yml', 'Iamalele'),
('ymm', 'Maay'),
('ymn', 'Yamna'),
('ymn', 'Sunum'),
('ymo', 'Yangum Mon'),
('ymp', 'Yamap'),
('ymq', 'Qila Muji'),
('ymr', 'Malasar'),
('yms', 'Mysian'),
('ymt', 'Mator-Taygi-Karagas'),
('ymx', 'Northern Muji'),
('ymz', 'Muzi'),
('yna', 'Aluo'),
('ynd', 'Yandruwandha'),
('yne', 'Lang''e'),
('yng', 'Yango'),
('ynh', 'Yangho'),
('ynk', 'Naukan Yupik'),
('ynl', 'Yangulam'),
('ynn', 'Yana'),
('yno', 'Yong'),
('yns', 'Yansi'),
('ynu', 'Yahuna'),
('yob', 'Yoba'),
('yog', 'Yogad'),
('yoi', 'Yonaguni'),
('yok', 'Yokuts'),
('yol', 'Yola'),
('yom', 'Yombe'),
('yon', 'Yongkom'),
('yos', 'Yos'),
('yox', 'Yoron'),
('yoy', 'Yoy'),
('ypa', 'Phala'),
('ypb', 'Labo Phowa'),
('ypg', 'Phola'),
('yph', 'Phupha'),
('ypk', 'Yupik languages'),
('ypm', 'Phuma'),
('ypn', 'Ani Phowa'),
('ypo', 'Alo Phola'),
('ypp', 'Phupa'),
('ypz', 'Phuza'),
('yra', 'Yerakai'),
('yrb', 'Yareba'),
('yre', 'Yaour'),
('yri', 'Yar'),
('yrk', 'Nenets'),
('yrl', 'Nhengatu'),
('yrn', 'Yerong'),
('yrs', 'Yarsun'),
('yrw', 'Yarawata'),
('ysc', 'Yassic'),
('ysd', 'Samatao'),
('ysl', 'Yugoslavian Sign Language'),
('ysn', 'Sani'),
('yso', 'Nisi (China)'),
('ysp', 'Southern Lolopo'),
('ysr', 'Sirenik Yupik'),
('yss', 'Yessan-Mayo'),
('ysy', 'Sanie'),
('yta', 'Talu'),
('ytl', 'Tanglang'),
('ytp', 'Thopho'),
('ytw', 'Yout Wam'),
('yua', 'Yucateco'),
('yua', 'Yucatec Maya'),
('yub', 'Yugambal'),
('yuc', 'Yuchi'),
('yud', 'Judeo-Tripolitanian Arabic'),
('yue', 'Yue Chinese'),
('yuf', 'Havasupai-Walapai-Yavapai'),
('yug', 'Yug'),
('yui', 'Yurut'),
('yuj', 'Karkar-Yuri'),
('yuk', 'Yuki'),
('yul', 'Yulu'),
('yum', 'Quechan'),
('yun', 'Bena (Nigeria)'),
('yup', 'Yukpa'),
('yuq', 'Yuqui'),
('yur', 'Yurok'),
('yut', 'Yopno'),
('yuu', 'Yugh'),
('yuw', 'Yau (Morobe Province)'),
('yux', 'Southern Yukaghir'),
('yuy', 'East Yugur'),
('yuz', 'Yuracare'),
('yva', 'Yawa'),
('yvt', 'Yavitero'),
('ywa', 'Kalou'),
('ywl', 'Western Lalu'),
('ywn', 'Yawanawa'),
('ywq', 'Wuding-Luquan Yi'),
('ywr', 'Yawuru'),
('ywt', 'Xishanba Lalo'),
('ywu', 'Wumeng Nasu'),
('yww', 'Yawarawarga'),
('yyu', 'Yau (Sandaun Province)'),
('yyz', 'Ayizi'),
('yzg', 'E''ma Buyang'),
('yzk', 'Zokhuo'),
('zaa', 'Sierra de Jurez Zapotec'),
('zab', 'San Juan Guelava Zapotec'),
('zac', 'Ocotln Zapotec'),
('zad', 'Cajonos Zapotec'),
('zae', 'Yareni Zapotec'),
('zaf', 'Ayoquesco Zapotec'),
('zag', 'Zaghawa'),
('zah', 'Zangwal'),
('zai', 'Isthmus Zapotec'),
('zaj', 'Zaramo'),
('zak', 'Zanaki'),
('zal', 'Zauzou'),
('zam', 'Miahuatln Zapotec'),
('zao', 'Ozolotepec Zapotec'),
('zap', 'Zapotec'),
('zaq', 'Alopam Zapotec'),
('zar', 'Rincn Zapotec'),
('zas', 'Santo Domingo Albarradas Zapotec'),
('zat', 'Tabaa Zapotec'),
('zau', 'Zangskari'),
('zav', 'Yatzachi Zapotec'),
('zaw', 'Mitla Zapotec'),
('zax', 'Xadani Zapotec'),
('zay', 'Zayse-Zergulla'),
('zay', 'Zaysete'),
('zaz', 'Zari'),
('zbc', 'Central Berawan'),
('zbe', 'East Berawan'),
('zbl', 'Blissymbols'),
('zbl', 'Bliss'),
('zbl', 'Blissymbolics'),
('zbt', 'Batui'),
('zbw', 'West Berawan'),
('zca', 'Coatecas Altas Zapotec'),
('zch', 'Central Hongshuihe Zhuang'),
('zdj', 'Ngazidja Comorian'),
('zea', 'Zeeuws'),
('zeg', 'Zenag'),
('zeh', 'Eastern Hongshuihe Zhuang'),
('zen', 'Zenaga'),
('zga', 'Kinga'),
('zgb', 'Guibei Zhuang'),
('zgm', 'Minz Zhuang'),
('zgn', 'Guibian Zhuang'),
('zgr', 'Magori'),
('zhb', 'Zhaba'),
('zhd', 'Dai Zhuang'),
('zhi', 'Zhire'),
('zhn', 'Nong Zhuang'),
('zhw', 'Zhoa'),
('zhx', 'Chinese (family)'),
('zia', 'Zia'),
('zib', 'Zimbabwe Sign Language'),
('zik', 'Zimakani'),
('zil', 'Zialo'),
('zim', 'Mesme'),
('zin', 'Zinza'),
('zir', 'Ziriya'),
('ziw', 'Zigula'),
('ziz', 'Zizilivakan'),
('zka', 'Kaimbulawa'),
('zkb', 'Koibal'),
('zkg', 'Koguryo'),
('zkh', 'Khorezmian'),
('zkk', 'Karankawa'),
('zko', 'Kott'),
('zkp', 'So Paulo Kaingng'),
('zkr', 'Zakhring'),
('zkt', 'Kitan'),
('zku', 'Kaurna'),
('zkv', 'Krevinian'),
('zkz', 'Khazar'),
('zle', 'East Slavic languages'),
('zlj', 'Liujiang Zhuang'),
('zlm', 'Malay (individual language)'),
('zln', 'Lianshan Zhuang'),
('zlq', 'Liuqian Zhuang'),
('zls', 'South Slavic languages'),
('zlw', 'West Slavic languages'),
('zma', 'Manda (Australia)'),
('zmb', 'Zimba'),
('zmc', 'Margany'),
('zmd', 'Maridan'),
('zme', 'Mangerr'),
('zmf', 'Mfinu'),
('zmg', 'Marti Ke'),
('zmh', 'Makolkol'),
('zmi', 'Negeri Sembilan Malay'),
('zmj', 'Maridjabin'),
('zmk', 'Mandandanyi'),
('zml', 'Madngele'),
('zmm', 'Marimanindji'),
('zmn', 'Mbangwe'),
('zmo', 'Molo'),
('zmp', 'Mpuono'),
('zmq', 'Mituku'),
('zmr', 'Maranunggu'),
('zms', 'Mbesa'),
('zmt', 'Maringarr'),
('zmu', 'Muruwari'),
('zmv', 'Mbariman-Gudhinma'),
('zmw', 'Mbo (Democratic Republic of Congo)'),
('zmx', 'Bomitaba'),
('zmy', 'Mariyedi'),
('zmz', 'Mbandja'),
('zna', 'Zan Gula'),
('znd', 'Zande languages'),
('zne', 'Zande (individual language)'),
('zng', 'Mang'),
('znk', 'Manangkari'),
('zns', 'Mangas'),
('zoc', 'Copainal Zoque'),
('zoh', 'Chimalapa Zoque'),
('zom', 'Zou'),
('zoo', 'Asuncin Mixtepec Zapotec'),
('zoq', 'Tabasco Zoque'),
('zor', 'Rayn Zoque'),
('zos', 'Francisco Len Zoque'),
('zpa', 'Lachiguiri Zapotec'),
('zpb', 'Yautepec Zapotec'),
('zpc', 'Choapan Zapotec'),
('zpd', 'Southeastern Ixtln Zapotec'),
('zpe', 'Petapa Zapotec'),
('zpf', 'San Pedro Quiatoni Zapotec'),
('zpg', 'Guevea De Humboldt Zapotec'),
('zph', 'Totomachapan Zapotec'),
('zpi', 'Santa Mara Quiegolani Zapotec'),
('zpj', 'Quiavicuzas Zapotec'),
('zpk', 'Tlacolulita Zapotec'),
('zpl', 'Lachixo Zapotec'),
('zpm', 'Mixtepec Zapotec'),
('zpn', 'Santa Ins Yatzechi Zapotec'),
('zpo', 'Amatln Zapotec'),
('zpp', 'El Alto Zapotec'),
('zpq', 'Zoogocho Zapotec'),
('zpr', 'Santiago Xanica Zapotec'),
('zps', 'Coatln Zapotec'),
('zpt', 'San Vicente Coatln Zapotec'),
('zpu', 'Yallag Zapotec'),
('zpv', 'Chichicapan Zapotec'),
('zpw', 'Zaniza Zapotec'),
('zpx', 'San Baltazar Loxicha Zapotec'),
('zpy', 'Mazaltepec Zapotec'),
('zpz', 'Texmelucan Zapotec'),
('zqe', 'Qiubei Zhuang'),
('zra', 'Kara (Korea)'),
('zrg', 'Mirgan'),
('zrn', 'Zerenkel'),
('zro', 'Zparo'),
('zrp', 'Zarphatic'),
('zrs', 'Mairasi'),
('zsa', 'Sarasira'),
('zsk', 'Kaskean'),
('zsl', 'Zambian Sign Language'),
('zsm', 'Standard Malay'),
('zsr', 'Southern Rincon Zapotec'),
('zsu', 'Sukurum'),
('zte', 'Elotepec Zapotec'),
('ztg', 'Xanagua Zapotec'),
('ztl', 'Lapagua-Guivini Zapotec'),
('ztm', 'San Agustn Mixtepec Zapotec'),
('ztn', 'Santa Catarina Albarradas Zapotec'),
('ztp', 'Loxicha Zapotec'),
('ztq', 'Quioquitani-Quier Zapotec'),
('zts', 'Tilquiapan Zapotec'),
('ztt', 'Tejalapan Zapotec'),
('ztu', 'Gil Zapotec'),
('ztx', 'Zaachila Zapotec'),
('zty', 'Yatee Zapotec'),
('zua', 'Zeem'),
('zuh', 'Tokano'),
('zum', 'Kumzari'),
('zun', 'Zuni'),
('zuy', 'Zumaya'),
('zwa', 'Zay'),
('zxx', 'No linguistic content'),
('zxx', 'Not applicable'),
('zyb', 'Yongbei Zhuang'),
('zyg', 'Yang Zhuang'),
('zyj', 'Youjiang Zhuang'),
('zyn', 'Yongnan Zhuang'),
('zyp', 'Zyphe'),
('zza', 'Zaza'),
('zza', 'Dimili'),
('zza', 'Dimli (macrolanguage)'),
('zza', 'Kirdki'),
('zza', 'Kirmanjki (macrolanguage)'),
('zza', 'Zazaki'),
('zzj', 'Zuojiang Zhuang');

-- --------------------------------------------------------

--
-- Table structure for table `menu_custom`
--

CREATE TABLE IF NOT EXISTS `menu_custom` (
  `menu_name` varchar(32) NOT NULL DEFAULT '',
  `title` varchar(255) NOT NULL DEFAULT '',
  `description` text,
  PRIMARY KEY (`menu_name`)
) ENGINE=MyISAM DEFAULT CHARSET=utf8;

--
-- Dumping data for table `menu_custom`
--

INSERT INTO `menu_custom` (`menu_name`, `title`, `description`) VALUES
('navigation', 'Navigation', 'The navigation menu is provided by Drupal and is the main interactive menu for any site. It is usually the only menu that contains personalized links for authenticated users, and is often not even visible to anonymous users.'),
('primary-links', 'Primary links', 'Primary links are often used at the theme layer to show the major sections of a site. A typical representation for primary links would be tabs along the top.'),
('secondary-links', 'Secondary links', 'Secondary links are often used for pages like legal notices, contact details, and other secondary navigation items that play a lesser role than primary links'),
('menu-toplinks', 'Top links', 'Top links are located in site top left. This navigation locating for information and help to user');

-- --------------------------------------------------------

--
-- Table structure for table `menu_links`
--

CREATE TABLE IF NOT EXISTS `menu_links` (
  `menu_name` varchar(32) NOT NULL DEFAULT '',
  `mlid` int(10) unsigned NOT NULL AUTO_INCREMENT,
  `plid` int(10) unsigned NOT NULL DEFAULT '0',
  `link_path` varchar(255) NOT NULL DEFAULT '',
  `router_path` varchar(255) NOT NULL DEFAULT '',
  `link_title` varchar(255) NOT NULL DEFAULT '',
  `options` text,
  `module` varchar(255) NOT NULL DEFAULT 'system',
  `hidden` smallint(6) NOT NULL DEFAULT '0',
  `external` smallint(6) NOT NULL DEFAULT '0',
  `has_children` smallint(6) NOT NULL DEFAULT '0',
  `expanded` smallint(6) NOT NULL DEFAULT '0',
  `weight` int(11) NOT NULL DEFAULT '0',
  `depth` smallint(6) NOT NULL DEFAULT '0',
  `customized` smallint(6) NOT NULL DEFAULT '0',
  `p1` int(10) unsigned NOT NULL DEFAULT '0',
  `p2` int(10) unsigned NOT NULL DEFAULT '0',
  `p3` int(10) unsigned NOT NULL DEFAULT '0',
  `p4` int(10) unsigned NOT NULL DEFAULT '0',
  `p5` int(10) unsigned NOT NULL DEFAULT '0',
  `p6` int(10) unsigned NOT NULL DEFAULT '0',
  `p7` int(10) unsigned NOT NULL DEFAULT '0',
  `p8` int(10) unsigned NOT NULL DEFAULT '0',
  `p9` int(10) unsigned NOT NULL DEFAULT '0',
  `updated` smallint(6) NOT NULL DEFAULT '0',
  PRIMARY KEY (`mlid`),
  KEY `path_menu` (`link_path`(128),`menu_name`),
  KEY `menu_plid_expand_child` (`menu_name`,`plid`,`expanded`,`has_children`),
  KEY `menu_parents` (`menu_name`,`p1`,`p2`,`p3`,`p4`,`p5`,`p6`,`p7`,`p8`,`p9`),
  KEY `router_path` (`router_path`(128))
) ENGINE=MyISAM  DEFAULT CHARSET=utf8 AUTO_INCREMENT=542 ;

--
-- Dumping data for table `menu_links`
--

INSERT INTO `menu_links` (`menu_name`, `mlid`, `plid`, `link_path`, `router_path`, `link_title`, `options`, `module`, `hidden`, `external`, `has_children`, `expanded`, `weight`, `depth`, `customized`, `p1`, `p2`, `p3`, `p4`, `p5`, `p6`, `p7`, `p8`, `p9`, `updated`) VALUES
('navigation', 1, 0, 'batch', 'batch', '', 'a:1:{s:5:"alter";b:1;}', 'system', -1, 0, 0, 0, 0, 1, 0, 1, 0, 0, 0, 0, 0, 0, 0, 0, 0),
('navigation', 2, 0, 'admin', 'admin', 'Administer', 'a:1:{s:5:"alter";b:1;}', 'system', 0, 0, 1, 0, -42, 1, 1, 2, 0, 0, 0, 0, 0, 0, 0, 0, 0),
('navigation', 456, 0, 'node', 'node', 'Content', 'a:1:{s:5:"alter";b:1;}', 'system', -1, 0, 0, 0, 0, 1, 0, 456, 0, 0, 0, 0, 0, 0, 0, 0, 0),
('navigation', 4, 0, 'logout', 'logout', 'Log out', 'a:1:{s:5:"alter";b:1;}', 'system', 0, 0, 0, 0, -34, 1, 1, 4, 0, 0, 0, 0, 0, 0, 0, 0, 0),
('navigation', 5, 0, 'rss.xml', 'rss.xml', 'RSS feed', 'a:1:{s:5:"alter";b:1;}', 'system', -1, 0, 0, 0, 0, 1, 0, 5, 0, 0, 0, 0, 0, 0, 0, 0, 0),
('navigation', 6, 0, 'user', 'user', 'User account', 'a:1:{s:5:"alter";b:1;}', 'system', -1, 0, 0, 0, 0, 1, 0, 6, 0, 0, 0, 0, 0, 0, 0, 0, 0),
('navigation', 532, 20, 'admin/user/nodeaccess', 'admin/user/nodeaccess', 'Nodeaccess', 'a:2:{s:10:"attributes";a:1:{s:5:"title";s:50:"Change default settings for the Nodeaccess module.";}s:5:"alter";b:1;}', 'system', 0, 0, 0, 0, 0, 3, 0, 2, 20, 532, 0, 0, 0, 0, 0, 0, 0),
('navigation', 8, 2, 'admin/compact', 'admin/compact', 'Compact mode', 'a:1:{s:5:"alter";b:1;}', 'system', -1, 0, 0, 0, 0, 2, 0, 2, 8, 0, 0, 0, 0, 0, 0, 0, 0),
('navigation', 9, 0, 'filter/tips', 'filter/tips', 'Compose tips', 'a:0:{}', 'system', 1, 0, 0, 0, -50, 1, 1, 9, 0, 0, 0, 0, 0, 0, 0, 0, 0),
('navigation', 10, 2, 'admin/content', 'admin/content', 'Content management', 'a:2:{s:10:"attributes";a:1:{s:5:"title";s:27:"Manage your site''s content.";}s:5:"alter";b:1;}', 'system', 0, 0, 1, 0, -10, 2, 0, 2, 10, 0, 0, 0, 0, 0, 0, 0, 0),
('navigation', 11, 0, 'node/add', 'node/add', 'Create content', 'a:2:{s:5:"alter";b:1;s:10:"attributes";a:1:{s:5:"title";s:0:"";}}', 'system', 0, 0, 1, 0, -43, 1, 1, 11, 0, 0, 0, 0, 0, 0, 0, 0, 0),
('navigation', 12, 0, 'comment/delete', 'comment/delete', 'Delete comment', 'a:1:{s:5:"alter";b:1;}', 'system', -1, 0, 0, 0, 0, 1, 0, 12, 0, 0, 0, 0, 0, 0, 0, 0, 0),
('navigation', 13, 0, 'comment/edit', 'comment/edit', 'Edit comment', 'a:1:{s:5:"alter";b:1;}', 'system', -1, 0, 0, 0, 0, 1, 0, 13, 0, 0, 0, 0, 0, 0, 0, 0, 0),
('navigation', 14, 0, 'system/files', 'system/files', 'File download', 'a:1:{s:5:"alter";b:1;}', 'system', -1, 0, 0, 0, 0, 1, 0, 14, 0, 0, 0, 0, 0, 0, 0, 0, 0),
('navigation', 15, 2, 'admin/help', 'admin/help', 'Help', 'a:1:{s:5:"alter";b:1;}', 'system', 0, 0, 0, 0, 9, 2, 0, 2, 15, 0, 0, 0, 0, 0, 0, 0, 0),
('navigation', 16, 2, 'admin/reports', 'admin/reports', 'Reports', 'a:2:{s:10:"attributes";a:1:{s:5:"title";s:59:"View reports from system logs and other status information.";}s:5:"alter";b:1;}', 'system', 0, 0, 1, 0, 5, 2, 0, 2, 16, 0, 0, 0, 0, 0, 0, 0, 0),
('navigation', 17, 2, 'admin/build', 'admin/build', 'Site building', 'a:2:{s:10:"attributes";a:1:{s:5:"title";s:38:"Control how your site looks and feels.";}s:5:"alter";b:1;}', 'system', 0, 0, 1, 0, -10, 2, 0, 2, 17, 0, 0, 0, 0, 0, 0, 0, 0),
('navigation', 18, 2, 'admin/settings', 'admin/settings', 'Site configuration', 'a:2:{s:10:"attributes";a:1:{s:5:"title";s:40:"Adjust basic site configuration options.";}s:5:"alter";b:1;}', 'system', 0, 0, 1, 0, -5, 2, 0, 2, 18, 0, 0, 0, 0, 0, 0, 0, 0),
('navigation', 19, 0, 'user/autocomplete', 'user/autocomplete', 'User autocomplete', 'a:1:{s:5:"alter";b:1;}', 'system', -1, 0, 0, 0, 0, 1, 0, 19, 0, 0, 0, 0, 0, 0, 0, 0, 0),
('navigation', 20, 2, 'admin/user', 'admin/user', 'User management', 'a:2:{s:10:"attributes";a:1:{s:5:"title";s:61:"Manage your site''s users, groups and access to site features.";}s:5:"alter";b:1;}', 'system', 0, 0, 1, 0, 0, 2, 0, 2, 20, 0, 0, 0, 0, 0, 0, 0, 0),
('navigation', 21, 0, 'user/%', 'user/%', 'My account', 'a:1:{s:5:"alter";b:1;}', 'system', 0, 0, 0, 0, -49, 1, 1, 21, 0, 0, 0, 0, 0, 0, 0, 0, 0),
('navigation', 22, 20, 'admin/user/rules', 'admin/user/rules', 'Access rules', 'a:2:{s:10:"attributes";a:1:{s:5:"title";s:80:"List and create rules to disallow usernames, e-mail addresses, and IP addresses.";}s:5:"alter";b:1;}', 'system', 0, 0, 0, 0, 0, 3, 0, 2, 20, 22, 0, 0, 0, 0, 0, 0, 0),
('navigation', 23, 18, 'admin/settings/actions', 'admin/settings/actions', 'Actions', 'a:2:{s:10:"attributes";a:1:{s:5:"title";s:41:"Manage the actions defined for your site.";}s:5:"alter";b:1;}', 'system', 0, 0, 0, 0, 0, 3, 0, 2, 18, 23, 0, 0, 0, 0, 0, 0, 0),
('navigation', 24, 18, 'admin/settings/admin', 'admin/settings/admin', 'Administration theme', 'a:2:{s:10:"attributes";a:1:{s:5:"title";s:55:"Settings for how your administrative pages should look.";}s:5:"alter";b:1;}', 'system', 0, 0, 0, 0, 0, 3, 0, 2, 18, 24, 0, 0, 0, 0, 0, 0, 0),
('navigation', 25, 17, 'admin/build/block', 'admin/build/block', 'Blocks', 'a:2:{s:10:"attributes";a:1:{s:5:"title";s:79:"Configure what block content appears in your site''s sidebars and other regions.";}s:5:"alter";b:1;}', 'system', 0, 0, 0, 0, 0, 3, 0, 2, 17, 25, 0, 0, 0, 0, 0, 0, 0),
('navigation', 26, 18, 'admin/settings/clean-urls', 'admin/settings/clean-urls', 'Clean URLs', 'a:2:{s:10:"attributes";a:1:{s:5:"title";s:43:"Enable or disable clean URLs for your site.";}s:5:"alter";b:1;}', 'system', 0, 0, 0, 0, 0, 3, 0, 2, 18, 26, 0, 0, 0, 0, 0, 0, 0),
('navigation', 27, 10, 'admin/content/comment', 'admin/content/comment', 'Comments', 'a:2:{s:10:"attributes";a:1:{s:5:"title";s:61:"List and edit site comments and the comment moderation queue.";}s:5:"alter";b:1;}', 'system', 0, 0, 0, 0, 0, 3, 0, 2, 10, 27, 0, 0, 0, 0, 0, 0, 0),
('navigation', 28, 10, 'admin/content/node', 'admin/content/node', 'Content', 'a:2:{s:10:"attributes";a:1:{s:5:"title";s:43:"View, edit, and delete your site''s content.";}s:5:"alter";b:1;}', 'system', 0, 0, 0, 0, 0, 3, 0, 2, 10, 28, 0, 0, 0, 0, 0, 0, 0),
('navigation', 29, 10, 'admin/content/types', 'admin/content/types', 'Content types', 'a:2:{s:10:"attributes";a:1:{s:5:"title";s:82:"Manage posts by content type, including default status, front page promotion, etc.";}s:5:"alter";b:1;}', 'system', 0, 0, 0, 0, 0, 3, 0, 2, 10, 29, 0, 0, 0, 0, 0, 0, 0),
('navigation', 30, 18, 'admin/settings/date-time', 'admin/settings/date-time', 'Date and time', 'a:2:{s:10:"attributes";a:1:{s:5:"title";s:89:"Settings for how Drupal displays date and time, as well as the system''s default timezone.";}s:5:"alter";b:1;}', 'system', 0, 0, 0, 0, 0, 3, 0, 2, 18, 30, 0, 0, 0, 0, 0, 0, 0),
('navigation', 32, 21, 'user/%/delete', 'user/%/delete', 'Delete', 'a:1:{s:5:"alter";b:1;}', 'system', -1, 0, 0, 0, 0, 2, 0, 21, 32, 0, 0, 0, 0, 0, 0, 0, 0),
('navigation', 33, 18, 'admin/settings/error-reporting', 'admin/settings/error-reporting', 'Error reporting', 'a:2:{s:10:"attributes";a:1:{s:5:"title";s:93:"Control how Drupal deals with errors including 403/404 errors as well as PHP error reporting.";}s:5:"alter";b:1;}', 'system', 0, 0, 0, 0, 0, 3, 0, 2, 18, 33, 0, 0, 0, 0, 0, 0, 0),
('navigation', 34, 18, 'admin/settings/file-system', 'admin/settings/file-system', 'File system', 'a:2:{s:10:"attributes";a:1:{s:5:"title";s:68:"Tell Drupal where to store uploaded files and how they are accessed.";}s:5:"alter";b:1;}', 'system', 0, 0, 0, 0, 0, 3, 0, 2, 18, 34, 0, 0, 0, 0, 0, 0, 0),
('navigation', 35, 18, 'admin/settings/image-toolkit', 'admin/settings/image-toolkit', 'Image toolkit', 'a:2:{s:10:"attributes";a:1:{s:5:"title";s:74:"Choose which image toolkit to use if you have installed optional toolkits.";}s:5:"alter";b:1;}', 'system', 0, 0, 0, 0, 0, 3, 0, 2, 18, 35, 0, 0, 0, 0, 0, 0, 0),
('navigation', 36, 18, 'admin/settings/filters', 'admin/settings/filters', 'Input formats', 'a:2:{s:10:"attributes";a:1:{s:5:"title";s:127:"Configure how content input by users is filtered, including allowed HTML tags. Also allows enabling of module-provided filters.";}s:5:"alter";b:1;}', 'system', 0, 0, 0, 0, 0, 3, 0, 2, 18, 36, 0, 0, 0, 0, 0, 0, 0),
('navigation', 37, 18, 'admin/settings/logging', 'admin/settings/logging', 'Logging and alerts', 'a:2:{s:10:"attributes";a:1:{s:5:"title";s:156:"Settings for logging and alerts modules. Various modules can route Drupal''s system events to different destination, such as syslog, database, email, ...etc.";}s:5:"alter";b:1;}', 'system', 0, 0, 1, 0, 0, 3, 0, 2, 18, 37, 0, 0, 0, 0, 0, 0, 0),
('navigation', 38, 17, 'admin/build/menu', 'admin/build/menu', 'Menus', 'a:2:{s:10:"attributes";a:1:{s:5:"title";s:116:"Control your site''s navigation menu, primary links and secondary links, as well as rename and reorganize menu items.";}s:5:"alter";b:1;}', 'system', 0, 0, 1, 0, 0, 3, 0, 2, 17, 38, 0, 0, 0, 0, 0, 0, 0),
('navigation', 39, 17, 'admin/build/modules', 'admin/build/modules', 'Modules', 'a:2:{s:10:"attributes";a:1:{s:5:"title";s:47:"Enable or disable add-on modules for your site.";}s:5:"alter";b:1;}', 'system', 0, 0, 0, 0, 0, 3, 0, 2, 17, 39, 0, 0, 0, 0, 0, 0, 0),
('navigation', 40, 0, 'admin/settings/performance', 'admin/settings/performance', 'Performance', 'a:2:{s:10:"attributes";a:1:{s:5:"title";s:101:"Enable or disable page caching for anonymous users and set CSS and JS bandwidth optimization options.";}s:5:"alter";b:1;}', 'system', 0, 0, 0, 0, -41, 1, 1, 40, 0, 0, 0, 0, 0, 0, 0, 0, 0),
('navigation', 41, 0, 'admin/user/permissions', 'admin/user/permissions', 'Permissions', 'a:2:{s:10:"attributes";a:1:{s:5:"title";s:64:"Determine access to features by selecting permissions for roles.";}s:5:"alter";b:1;}', 'system', 0, 0, 0, 0, -40, 1, 1, 41, 0, 0, 0, 0, 0, 0, 0, 0, 0),
('navigation', 42, 10, 'admin/content/node-settings', 'admin/content/node-settings', 'Post settings', 'a:2:{s:10:"attributes";a:1:{s:5:"title";s:126:"Control posting behavior, such as teaser length, requiring previews before posting, and the number of posts on the front page.";}s:5:"alter";b:1;}', 'system', 0, 0, 0, 0, 0, 3, 0, 2, 10, 42, 0, 0, 0, 0, 0, 0, 0),
('navigation', 43, 10, 'admin/content/rss-publishing', 'admin/content/rss-publishing', 'RSS publishing', 'a:2:{s:10:"attributes";a:1:{s:5:"title";s:92:"Configure the number of items per feed and whether feeds should be titles/teasers/full-text.";}s:5:"alter";b:1;}', 'system', 0, 0, 0, 0, 0, 3, 0, 2, 10, 43, 0, 0, 0, 0, 0, 0, 0),
('navigation', 44, 0, 'comment/reply/%', 'comment/reply/%', 'Reply to comment', 'a:1:{s:5:"alter";b:1;}', 'system', -1, 0, 0, 0, 0, 1, 0, 44, 0, 0, 0, 0, 0, 0, 0, 0, 0),
('navigation', 45, 20, 'admin/user/roles', 'admin/user/roles', 'Roles', 'a:2:{s:10:"attributes";a:1:{s:5:"title";s:30:"List, edit, or add user roles.";}s:5:"alter";b:1;}', 'system', 0, 0, 0, 0, 0, 3, 0, 2, 20, 45, 0, 0, 0, 0, 0, 0, 0),
('navigation', 46, 18, 'admin/settings/site-information', 'admin/settings/site-information', 'Site information', 'a:2:{s:10:"attributes";a:1:{s:5:"title";s:107:"Change basic site information, such as the site name, slogan, e-mail address, mission, front page and more.";}s:5:"alter";b:1;}', 'system', 0, 0, 0, 0, 0, 3, 0, 2, 18, 46, 0, 0, 0, 0, 0, 0, 0),
('navigation', 47, 18, 'admin/settings/site-maintenance', 'admin/settings/site-maintenance', 'Site maintenance', 'a:2:{s:10:"attributes";a:1:{s:5:"title";s:63:"Take the site off-line for maintenance or bring it back online.";}s:5:"alter";b:1;}', 'system', 0, 0, 0, 0, 0, 3, 0, 2, 18, 47, 0, 0, 0, 0, 0, 0, 0),
('navigation', 48, 16, 'admin/reports/status', 'admin/reports/status', 'Status report', 'a:2:{s:10:"attributes";a:1:{s:5:"title";s:74:"Get a status report about your site''s operation and any detected problems.";}s:5:"alter";b:1;}', 'system', 0, 0, 0, 0, 10, 3, 0, 2, 16, 48, 0, 0, 0, 0, 0, 0, 0),
('navigation', 49, 17, 'admin/build/themes', 'admin/build/themes', 'Themes', 'a:2:{s:10:"attributes";a:1:{s:5:"title";s:57:"Change which theme your site uses or allows users to set.";}s:5:"alter";b:1;}', 'system', 0, 0, 0, 0, 0, 3, 0, 2, 17, 49, 0, 0, 0, 0, 0, 0, 0),
('navigation', 50, 20, 'admin/user/settings', 'admin/user/settings', 'User settings', 'a:2:{s:10:"attributes";a:1:{s:5:"title";s:101:"Configure default behavior of users, including registration requirements, e-mails, and user pictures.";}s:5:"alter";b:1;}', 'system', 0, 0, 0, 0, 0, 3, 0, 2, 20, 50, 0, 0, 0, 0, 0, 0, 0),
('navigation', 51, 20, 'admin/user/user', 'admin/user/user', 'Users', 'a:2:{s:10:"attributes";a:1:{s:5:"title";s:26:"List, add, and edit users.";}s:5:"alter";b:1;}', 'system', 0, 0, 0, 0, 0, 3, 0, 2, 20, 51, 0, 0, 0, 0, 0, 0, 0),
('navigation', 52, 15, 'admin/help/block', 'admin/help/block', 'block', 'a:1:{s:5:"alter";b:1;}', 'system', -1, 0, 0, 0, 0, 3, 0, 2, 15, 52, 0, 0, 0, 0, 0, 0, 0),
('navigation', 53, 15, 'admin/help/color', 'admin/help/color', 'color', 'a:1:{s:5:"alter";b:1;}', 'system', -1, 0, 0, 0, 0, 3, 0, 2, 15, 53, 0, 0, 0, 0, 0, 0, 0),
('navigation', 54, 15, 'admin/help/comment', 'admin/help/comment', 'comment', 'a:1:{s:5:"alter";b:1;}', 'system', -1, 0, 0, 0, 0, 3, 0, 2, 15, 54, 0, 0, 0, 0, 0, 0, 0),
('navigation', 55, 15, 'admin/help/filter', 'admin/help/filter', 'filter', 'a:1:{s:5:"alter";b:1;}', 'system', -1, 0, 0, 0, 0, 3, 0, 2, 15, 55, 0, 0, 0, 0, 0, 0, 0),
('navigation', 56, 15, 'admin/help/help', 'admin/help/help', 'help', 'a:1:{s:5:"alter";b:1;}', 'system', -1, 0, 0, 0, 0, 3, 0, 2, 15, 56, 0, 0, 0, 0, 0, 0, 0),
('navigation', 57, 15, 'admin/help/menu', 'admin/help/menu', 'menu', 'a:1:{s:5:"alter";b:1;}', 'system', -1, 0, 0, 0, 0, 3, 0, 2, 15, 57, 0, 0, 0, 0, 0, 0, 0),
('navigation', 58, 15, 'admin/help/node', 'admin/help/node', 'node', 'a:1:{s:5:"alter";b:1;}', 'system', -1, 0, 0, 0, 0, 3, 0, 2, 15, 58, 0, 0, 0, 0, 0, 0, 0),
('navigation', 59, 15, 'admin/help/system', 'admin/help/system', 'system', 'a:1:{s:5:"alter";b:1;}', 'system', -1, 0, 0, 0, 0, 3, 0, 2, 15, 59, 0, 0, 0, 0, 0, 0, 0),
('navigation', 60, 15, 'admin/help/user', 'admin/help/user', 'user', 'a:1:{s:5:"alter";b:1;}', 'system', -1, 0, 0, 0, 0, 3, 0, 2, 15, 60, 0, 0, 0, 0, 0, 0, 0),
('navigation', 61, 36, 'admin/settings/filters/%', 'admin/settings/filters/%', '', 'a:1:{s:5:"alter";b:1;}', 'system', -1, 0, 0, 0, 0, 4, 0, 2, 18, 36, 61, 0, 0, 0, 0, 0, 0),
('navigation', 62, 26, 'admin/settings/clean-urls/check', 'admin/settings/clean-urls/check', 'Clean URL check', 'a:1:{s:5:"alter";b:1;}', 'system', -1, 0, 0, 0, 0, 4, 0, 2, 18, 26, 62, 0, 0, 0, 0, 0, 0),
('navigation', 63, 23, 'admin/settings/actions/configure', 'admin/settings/actions/configure', 'Configure an advanced action', 'a:1:{s:5:"alter";b:1;}', 'system', -1, 0, 0, 0, 0, 4, 0, 2, 18, 23, 63, 0, 0, 0, 0, 0, 0),
('navigation', 64, 25, 'admin/build/block/configure', 'admin/build/block/configure', 'Configure block', 'a:1:{s:5:"alter";b:1;}', 'system', -1, 0, 0, 0, 0, 4, 0, 2, 17, 25, 64, 0, 0, 0, 0, 0, 0),
('navigation', 65, 17, 'admin/build/menu-customize/%', 'admin/build/menu-customize/%', 'Customize menu', 'a:1:{s:5:"alter";b:1;}', 'system', -1, 0, 0, 0, 0, 3, 0, 2, 17, 65, 0, 0, 0, 0, 0, 0, 0),
('navigation', 66, 30, 'admin/settings/date-time/lookup', 'admin/settings/date-time/lookup', 'Date and time lookup', 'a:1:{s:5:"alter";b:1;}', 'system', -1, 0, 0, 0, 0, 4, 0, 2, 18, 30, 66, 0, 0, 0, 0, 0, 0),
('navigation', 67, 25, 'admin/build/block/delete', 'admin/build/block/delete', 'Delete block', 'a:1:{s:5:"alter";b:1;}', 'system', -1, 0, 0, 0, 0, 4, 0, 2, 17, 25, 67, 0, 0, 0, 0, 0, 0),
('navigation', 68, 36, 'admin/settings/filters/delete', 'admin/settings/filters/delete', 'Delete input format', 'a:1:{s:5:"alter";b:1;}', 'system', -1, 0, 0, 0, 0, 4, 0, 2, 18, 36, 68, 0, 0, 0, 0, 0, 0),
('navigation', 69, 22, 'admin/user/rules/delete', 'admin/user/rules/delete', 'Delete rule', 'a:1:{s:5:"alter";b:1;}', 'system', -1, 0, 0, 0, 0, 4, 0, 2, 20, 22, 69, 0, 0, 0, 0, 0, 0),
('navigation', 70, 45, 'admin/user/roles/edit', 'admin/user/roles/edit', 'Edit role', 'a:1:{s:5:"alter";b:1;}', 'system', -1, 0, 0, 0, 0, 4, 0, 2, 20, 45, 70, 0, 0, 0, 0, 0, 0),
('navigation', 71, 22, 'admin/user/rules/edit', 'admin/user/rules/edit', 'Edit rule', 'a:1:{s:5:"alter";b:1;}', 'system', -1, 0, 0, 0, 0, 4, 0, 2, 20, 22, 71, 0, 0, 0, 0, 0, 0),
('navigation', 72, 48, 'admin/reports/status/php', 'admin/reports/status/php', 'PHP', 'a:1:{s:5:"alter";b:1;}', 'system', -1, 0, 0, 0, 0, 4, 0, 2, 16, 48, 72, 0, 0, 0, 0, 0, 0),
('navigation', 73, 42, 'admin/content/node-settings/rebuild', 'admin/content/node-settings/rebuild', 'Rebuild permissions', 'a:1:{s:5:"alter";b:1;}', 'system', -1, 0, 0, 0, 0, 4, 0, 2, 10, 42, 73, 0, 0, 0, 0, 0, 0),
('navigation', 74, 23, 'admin/settings/actions/orphan', 'admin/settings/actions/orphan', 'Remove orphans', 'a:1:{s:5:"alter";b:1;}', 'system', -1, 0, 0, 0, 0, 4, 0, 2, 18, 23, 74, 0, 0, 0, 0, 0, 0),
('navigation', 75, 48, 'admin/reports/status/run-cron', 'admin/reports/status/run-cron', 'Run cron', 'a:1:{s:5:"alter";b:1;}', 'system', -1, 0, 0, 0, 0, 4, 0, 2, 16, 48, 75, 0, 0, 0, 0, 0, 0),
('navigation', 76, 48, 'admin/reports/status/sql', 'admin/reports/status/sql', 'SQL', 'a:1:{s:5:"alter";b:1;}', 'system', -1, 0, 0, 0, 0, 4, 0, 2, 16, 48, 76, 0, 0, 0, 0, 0, 0),
('navigation', 77, 23, 'admin/settings/actions/delete/%', 'admin/settings/actions/delete/%', 'Delete action', 'a:2:{s:10:"attributes";a:1:{s:5:"title";s:17:"Delete an action.";}s:5:"alter";b:1;}', 'system', -1, 0, 0, 0, 0, 4, 0, 2, 18, 23, 77, 0, 0, 0, 0, 0, 0),
('navigation', 78, 0, 'admin/build/menu-customize/%/delete', 'admin/build/menu-customize/%/delete', 'Delete menu', 'a:1:{s:5:"alter";b:1;}', 'system', -1, 0, 0, 0, 0, 1, 0, 78, 0, 0, 0, 0, 0, 0, 0, 0, 0),
('navigation', 79, 25, 'admin/build/block/list/js', 'admin/build/block/list/js', 'JavaScript List Form', 'a:1:{s:5:"alter";b:1;}', 'system', -1, 0, 0, 0, 0, 4, 0, 2, 17, 25, 79, 0, 0, 0, 0, 0, 0),
('navigation', 80, 39, 'admin/build/modules/list/confirm', 'admin/build/modules/list/confirm', 'List', 'a:1:{s:5:"alter";b:1;}', 'system', -1, 0, 0, 0, 0, 4, 0, 2, 17, 39, 80, 0, 0, 0, 0, 0, 0),
('navigation', 81, 0, 'user/reset/%/%/%', 'user/reset/%/%/%', 'Reset password', 'a:1:{s:5:"alter";b:1;}', 'system', -1, 0, 0, 0, 0, 1, 0, 81, 0, 0, 0, 0, 0, 0, 0, 0, 0),
('navigation', 82, 39, 'admin/build/modules/uninstall/confirm', 'admin/build/modules/uninstall/confirm', 'Uninstall', 'a:1:{s:5:"alter";b:1;}', 'system', -1, 0, 0, 0, 0, 4, 0, 2, 17, 39, 82, 0, 0, 0, 0, 0, 0),
('navigation', 83, 0, 'node/%/revisions/%/delete', 'node/%/revisions/%/delete', 'Delete earlier revision', 'a:1:{s:5:"alter";b:1;}', 'system', -1, 0, 0, 0, 0, 1, 0, 83, 0, 0, 0, 0, 0, 0, 0, 0, 0),
('navigation', 84, 0, 'node/%/revisions/%/revert', 'node/%/revisions/%/revert', 'Revert to earlier revision', 'a:1:{s:5:"alter";b:1;}', 'system', -1, 0, 0, 0, 0, 1, 0, 84, 0, 0, 0, 0, 0, 0, 0, 0, 0),
('navigation', 85, 0, 'node/%/revisions/%/view', 'node/%/revisions/%/view', 'Revisions', 'a:1:{s:5:"alter";b:1;}', 'system', -1, 0, 0, 0, 0, 1, 0, 85, 0, 0, 0, 0, 0, 0, 0, 0, 0),
('navigation', 86, 38, 'admin/build/menu/item/%/delete', 'admin/build/menu/item/%/delete', 'Delete menu item', 'a:1:{s:5:"alter";b:1;}', 'system', -1, 0, 0, 0, 0, 4, 0, 2, 17, 38, 86, 0, 0, 0, 0, 0, 0),
('navigation', 87, 38, 'admin/build/menu/item/%/edit', 'admin/build/menu/item/%/edit', 'Edit menu item', 'a:1:{s:5:"alter";b:1;}', 'system', -1, 0, 0, 0, 0, 4, 0, 2, 17, 38, 87, 0, 0, 0, 0, 0, 0),
('navigation', 88, 38, 'admin/build/menu/item/%/reset', 'admin/build/menu/item/%/reset', 'Reset menu item', 'a:1:{s:5:"alter";b:1;}', 'system', -1, 0, 0, 0, 0, 4, 0, 2, 17, 38, 88, 0, 0, 0, 0, 0, 0),
('navigation', 89, 38, 'admin/build/menu-customize/navigation', 'admin/build/menu-customize/%', 'Navigation', 'a:0:{}', 'menu', 0, 0, 0, 0, 0, 4, 0, 2, 17, 38, 89, 0, 0, 0, 0, 0, 0),
('navigation', 90, 38, 'admin/build/menu-customize/primary-links', 'admin/build/menu-customize/%', 'Primary links', 'a:0:{}', 'menu', 0, 0, 0, 0, 0, 4, 0, 2, 17, 38, 90, 0, 0, 0, 0, 0, 0),
('navigation', 91, 38, 'admin/build/menu-customize/secondary-links', 'admin/build/menu-customize/%', 'Secondary links', 'a:0:{}', 'menu', 0, 0, 0, 0, 0, 4, 0, 2, 17, 38, 91, 0, 0, 0, 0, 0, 0),
('navigation', 92, 0, 'taxonomy/autocomplete', 'taxonomy/autocomplete', 'Autocomplete taxonomy', 'a:1:{s:5:"alter";b:1;}', 'system', -1, 0, 0, 0, 0, 1, 0, 92, 0, 0, 0, 0, 0, 0, 0, 0, 0),
('navigation', 93, 16, 'admin/reports/dblog', 'admin/reports/dblog', 'Recent log entries', 'a:2:{s:10:"attributes";a:1:{s:5:"title";s:43:"View events that have recently been logged.";}s:5:"alter";b:1;}', 'system', 0, 0, 0, 0, -1, 3, 0, 2, 16, 93, 0, 0, 0, 0, 0, 0, 0),
('navigation', 94, 10, 'admin/content/taxonomy', 'admin/content/taxonomy', 'Taxonomy', 'a:2:{s:10:"attributes";a:1:{s:5:"title";s:67:"Manage tagging, categorization, and classification of your content.";}s:5:"alter";b:1;}', 'system', 0, 0, 0, 0, 0, 3, 0, 2, 10, 94, 0, 0, 0, 0, 0, 0, 0),
('navigation', 95, 0, 'taxonomy/term/%', 'taxonomy/term/%', 'Taxonomy term', 'a:1:{s:5:"alter";b:1;}', 'system', -1, 0, 0, 0, 0, 1, 0, 95, 0, 0, 0, 0, 0, 0, 0, 0, 0),
('navigation', 96, 16, 'admin/reports/access-denied', 'admin/reports/access-denied', 'Top ''access denied'' errors', 'a:2:{s:10:"attributes";a:1:{s:5:"title";s:35:"View ''access denied'' errors (403s).";}s:5:"alter";b:1;}', 'system', 0, 0, 0, 0, 0, 3, 0, 2, 16, 96, 0, 0, 0, 0, 0, 0, 0),
('navigation', 97, 16, 'admin/reports/page-not-found', 'admin/reports/page-not-found', 'Top ''page not found'' errors', 'a:2:{s:10:"attributes";a:1:{s:5:"title";s:36:"View ''page not found'' errors (404s).";}s:5:"alter";b:1;}', 'system', 0, 0, 0, 0, 0, 3, 0, 2, 16, 97, 0, 0, 0, 0, 0, 0, 0),
('navigation', 98, 15, 'admin/help/dblog', 'admin/help/dblog', 'dblog', 'a:1:{s:5:"alter";b:1;}', 'system', -1, 0, 0, 0, 0, 3, 0, 2, 15, 98, 0, 0, 0, 0, 0, 0, 0),
('navigation', 99, 15, 'admin/help/taxonomy', 'admin/help/taxonomy', 'taxonomy', 'a:1:{s:5:"alter";b:1;}', 'system', -1, 0, 0, 0, 0, 3, 0, 2, 15, 99, 0, 0, 0, 0, 0, 0, 0),
('navigation', 100, 37, 'admin/settings/logging/dblog', 'admin/settings/logging/dblog', 'Database logging', 'a:2:{s:10:"attributes";a:1:{s:5:"title";s:169:"Settings for logging to the Drupal database logs. This is the most common method for small to medium sites on shared hosting. The logs are viewable from the admin pages.";}s:5:"alter";b:1;}', 'system', 0, 0, 0, 0, 0, 4, 0, 2, 18, 37, 100, 0, 0, 0, 0, 0, 0),
('navigation', 101, 16, 'admin/reports/event/%', 'admin/reports/event/%', 'Details', 'a:1:{s:5:"alter";b:1;}', 'system', -1, 0, 0, 0, 0, 3, 0, 2, 16, 101, 0, 0, 0, 0, 0, 0, 0),
('navigation', 102, 94, 'admin/content/taxonomy/%', 'admin/content/taxonomy/%', 'List terms', 'a:1:{s:5:"alter";b:1;}', 'system', -1, 0, 0, 0, 0, 4, 0, 2, 10, 94, 102, 0, 0, 0, 0, 0, 0),
('navigation', 103, 94, 'admin/content/taxonomy/edit/term', 'admin/content/taxonomy/edit/term', 'Edit term', 'a:1:{s:5:"alter";b:1;}', 'system', -1, 0, 0, 0, 0, 4, 0, 2, 10, 94, 103, 0, 0, 0, 0, 0, 0),
('navigation', 104, 94, 'admin/content/taxonomy/edit/vocabulary/%', 'admin/content/taxonomy/edit/vocabulary/%', 'Edit vocabulary', 'a:1:{s:5:"alter";b:1;}', 'system', -1, 0, 0, 0, 0, 4, 0, 2, 10, 94, 104, 0, 0, 0, 0, 0, 0),
('navigation', 105, 16, 'admin/reports/updates', 'admin/reports/updates', 'Available updates', 'a:2:{s:10:"attributes";a:1:{s:5:"title";s:82:"Get a status report about available updates for your installed modules and themes.";}s:5:"alter";b:1;}', 'system', 0, 0, 0, 0, 10, 3, 0, 2, 16, 105, 0, 0, 0, 0, 0, 0, 0),
('navigation', 106, 11, 'node/add/page', 'node/add/page', 'Page', 'a:2:{s:10:"attributes";a:1:{s:5:"title";s:296:"A <em>page</em>, similar in form to a <em>story</em>, is a simple method for creating and displaying information that rarely changes, such as an "About us" section of a website. By default, a <em>page</em> entry does not allow visitor comments and is not featured on the site''s initial home page.";}s:5:"alter";b:1;}', 'system', 0, 0, 0, 0, 0, 2, 0, 11, 106, 0, 0, 0, 0, 0, 0, 0, 0),
('navigation', 107, 11, 'node/add/story', 'node/add/story', 'Story', 'a:2:{s:10:"attributes";a:1:{s:5:"title";s:392:"A <em>story</em>, similar in form to a <em>page</em>, is ideal for creating and displaying content that informs or engages website visitors. Press releases, site announcements, and informal blog-like entries may all be created with a <em>story</em> entry. By default, a <em>story</em> entry is automatically featured on the site''s initial home page, and provides the ability to post comments.";}s:5:"alter";b:1;}', 'system', 0, 0, 0, 0, 0, 2, 0, 11, 107, 0, 0, 0, 0, 0, 0, 0, 0),
('navigation', 108, 15, 'admin/help/update', 'admin/help/update', 'update', 'a:1:{s:5:"alter";b:1;}', 'system', -1, 0, 0, 0, 0, 3, 0, 2, 15, 108, 0, 0, 0, 0, 0, 0, 0),
('navigation', 109, 105, 'admin/reports/updates/check', 'admin/reports/updates/check', 'Manual update check', 'a:1:{s:5:"alter";b:1;}', 'system', -1, 0, 0, 0, 0, 4, 0, 2, 16, 105, 109, 0, 0, 0, 0, 0, 0),
('navigation', 110, 10, 'admin/content/node-type/page', 'admin/content/node-type/page', 'Page', 'a:1:{s:5:"alter";b:1;}', 'system', -1, 0, 0, 0, 0, 3, 0, 2, 10, 110, 0, 0, 0, 0, 0, 0, 0),
('navigation', 111, 10, 'admin/content/node-type/story', 'admin/content/node-type/story', 'Story', 'a:1:{s:5:"alter";b:1;}', 'system', -1, 0, 0, 0, 0, 3, 0, 2, 10, 111, 0, 0, 0, 0, 0, 0, 0),
('navigation', 112, 0, 'admin/content/node-type/page/delete', 'admin/content/node-type/page/delete', 'Delete', 'a:1:{s:5:"alter";b:1;}', 'system', -1, 0, 0, 0, 0, 1, 0, 112, 0, 0, 0, 0, 0, 0, 0, 0, 0),
('navigation', 113, 0, 'admin/content/node-type/story/delete', 'admin/content/node-type/story/delete', 'Delete', 'a:1:{s:5:"alter";b:1;}', 'system', -1, 0, 0, 0, 0, 1, 0, 113, 0, 0, 0, 0, 0, 0, 0, 0, 0),
('navigation', 180, 172, 'admin/messaging/subscriptions', 'admin/messaging/subscriptions', 'Manage subscriptions', 'a:2:{s:10:"attributes";a:1:{s:5:"title";s:40:"Manage existing subscriptions and queue.";}s:5:"alter";b:1;}', 'system', 0, 0, 0, 0, 0, 3, 0, 2, 172, 180, 0, 0, 0, 0, 0, 0, 0),
('navigation', 181, 172, 'admin/messaging/template', 'admin/messaging/template', 'Message templates', 'a:2:{s:10:"attributes";a:1:{s:5:"title";s:34:"Configuration of message templates";}s:5:"alter";b:1;}', 'system', 0, 0, 0, 0, 0, 3, 0, 2, 172, 181, 0, 0, 0, 0, 0, 0, 0),
('navigation', 182, 172, 'admin/messaging/settings', 'admin/messaging/settings', 'Messaging settings', 'a:2:{s:10:"attributes";a:1:{s:5:"title";s:36:"Configuration of messaging framework";}s:5:"alter";b:1;}', 'system', 0, 0, 0, 0, 0, 3, 0, 2, 172, 182, 0, 0, 0, 0, 0, 0, 0),
('navigation', 183, 172, 'admin/messaging/notifications', 'admin/messaging/notifications', 'Notifications Settings', 'a:2:{s:10:"attributes";a:1:{s:5:"title";s:37:"Site settings for user notifications.";}s:5:"alter";b:1;}', 'system', 0, 0, 0, 0, 0, 3, 0, 2, 172, 183, 0, 0, 0, 0, 0, 0, 0),
('navigation', 174, 0, 'views/ajax', 'views/ajax', 'Views', 'a:2:{s:10:"attributes";a:1:{s:5:"title";s:31:"Ajax callback for view loading.";}s:5:"alter";b:1;}', 'system', -1, 0, 0, 0, 0, 1, 0, 174, 0, 0, 0, 0, 0, 0, 0, 0, 0),
('navigation', 175, 0, 'notifications/subscription/%', 'notifications/subscription/%', 'Edit subscription', 'a:1:{s:5:"alter";b:1;}', 'system', -1, 0, 0, 0, 0, 1, 0, 175, 0, 0, 0, 0, 0, 0, 0, 0, 0),
('navigation', 176, 0, 'notifications/subscribe/%', 'notifications/subscribe/%', '', 'a:1:{s:5:"alter";b:1;}', 'system', -1, 0, 0, 0, 0, 1, 0, 176, 0, 0, 0, 0, 0, 0, 0, 0, 0),
('navigation', 177, 173, 'admin/og/og', 'admin/og/og', 'Organic groups configuration', 'a:2:{s:10:"attributes";a:1:{s:5:"title";s:46:"Configure the main Organic groups module (og).";}s:5:"alter";b:1;}', 'system', 0, 0, 0, 0, -5, 3, 0, 2, 173, 177, 0, 0, 0, 0, 0, 0, 0),
('navigation', 178, 167, 'og/subscribe/%', 'og/subscribe/%', 'Join group', 'a:1:{s:5:"alter";b:1;}', 'system', -1, 0, 0, 0, 0, 2, 0, 167, 178, 0, 0, 0, 0, 0, 0, 0, 0),
('navigation', 173, 2, 'admin/og', 'admin/og', 'Organic groups', 'a:2:{s:10:"attributes";a:1:{s:5:"title";s:47:"Administer the suite of Organic groups modules.";}s:5:"alter";b:1;}', 'system', 0, 0, 1, 0, -5, 2, 0, 2, 173, 0, 0, 0, 0, 0, 0, 0, 0),
('navigation', 179, 167, 'og/invite/%', 'og/invite/%', 'Send invitation', 'a:1:{s:5:"alter";b:1;}', 'system', -1, 0, 0, 0, 0, 2, 0, 167, 179, 0, 0, 0, 0, 0, 0, 0, 0),
('navigation', 167, 0, 'og', 'og', 'Community', 'a:2:{s:10:"attributes";a:1:{s:5:"title";s:0:"";}s:5:"alter";b:1;}', 'system', 0, 0, 1, 0, -46, 1, 1, 167, 0, 0, 0, 0, 0, 0, 0, 0, 0),
('navigation', 168, 0, 'not_used', 'not_used', '', 'a:1:{s:5:"alter";b:1;}', 'system', -1, 0, 0, 0, 0, 1, 0, 168, 0, 0, 0, 0, 0, 0, 0, 0, 0),
('navigation', 169, 0, 'group', 'group', 'My Unread', 'a:1:{s:5:"alter";b:1;}', 'system', 0, 0, 0, 0, -44, 1, 1, 169, 0, 0, 0, 0, 0, 0, 0, 0, 0),
('navigation', 170, 0, 'notifications/unsubscribe', 'notifications/unsubscribe', '', 'a:1:{s:5:"alter";b:1;}', 'system', -1, 0, 0, 0, 0, 1, 0, 170, 0, 0, 0, 0, 0, 0, 0, 0, 0),
('navigation', 171, 167, 'og/opml', 'og/opml', 'OPML', 'a:1:{s:5:"alter";b:1;}', 'system', -1, 0, 0, 0, 0, 2, 0, 167, 171, 0, 0, 0, 0, 0, 0, 0, 0),
('navigation', 172, 2, 'admin/messaging', 'admin/messaging', 'Messaging & Notifications', 'a:2:{s:10:"attributes";a:1:{s:5:"title";s:52:"Administer and configure messaging and notifications";}s:5:"alter";b:1;}', 'system', 0, 0, 1, 0, 0, 2, 0, 2, 172, 0, 0, 0, 0, 0, 0, 0, 0),
('navigation', 154, 0, 'rpx/registration', 'rpx/registration', 'Complete Registration', 'a:2:{s:10:"attributes";a:1:{s:5:"title";s:33:"Register With an Existing Account";}s:5:"alter";b:1;}', 'system', -1, 0, 0, 0, 0, 1, 0, 154, 0, 0, 0, 0, 0, 0, 0, 0, 0),
('navigation', 155, 0, 'rpx/manage', 'rpx/manage', 'Confirm email', 'a:1:{s:5:"alter";b:1;}', 'system', -1, 0, 0, 0, 0, 1, 0, 155, 0, 0, 0, 0, 0, 0, 0, 0, 0),
('navigation', 156, 0, 'rpx/end_point', 'rpx/end_point', 'RPX Transaction End Point', 'a:1:{s:5:"alter";b:1;}', 'system', -1, 0, 0, 0, 0, 1, 0, 156, 0, 0, 0, 0, 0, 0, 0, 0, 0),
('navigation', 157, 18, 'admin/settings/rpx', 'admin/settings/rpx', 'RPX', 'a:2:{s:10:"attributes";a:1:{s:5:"title";s:31:"Configure the settings for RPX.";}s:5:"alter";b:1;}', 'system', 0, 0, 0, 0, 0, 3, 0, 2, 18, 157, 0, 0, 0, 0, 0, 0, 0),
('navigation', 158, 21, 'user/%/rpx/delete', 'user/%/rpx/delete', 'Delete Identifier', 'a:1:{s:5:"alter";b:1;}', 'system', -1, 0, 0, 0, 0, 2, 0, 21, 158, 0, 0, 0, 0, 0, 0, 0, 0),
('navigation', 159, 0, 'rpx/confirm/%/%/%', 'rpx/confirm/%/%/%', 'Confirm email', 'a:1:{s:5:"alter";b:1;}', 'system', -1, 0, 0, 0, 0, 1, 0, 159, 0, 0, 0, 0, 0, 0, 0, 0, 0),
('navigation', 150, 10, 'admin/content/backup_migrate', 'admin/content/backup_migrate', 'Backup and Migrate', 'a:2:{s:10:"attributes";a:1:{s:5:"title";s:76:"Backup/restore your database or migrate data to or from another Drupal site.";}s:5:"alter";b:1;}', 'system', 0, 0, 0, 0, 0, 3, 0, 2, 10, 150, 0, 0, 0, 0, 0, 0, 0),
('navigation', 151, 15, 'admin/help/backup_migrate', 'admin/help/backup_migrate', 'backup_migrate', 'a:1:{s:5:"alter";b:1;}', 'system', -1, 0, 0, 0, 0, 3, 0, 2, 15, 151, 0, 0, 0, 0, 0, 0, 0),
('navigation', 152, 150, 'admin/content/backup_migrate/destination/downloadfile', 'admin/content/backup_migrate/destination/downloadfile', 'Download File', 'a:2:{s:10:"attributes";a:1:{s:5:"title";s:22:"Download a backup file";}s:5:"alter";b:1;}', 'system', -1, 0, 0, 0, 0, 4, 0, 2, 10, 150, 152, 0, 0, 0, 0, 0, 0),
('navigation', 184, 173, 'admin/og/og_access', 'admin/og/og_access', 'Organic groups access configuration', 'a:2:{s:10:"attributes";a:1:{s:5:"title";s:54:"Choose whether new groups should be private or public.";}s:5:"alter";b:1;}', 'system', 0, 0, 0, 0, 0, 3, 0, 2, 173, 184, 0, 0, 0, 0, 0, 0, 0),
('navigation', 185, 167, 'og/manage/%', 'og/manage/%', 'Manage membership', 'a:1:{s:5:"alter";b:1;}', 'system', -1, 0, 0, 0, 0, 2, 0, 167, 185, 0, 0, 0, 0, 0, 0, 0, 0),
('navigation', 186, 15, 'admin/help/messaging', 'admin/help/messaging', 'messaging', 'a:1:{s:5:"alter";b:1;}', 'system', -1, 0, 0, 0, 0, 3, 0, 2, 15, 186, 0, 0, 0, 0, 0, 0, 0),
('navigation', 187, 15, 'admin/help/notifications_content', 'admin/help/notifications_content', 'notifications_content', 'a:1:{s:5:"alter";b:1;}', 'system', -1, 0, 0, 0, 0, 3, 0, 2, 15, 187, 0, 0, 0, 0, 0, 0, 0),
('navigation', 188, 15, 'admin/help/og', 'admin/help/og', 'og', 'a:1:{s:5:"alter";b:1;}', 'system', -1, 0, 0, 0, 0, 3, 0, 2, 15, 188, 0, 0, 0, 0, 0, 0, 0),
('navigation', 189, 15, 'admin/help/og_notifications', 'admin/help/og_notifications', 'og_notifications', 'a:1:{s:5:"alter";b:1;}', 'system', -1, 0, 0, 0, 0, 3, 0, 2, 15, 189, 0, 0, 0, 0, 0, 0, 0),
('navigation', 190, 15, 'admin/help/token', 'admin/help/token', 'token', 'a:1:{s:5:"alter";b:1;}', 'system', -1, 0, 0, 0, 0, 3, 0, 2, 15, 190, 0, 0, 0, 0, 0, 0, 0),
('navigation', 191, 0, 'node/%/feed', 'node/%/feed', '', 'a:1:{s:5:"alter";b:1;}', 'system', -1, 0, 0, 0, 0, 1, 0, 191, 0, 0, 0, 0, 0, 0, 0, 0, 0),
('navigation', 192, 167, 'og/all/feed', 'og/all/feed', '', 'a:1:{s:5:"alter";b:1;}', 'system', -1, 0, 0, 0, 0, 2, 0, 167, 192, 0, 0, 0, 0, 0, 0, 0, 0),
('navigation', 193, 169, 'group/tracker/feed', 'group/tracker/feed', '', 'a:1:{s:5:"alter";b:1;}', 'system', -1, 0, 0, 0, 0, 2, 0, 169, 193, 0, 0, 0, 0, 0, 0, 0, 0),
('navigation', 194, 169, 'group/myunread/feed', 'group/myunread/feed', '', 'a:1:{s:5:"alter";b:1;}', 'system', -1, 0, 0, 0, 0, 2, 0, 169, 194, 0, 0, 0, 0, 0, 0, 0, 0),
('navigation', 195, 167, 'og/users/%', 'og/users/%', 'List', 'a:1:{s:5:"alter";b:1;}', 'system', 0, 0, 0, 0, 0, 2, 0, 167, 195, 0, 0, 0, 0, 0, 0, 0, 0),
('navigation', 196, 167, 'og/unsubscribe/%/%', 'og/unsubscribe/%/%', 'Leave group', 'a:1:{s:5:"alter";b:1;}', 'system', -1, 0, 0, 0, 0, 2, 0, 167, 196, 0, 0, 0, 0, 0, 0, 0, 0),
('navigation', 197, 167, 'og/create_admin/%/%', 'og/create_admin/%/%', 'Create group administrator', 'a:1:{s:5:"alter";b:1;}', 'system', -1, 0, 0, 0, 0, 2, 0, 167, 197, 0, 0, 0, 0, 0, 0, 0, 0),
('navigation', 198, 167, 'og/delete_admin/%/%', 'og/delete_admin/%/%', 'Delete group administrator', 'a:1:{s:5:"alter";b:1;}', 'system', -1, 0, 0, 0, 0, 2, 0, 167, 198, 0, 0, 0, 0, 0, 0, 0, 0),
('navigation', 199, 181, 'admin/messaging/template/edit', 'admin/messaging/template/edit', 'Message templates', 'a:1:{s:5:"alter";b:1;}', 'system', -1, 0, 0, 0, 0, 4, 0, 2, 172, 181, 199, 0, 0, 0, 0, 0, 0),
('navigation', 200, 0, 'notifications/autocomplete/node/title', 'notifications/autocomplete/node/title', 'Node title autocomplete', 'a:1:{s:5:"alter";b:1;}', 'system', -1, 0, 0, 0, 0, 1, 0, 200, 0, 0, 0, 0, 0, 0, 0, 0, 0),
('navigation', 201, 0, 'notifications/autocomplete/node/type', 'notifications/autocomplete/node/type', 'Node title autocomplete', 'a:1:{s:5:"alter";b:1;}', 'system', -1, 0, 0, 0, 0, 1, 0, 201, 0, 0, 0, 0, 0, 0, 0, 0, 0),
('navigation', 202, 167, 'og/approve/%/%/%', 'og/approve/%/%/%', 'Approve membership request', 'a:1:{s:5:"alter";b:1;}', 'system', -1, 0, 0, 0, 0, 2, 0, 167, 202, 0, 0, 0, 0, 0, 0, 0, 0),
('navigation', 203, 167, 'og/deny/%/%/%', 'og/deny/%/%/%', 'Deny membership request', 'a:1:{s:5:"alter";b:1;}', 'system', -1, 0, 0, 0, 0, 2, 0, 167, 203, 0, 0, 0, 0, 0, 0, 0, 0),
('navigation', 204, 2, 'admin/views/ajax/autocomplete/user', 'admin/views/ajax/autocomplete/user', '', 'a:1:{s:5:"alter";b:1;}', 'system', -1, 0, 0, 0, 0, 2, 0, 2, 204, 0, 0, 0, 0, 0, 0, 0, 0),
('navigation', 205, 21, 'user/%/notifications/update/%', 'user/%/notifications/update/%', 'Update subscriptions', 'a:1:{s:5:"alter";b:1;}', 'system', -1, 0, 0, 0, 0, 2, 0, 21, 205, 0, 0, 0, 0, 0, 0, 0, 0),
('navigation', 322, 0, 'node/add/project', 'node/add/project', 'Create Project', 'a:2:{s:10:"attributes";a:1:{s:5:"title";s:19:"Create your project";}s:5:"alter";b:1;}', 'system', 0, 0, 0, 0, -47, 1, 1, 322, 0, 0, 0, 0, 0, 0, 0, 0, 0),
('navigation', 323, 10, 'admin/content/node-type/project', 'admin/content/node-type/project', 'Project', 'a:1:{s:5:"alter";b:1;}', 'system', -1, 0, 0, 0, 0, 3, 0, 2, 10, 323, 0, 0, 0, 0, 0, 0, 0),
('navigation', 217, 0, 'node/add/community', 'node/add/community', 'Create Community', 'a:2:{s:10:"attributes";a:1:{s:5:"title";s:21:"Create your community";}s:5:"alter";b:1;}', 'system', 0, 0, 0, 0, -48, 1, 1, 217, 0, 0, 0, 0, 0, 0, 0, 0, 0),
('navigation', 218, 10, 'admin/content/node-type/community', 'admin/content/node-type/community', 'Community', 'a:1:{s:5:"alter";b:1;}', 'system', -1, 0, 0, 0, 0, 3, 0, 2, 10, 218, 0, 0, 0, 0, 0, 0, 0),
('navigation', 219, 0, 'admin/content/node-type/community/delete', 'admin/content/node-type/community/delete', 'Delete', 'a:1:{s:5:"alter";b:1;}', 'system', -1, 0, 0, 0, 0, 1, 0, 219, 0, 0, 0, 0, 0, 0, 0, 0, 0),
('navigation', 212, 0, 'messages', 'messages', 'Messages', 'a:1:{s:5:"alter";b:1;}', 'system', 0, 0, 0, 0, -45, 1, 1, 212, 0, 0, 0, 0, 0, 0, 0, 0, 0),
('navigation', 213, 212, 'messages/user-name-autocomplete', 'messages/user-name-autocomplete', '', 'a:1:{s:5:"alter";b:1;}', 'system', -1, 0, 0, 0, -10, 2, 0, 212, 213, 0, 0, 0, 0, 0, 0, 0, 0),
('navigation', 214, 18, 'admin/settings/messages', 'admin/settings/messages', 'Private messages', 'a:2:{s:10:"attributes";a:1:{s:5:"title";s:37:"Configure private messaging settings.";}s:5:"alter";b:1;}', 'system', 0, 0, 0, 0, 0, 3, 0, 2, 18, 214, 0, 0, 0, 0, 0, 0, 0),
('navigation', 215, 212, 'messages/undo/action', 'messages/undo/action', 'Private messages', 'a:2:{s:10:"attributes";a:1:{s:5:"title";s:23:"Undo last thread action";}s:5:"alter";b:1;}', 'system', -1, 0, 0, 0, 0, 2, 0, 212, 215, 0, 0, 0, 0, 0, 0, 0, 0),
('navigation', 216, 212, 'messages/delete/%/%', 'messages/delete/%/%', 'Delete message', 'a:1:{s:5:"alter";b:1;}', 'system', -1, 0, 0, 0, 0, 2, 0, 212, 216, 0, 0, 0, 0, 0, 0, 0, 0),
('navigation', 324, 0, 'admin/content/node-type/project/delete', 'admin/content/node-type/project/delete', 'Delete', 'a:1:{s:5:"alter";b:1;}', 'system', -1, 0, 0, 0, 0, 1, 0, 324, 0, 0, 0, 0, 0, 0, 0, 0, 0),
('navigation', 223, 0, 'heartbeat/ogheartbeat', 'heartbeat/ogheartbeat', '', 'a:2:{s:10:"attributes";a:1:{s:5:"title";s:27:"Organic group activity page";}s:5:"alter";b:1;}', 'system', 0, 0, 0, 0, -39, 1, 1, 223, 0, 0, 0, 0, 0, 0, 0, 0, 0),
('navigation', 224, 0, 'heartbeat/membersactivity', 'heartbeat/membersactivity', '', 'a:2:{s:10:"attributes";a:1:{s:5:"title";s:34:"Organic group member activity page";}s:5:"alter";b:1;}', 'system', 0, 0, 0, 0, -38, 1, 1, 224, 0, 0, 0, 0, 0, 0, 0, 0, 0),
('navigation', 225, 0, 'heartbeat/groupsactivity', 'heartbeat/groupsactivity', '', 'a:2:{s:10:"attributes";a:1:{s:5:"title";s:28:"Organic groups activity page";}s:5:"alter";b:1;}', 'system', 0, 0, 0, 0, -37, 1, 1, 225, 0, 0, 0, 0, 0, 0, 0, 0, 0),
('navigation', 437, 15, 'admin/help/activity', 'admin/help/activity', 'activity', 'a:1:{s:5:"alter";b:1;}', 'system', -1, 0, 0, 0, 0, 3, 0, 2, 15, 437, 0, 0, 0, 0, 0, 0, 0),
('navigation', 438, 434, 'admin/build/activity/delete/%', 'admin/build/activity/delete/%', 'Delete', 'a:2:{s:10:"attributes";a:1:{s:5:"title";s:59:"Remove an activity action and associated trigger assignment";}s:5:"alter";b:1;}', 'system', -1, 0, 0, 0, 0, 4, 0, 2, 17, 434, 438, 0, 0, 0, 0, 0, 0),
('navigation', 433, 18, 'admin/settings/activity', 'admin/settings/activity', 'Activity', 'a:2:{s:10:"attributes";a:1:{s:5:"title";s:44:"Modify the settings for how activity behaves";}s:5:"alter";b:1;}', 'system', 0, 0, 0, 0, 0, 3, 0, 2, 18, 433, 0, 0, 0, 0, 0, 0, 0),
('navigation', 434, 17, 'admin/build/activity', 'admin/build/activity', 'Activity publisher templates', 'a:2:{s:10:"attributes";a:1:{s:5:"title";s:43:"Modify how your activity messages will look";}s:5:"alter";b:1;}', 'system', 0, 0, 0, 0, 0, 3, 0, 2, 17, 434, 0, 0, 0, 0, 0, 0, 0),
('navigation', 418, 17, 'admin/build/trigger', 'admin/build/trigger', 'Triggers', 'a:2:{s:10:"attributes";a:1:{s:5:"title";s:36:"Tell Drupal when to execute actions.";}s:5:"alter";b:1;}', 'system', 0, 0, 0, 0, 0, 3, 0, 2, 17, 418, 0, 0, 0, 0, 0, 0, 0),
('navigation', 436, 2, 'admin/activity/weight', 'admin/activity/weight', 'Fix Trigger weight', 'a:1:{s:5:"alter";b:1;}', 'system', -1, 0, 0, 0, 0, 2, 0, 2, 436, 0, 0, 0, 0, 0, 0, 0, 0),
('navigation', 420, 15, 'admin/help/trigger', 'admin/help/trigger', 'trigger', 'a:1:{s:5:"alter";b:1;}', 'system', -1, 0, 0, 0, 0, 3, 0, 2, 15, 420, 0, 0, 0, 0, 0, 0, 0),
('navigation', 421, 418, 'admin/build/trigger/unassign', 'admin/build/trigger/unassign', 'Unassign', 'a:2:{s:10:"attributes";a:1:{s:5:"title";s:34:"Unassign an action from a trigger.";}s:5:"alter";b:1;}', 'system', -1, 0, 0, 0, 0, 4, 0, 2, 17, 418, 421, 0, 0, 0, 0, 0, 0),
('navigation', 440, 434, 'admin/build/activity/batch/%/%', 'admin/build/activity/batch/%/%', 'Batch Update', 'a:1:{s:5:"alter";b:1;}', 'system', -1, 0, 0, 0, 0, 4, 0, 2, 17, 434, 440, 0, 0, 0, 0, 0, 0),
('navigation', 441, 0, 'activity', 'activity', '', 'a:1:{s:5:"alter";b:1;}', 'system', -1, 0, 0, 0, 0, 1, 0, 441, 0, 0, 0, 0, 0, 0, 0, 0, 0),
('navigation', 439, 434, 'admin/build/activity/configure/%', 'admin/build/activity/configure/%', 'Edit', 'a:2:{s:10:"attributes";a:1:{s:5:"title";s:43:"Modify how your activity messages will look";}s:5:"alter";b:1;}', 'system', -1, 0, 0, 0, 0, 4, 0, 2, 17, 434, 439, 0, 0, 0, 0, 0, 0),
('navigation', 444, 18, 'admin/settings/uniquetitle', 'admin/settings/uniquetitle', 'Unique title administration', 'a:2:{s:10:"attributes";a:1:{s:5:"title";s:42:"Administrative interface for Unique title.";}s:5:"alter";b:1;}', 'system', 0, 0, 0, 0, 0, 3, 0, 2, 18, 444, 0, 0, 0, 0, 0, 0, 0),
('navigation', 264, 17, 'admin/build/views', 'admin/build/views', 'Views', 'a:2:{s:10:"attributes";a:1:{s:5:"title";s:144:"Views are customized lists of content on your system; they are highly configurable and give you control over how lists of content are presented.";}s:5:"alter";b:1;}', 'system', 0, 0, 0, 0, 0, 3, 0, 2, 17, 264, 0, 0, 0, 0, 0, 0, 0),
('navigation', 265, 15, 'admin/help/views_ui', 'admin/help/views_ui', 'views_ui', 'a:1:{s:5:"alter";b:1;}', 'system', -1, 0, 0, 0, 0, 3, 0, 2, 15, 265, 0, 0, 0, 0, 0, 0, 0),
('navigation', 266, 17, 'admin/build/views1/convert', 'admin/build/views1/convert', 'Convert view', 'a:1:{s:5:"alter";b:1;}', 'system', -1, 0, 0, 0, 0, 3, 0, 2, 17, 266, 0, 0, 0, 0, 0, 0, 0),
('navigation', 267, 17, 'admin/build/views1/delete', 'admin/build/views1/delete', 'Delete view', 'a:1:{s:5:"alter";b:1;}', 'system', -1, 0, 0, 0, 0, 3, 0, 2, 17, 267, 0, 0, 0, 0, 0, 0, 0),
('navigation', 268, 264, 'admin/build/views/export/%', 'admin/build/views/export/%', '', 'a:1:{s:5:"alter";b:1;}', 'system', -1, 0, 0, 0, 0, 4, 0, 2, 17, 264, 268, 0, 0, 0, 0, 0, 0),
('navigation', 269, 264, 'admin/build/views/delete/%', 'admin/build/views/delete/%', 'Delete view', 'a:1:{s:5:"alter";b:1;}', 'system', -1, 0, 0, 0, 0, 4, 0, 2, 17, 264, 269, 0, 0, 0, 0, 0, 0),
('navigation', 270, 2, 'admin/views/ajax/autocomplete/tag', 'admin/views/ajax/autocomplete/tag', '', 'a:1:{s:5:"alter";b:1;}', 'system', -1, 0, 0, 0, 0, 2, 0, 2, 270, 0, 0, 0, 0, 0, 0, 0, 0),
('navigation', 271, 264, 'admin/build/views/clone/%', 'admin/build/views/clone/%', '', 'a:1:{s:5:"alter";b:1;}', 'system', -1, 0, 0, 0, 0, 4, 0, 2, 17, 264, 271, 0, 0, 0, 0, 0, 0),
('navigation', 272, 264, 'admin/build/views/disable/%', 'admin/build/views/disable/%', '', 'a:1:{s:5:"alter";b:1;}', 'system', -1, 0, 0, 0, 0, 4, 0, 2, 17, 264, 272, 0, 0, 0, 0, 0, 0),
('navigation', 273, 264, 'admin/build/views/enable/%', 'admin/build/views/enable/%', '', 'a:1:{s:5:"alter";b:1;}', 'system', -1, 0, 0, 0, 0, 4, 0, 2, 17, 264, 273, 0, 0, 0, 0, 0, 0),
('navigation', 274, 264, 'admin/build/views/break-lock/%', 'admin/build/views/break-lock/%', 'Delete view', 'a:1:{s:5:"alter";b:1;}', 'system', -1, 0, 0, 0, 0, 4, 0, 2, 17, 264, 274, 0, 0, 0, 0, 0, 0),
('navigation', 275, 264, 'admin/build/views/tools/export/results', 'admin/build/views/tools/export/results', '', 'a:1:{s:5:"alter";b:1;}', 'system', -1, 0, 0, 0, 0, 4, 0, 2, 17, 264, 275, 0, 0, 0, 0, 0, 0),
('navigation', 276, 264, 'admin/build/views/%/add-display/%', 'admin/build/views/%/add-display/%', '', 'a:1:{s:5:"alter";b:1;}', 'system', -1, 0, 0, 0, 0, 4, 0, 2, 17, 264, 276, 0, 0, 0, 0, 0, 0),
('navigation', 277, 264, 'admin/build/views/%/%/%', 'admin/build/views/%/%/%', '', 'a:1:{s:5:"alter";b:1;}', 'system', -1, 0, 0, 0, 0, 4, 0, 2, 17, 264, 277, 0, 0, 0, 0, 0, 0),
('navigation', 278, 264, 'admin/build/views/%/details/%', 'admin/build/views/%/details/%', '', 'a:1:{s:5:"alter";b:1;}', 'system', -1, 0, 0, 0, 0, 4, 0, 2, 17, 264, 278, 0, 0, 0, 0, 0, 0),
('navigation', 279, 264, 'admin/build/views/%/preview/%', 'admin/build/views/%/preview/%', '', 'a:1:{s:5:"alter";b:1;}', 'system', -1, 0, 0, 0, 0, 4, 0, 2, 17, 264, 279, 0, 0, 0, 0, 0, 0),
('navigation', 280, 264, 'admin/build/views/%/analyze/%', 'admin/build/views/%/analyze/%', '', 'a:1:{s:5:"alter";b:1;}', 'system', -1, 0, 0, 0, 0, 4, 0, 2, 17, 264, 280, 0, 0, 0, 0, 0, 0),
('navigation', 374, 0, 'search', 'search', 'Search', 'a:1:{s:5:"alter";b:1;}', 'system', 1, 0, 0, 0, 0, 1, 0, 374, 0, 0, 0, 0, 0, 0, 0, 0, 0),
('navigation', 363, 354, 'admin/settings/ckeditor/delete/%', 'admin/settings/ckeditor/delete/%', 'Delete CKEditor profile', 'a:2:{s:10:"attributes";a:1:{s:5:"title";s:31:"Configure the rich text editor.";}s:5:"alter";b:1;}', 'system', -1, 0, 0, 0, 0, 4, 0, 2, 18, 354, 363, 0, 0, 0, 0, 0, 0),
('navigation', 364, 354, 'admin/settings/ckeditor/edit/%', 'admin/settings/ckeditor/edit/%', 'Edit CKEditor profile', 'a:2:{s:10:"attributes";a:1:{s:5:"title";s:31:"Configure the rich text editor.";}s:5:"alter";b:1;}', 'system', -1, 0, 0, 0, 0, 4, 0, 2, 18, 354, 364, 0, 0, 0, 0, 0, 0),
('navigation', 365, 0, 'admin/content/node-type/community/groups/%', 'admin/content/node-type/community/groups/%', 'Edit group', 'a:1:{s:5:"alter";b:1;}', 'system', -1, 0, 0, 0, 0, 1, 0, 365, 0, 0, 0, 0, 0, 0, 0, 0, 0),
('navigation', 366, 0, 'admin/content/node-type/page/groups/%', 'admin/content/node-type/page/groups/%', 'Edit group', 'a:1:{s:5:"alter";b:1;}', 'system', -1, 0, 0, 0, 0, 1, 0, 366, 0, 0, 0, 0, 0, 0, 0, 0, 0),
('navigation', 367, 0, 'admin/content/node-type/project/groups/%', 'admin/content/node-type/project/groups/%', 'Edit group', 'a:1:{s:5:"alter";b:1;}', 'system', -1, 0, 0, 0, 0, 1, 0, 367, 0, 0, 0, 0, 0, 0, 0, 0, 0),
('navigation', 368, 0, 'admin/content/node-type/story/groups/%', 'admin/content/node-type/story/groups/%', 'Edit group', 'a:1:{s:5:"alter";b:1;}', 'system', -1, 0, 0, 0, 0, 1, 0, 368, 0, 0, 0, 0, 0, 0, 0, 0, 0),
('navigation', 369, 0, 'admin/content/node-type/community/groups/%/remove', 'admin/content/node-type/community/groups/%/remove', 'Edit group', 'a:1:{s:5:"alter";b:1;}', 'system', -1, 0, 0, 0, 0, 1, 0, 369, 0, 0, 0, 0, 0, 0, 0, 0, 0),
('navigation', 370, 0, 'admin/content/node-type/page/groups/%/remove', 'admin/content/node-type/page/groups/%/remove', 'Edit group', 'a:1:{s:5:"alter";b:1;}', 'system', -1, 0, 0, 0, 0, 1, 0, 370, 0, 0, 0, 0, 0, 0, 0, 0, 0),
('navigation', 371, 0, 'admin/content/node-type/project/groups/%/remove', 'admin/content/node-type/project/groups/%/remove', 'Edit group', 'a:1:{s:5:"alter";b:1;}', 'system', -1, 0, 0, 0, 0, 1, 0, 371, 0, 0, 0, 0, 0, 0, 0, 0, 0),
('navigation', 372, 0, 'admin/content/node-type/story/groups/%/remove', 'admin/content/node-type/story/groups/%/remove', 'Edit group', 'a:1:{s:5:"alter";b:1;}', 'system', -1, 0, 0, 0, 0, 1, 0, 372, 0, 0, 0, 0, 0, 0, 0, 0, 0),
('navigation', 361, 354, 'admin/settings/ckeditor/editg', 'admin/settings/ckeditor/editg', 'Edit CKEditor Global profile', 'a:2:{s:10:"attributes";a:1:{s:5:"title";s:31:"Configure the rich text editor.";}s:5:"alter";b:1;}', 'system', -1, 0, 0, 0, 0, 4, 0, 2, 18, 354, 361, 0, 0, 0, 0, 0, 0),
('navigation', 362, 354, 'admin/settings/ckeditor/clone/%', 'admin/settings/ckeditor/clone/%', 'Clone CKEditor profile', 'a:2:{s:10:"attributes";a:1:{s:5:"title";s:31:"Configure the rich text editor.";}s:5:"alter";b:1;}', 'system', -1, 0, 0, 0, 0, 4, 0, 2, 18, 354, 362, 0, 0, 0, 0, 0, 0),
('navigation', 360, 355, 'admin/settings/imce/profile', 'admin/settings/imce/profile', 'Add new profile', 'a:1:{s:5:"alter";b:1;}', 'system', -1, 0, 0, 0, 0, 4, 0, 2, 18, 355, 360, 0, 0, 0, 0, 0, 0),
('navigation', 356, 15, 'admin/help/ckeditor', 'admin/help/ckeditor', 'ckeditor', 'a:1:{s:5:"alter";b:1;}', 'system', -1, 0, 0, 0, 0, 3, 0, 2, 15, 356, 0, 0, 0, 0, 0, 0, 0),
('navigation', 357, 15, 'admin/help/content', 'admin/help/content', 'content', 'a:1:{s:5:"alter";b:1;}', 'system', -1, 0, 0, 0, 0, 3, 0, 2, 15, 357, 0, 0, 0, 0, 0, 0, 0),
('navigation', 358, 354, 'admin/settings/ckeditor/addg', 'admin/settings/ckeditor/addg', 'Add CKEditor Global profile', 'a:2:{s:10:"attributes";a:1:{s:5:"title";s:31:"Configure the rich text editor.";}s:5:"alter";b:1;}', 'system', -1, 0, 0, 0, 0, 4, 0, 2, 18, 354, 358, 0, 0, 0, 0, 0, 0),
('navigation', 359, 354, 'admin/settings/ckeditor/add', 'admin/settings/ckeditor/add', 'Add new CKEditor profile', 'a:2:{s:10:"attributes";a:1:{s:5:"title";s:31:"Configure the rich text editor.";}s:5:"alter";b:1;}', 'system', -1, 0, 0, 0, 0, 4, 0, 2, 18, 354, 359, 0, 0, 0, 0, 0, 0),
('navigation', 385, 18, 'admin/settings/menu_per_role', 'admin/settings/menu_per_role', 'Menu per Role', 'a:2:{s:10:"attributes";a:1:{s:5:"title";s:37:"Settings for the menu per role module";}s:5:"alter";b:1;}', 'system', 0, 0, 0, 0, 0, 3, 0, 2, 18, 385, 0, 0, 0, 0, 0, 0, 0),
('navigation', 378, 375, 'admin/settings/search/wipe', 'admin/settings/search/wipe', 'Clear index', 'a:1:{s:5:"alter";b:1;}', 'system', -1, 0, 0, 0, 0, 4, 0, 2, 18, 375, 378, 0, 0, 0, 0, 0, 0),
('primary-links', 380, 0, 'og', 'og', 'Communities', 'a:2:{s:10:"attributes";a:1:{s:5:"title";s:11:"Communities";}s:5:"alter";b:1;}', 'menu', 0, 0, 0, 0, -49, 1, 1, 380, 0, 0, 0, 0, 0, 0, 0, 0, 0),
('primary-links', 381, 0, 'project', 'project', 'Projects', 'a:2:{s:10:"attributes";a:1:{s:5:"title";s:8:"Projects";}s:5:"alter";b:1;}', 'menu', 0, 0, 0, 0, -48, 1, 1, 381, 0, 0, 0, 0, 0, 0, 0, 0, 0),
('navigation', 376, 16, 'admin/reports/search', 'admin/reports/search', 'Top search phrases', 'a:2:{s:10:"attributes";a:1:{s:5:"title";s:33:"View most popular search phrases.";}s:5:"alter";b:1;}', 'system', 0, 0, 0, 0, 0, 3, 0, 2, 16, 376, 0, 0, 0, 0, 0, 0, 0),
('navigation', 442, 0, 'siteactivity', 'siteactivity', '', 'a:1:{s:5:"alter";b:1;}', 'system', -1, 0, 0, 0, 0, 1, 0, 442, 0, 0, 0, 0, 0, 0, 0, 0, 0);
INSERT INTO `menu_links` (`menu_name`, `mlid`, `plid`, `link_path`, `router_path`, `link_title`, `options`, `module`, `hidden`, `external`, `has_children`, `expanded`, `weight`, `depth`, `customized`, `p1`, `p2`, `p3`, `p4`, `p5`, `p6`, `p7`, `p8`, `p9`, `updated`) VALUES
('navigation', 375, 18, 'admin/settings/search', 'admin/settings/search', 'Search settings', 'a:2:{s:10:"attributes";a:1:{s:5:"title";s:66:"Configure relevance settings for search and other indexing options";}s:5:"alter";b:1;}', 'system', 0, 0, 0, 0, 0, 3, 0, 2, 18, 375, 0, 0, 0, 0, 0, 0, 0),
('navigation', 377, 15, 'admin/help/search', 'admin/help/search', 'search', 'a:1:{s:5:"alter";b:1;}', 'system', -1, 0, 0, 0, 0, 3, 0, 2, 15, 377, 0, 0, 0, 0, 0, 0, 0),
('primary-links', 379, 0, '<front>', '', 'Home', 'a:1:{s:10:"attributes";a:1:{s:5:"title";s:4:"Home";}}', 'menu', 0, 1, 0, 0, -50, 1, 1, 379, 0, 0, 0, 0, 0, 0, 0, 0, 0),
('navigation', 435, 0, 'activity/%/delete', 'activity/%/delete', 'Delete', 'a:1:{s:5:"alter";b:1;}', 'system', -1, 0, 0, 0, 0, 1, 0, 435, 0, 0, 0, 0, 0, 0, 0, 0, 0),
('navigation', 350, 0, 'imce', 'imce', 'File browser', 'a:1:{s:5:"alter";b:1;}', 'system', -1, 0, 0, 0, 0, 1, 0, 350, 0, 0, 0, 0, 0, 0, 0, 0, 0),
('navigation', 351, 0, 'content/js_add_more', 'content/js_add_more', '', 'a:1:{s:5:"alter";b:1;}', 'system', -1, 0, 0, 0, 0, 1, 0, 351, 0, 0, 0, 0, 0, 0, 0, 0, 0),
('navigation', 352, 0, 'ckeditor/xss', 'ckeditor/xss', 'XSS Filter', 'a:2:{s:10:"attributes";a:1:{s:5:"title";s:11:"XSS Filter.";}s:5:"alter";b:1;}', 'system', -1, 0, 0, 0, 0, 1, 0, 352, 0, 0, 0, 0, 0, 0, 0, 0, 0),
('navigation', 353, 0, 'community/getname', 'community/getname', '', 'a:1:{s:5:"alter";b:1;}', 'system', -1, 0, 0, 0, 4, 1, 0, 353, 0, 0, 0, 0, 0, 0, 0, 0, 0),
('navigation', 354, 18, 'admin/settings/ckeditor', 'admin/settings/ckeditor', 'CKEditor', 'a:2:{s:10:"attributes";a:1:{s:5:"title";s:31:"Configure the rich text editor.";}s:5:"alter";b:1;}', 'system', 0, 0, 0, 0, 0, 3, 0, 2, 18, 354, 0, 0, 0, 0, 0, 0, 0),
('navigation', 355, 18, 'admin/settings/imce', 'admin/settings/imce', 'IMCE', 'a:2:{s:10:"attributes";a:1:{s:5:"title";s:42:"Control how your image/file browser works.";}s:5:"alter";b:1;}', 'system', 0, 0, 0, 0, 0, 3, 0, 2, 18, 355, 0, 0, 0, 0, 0, 0, 0),
('navigation', 343, 17, 'admin/build/path', 'admin/build/path', 'URL aliases', 'a:2:{s:10:"attributes";a:1:{s:5:"title";s:46:"Change your site''s URL paths by aliasing them.";}s:5:"alter";b:1;}', 'system', 0, 0, 0, 0, 0, 3, 0, 2, 17, 343, 0, 0, 0, 0, 0, 0, 0),
('navigation', 344, 15, 'admin/help/path', 'admin/help/path', 'path', 'a:1:{s:5:"alter";b:1;}', 'system', -1, 0, 0, 0, 0, 3, 0, 2, 15, 344, 0, 0, 0, 0, 0, 0, 0),
('navigation', 347, 343, 'admin/build/path/delete', 'admin/build/path/delete', 'Delete alias', 'a:1:{s:5:"alter";b:1;}', 'system', -1, 0, 0, 0, 0, 4, 0, 2, 17, 343, 347, 0, 0, 0, 0, 0, 0),
('navigation', 348, 343, 'admin/build/path/edit', 'admin/build/path/edit', 'Edit alias', 'a:1:{s:5:"alter";b:1;}', 'system', -1, 0, 0, 0, 0, 4, 0, 2, 17, 343, 348, 0, 0, 0, 0, 0, 0),
('navigation', 533, 15, 'admin/help/nodeaccess', 'admin/help/nodeaccess', 'nodeaccess', 'a:1:{s:5:"alter";b:1;}', 'system', -1, 0, 0, 0, 0, 3, 0, 2, 15, 533, 0, 0, 0, 0, 0, 0, 0),
('primary-links', 383, 0, 'siteactivity', 'siteactivity', 'Activity', 'a:2:{s:10:"attributes";a:1:{s:5:"title";s:8:"Activity";}s:5:"alter";b:1;}', 'menu', 0, 0, 0, 0, -46, 1, 1, 383, 0, 0, 0, 0, 0, 0, 0, 0, 0),
('navigation', 386, 0, 'contact', 'contact', 'Contact', 'a:1:{s:5:"alter";b:1;}', 'system', 1, 0, 0, 0, 0, 1, 0, 386, 0, 0, 0, 0, 0, 0, 0, 0, 0),
('navigation', 387, 17, 'admin/build/contact', 'admin/build/contact', 'Contact form', 'a:2:{s:10:"attributes";a:1:{s:5:"title";s:71:"Create a system contact form and set up categories for the form to use.";}s:5:"alter";b:1;}', 'system', 0, 0, 0, 0, 0, 3, 0, 2, 17, 387, 0, 0, 0, 0, 0, 0, 0),
('navigation', 388, 15, 'admin/help/contact', 'admin/help/contact', 'contact', 'a:1:{s:5:"alter";b:1;}', 'system', -1, 0, 0, 0, 0, 3, 0, 2, 15, 388, 0, 0, 0, 0, 0, 0, 0),
('navigation', 389, 387, 'admin/build/contact/delete/%', 'admin/build/contact/delete/%', 'Delete contact', 'a:1:{s:5:"alter";b:1;}', 'system', -1, 0, 0, 0, 0, 4, 0, 2, 17, 387, 389, 0, 0, 0, 0, 0, 0),
('navigation', 390, 387, 'admin/build/contact/edit/%', 'admin/build/contact/edit/%', 'Edit contact category', 'a:1:{s:5:"alter";b:1;}', 'system', -1, 0, 0, 0, 0, 4, 0, 2, 17, 387, 390, 0, 0, 0, 0, 0, 0),
('primary-links', 391, 0, 'contact', 'contact', 'Contact', 'a:2:{s:10:"attributes";a:1:{s:5:"title";s:7:"Contact";}s:5:"alter";b:1;}', 'menu', 0, 0, 0, 0, -44, 1, 1, 391, 0, 0, 0, 0, 0, 0, 0, 0, 0),
('navigation', 392, 15, 'admin/help/pathauto', 'admin/help/pathauto', 'pathauto', 'a:1:{s:5:"alter";b:1;}', 'system', -1, 0, 0, 0, 0, 3, 0, 2, 15, 392, 0, 0, 0, 0, 0, 0, 0),
('navigation', 394, 38, 'admin/build/menu-customize/menu-toplinks', 'admin/build/menu-customize/%', 'Top links', 'a:1:{s:5:"alter";b:1;}', 'menu', 0, 0, 0, 0, 0, 4, 0, 2, 17, 38, 394, 0, 0, 0, 0, 0, 0),
('menu-toplinks', 395, 0, '<front>', '', 'Home', 'a:2:{s:10:"attributes";a:1:{s:5:"title";s:0:"";}s:5:"alter";b:1;}', 'menu', 0, 1, 0, 0, -50, 1, 1, 395, 0, 0, 0, 0, 0, 0, 0, 0, 0),
('menu-toplinks', 396, 0, 'community', 'community', 'Communities', 'a:2:{s:10:"attributes";a:1:{s:5:"title";s:0:"";}s:5:"alter";b:1;}', 'menu', 0, 0, 0, 0, -48, 1, 1, 396, 0, 0, 0, 0, 0, 0, 0, 0, 0),
('menu-toplinks', 397, 0, 'project', 'project', 'Projects', 'a:2:{s:10:"attributes";a:1:{s:5:"title";s:0:"";}s:5:"alter";b:1;}', 'menu', 0, 0, 0, 0, -47, 1, 1, 397, 0, 0, 0, 0, 0, 0, 0, 0, 0),
('navigation', 485, 0, 'node/%', 'node/%', '', 'a:1:{s:5:"alter";b:1;}', 'system', -1, 0, 0, 0, 0, 1, 0, 485, 0, 0, 0, 0, 0, 0, 0, 0, 0),
('navigation', 486, 0, 'node/%/delete', 'node/%/delete', 'Delete', 'a:1:{s:5:"alter";b:1;}', 'system', -1, 0, 0, 0, 1, 1, 0, 486, 0, 0, 0, 0, 0, 0, 0, 0, 0),
('menu-toplinks', 400, 0, 'faq', 'faq', 'FAQ', 'a:2:{s:10:"attributes";a:1:{s:5:"title";s:0:"";}s:5:"alter";b:1;}', 'menu', 0, 0, 0, 0, -46, 1, 1, 400, 0, 0, 0, 0, 0, 0, 0, 0, 0),
('navigation', 401, 0, 'faq', 'faq', 'Frequently Asked Questions', 'a:1:{s:5:"alter";b:1;}', 'system', 0, 0, 0, 0, 1, 1, 0, 401, 0, 0, 0, 0, 0, 0, 0, 0, 0),
('navigation', 402, 401, 'faq/%', 'faq/%', 'Frequently Asked Questions', 'a:1:{s:5:"alter";b:1;}', 'system', -1, 0, 0, 0, 0, 2, 0, 401, 402, 0, 0, 0, 0, 0, 0, 0, 0),
('navigation', 403, 11, 'node/add/faq', 'node/add/faq', 'FAQ', 'a:2:{s:10:"attributes";a:1:{s:5:"title";s:43:"A frequently asked question and its answer.";}s:5:"alter";b:1;}', 'system', 0, 0, 0, 0, 0, 2, 0, 11, 403, 0, 0, 0, 0, 0, 0, 0, 0),
('navigation', 404, 18, 'admin/settings/faq', 'admin/settings/faq', 'Frequently Asked Questions', 'a:2:{s:10:"attributes";a:1:{s:5:"title";s:79:"Allows the user to configure the layout of questions and answers on a FAQ page.";}s:5:"alter";b:1;}', 'system', 0, 0, 0, 0, 0, 3, 0, 2, 18, 404, 0, 0, 0, 0, 0, 0, 0),
('navigation', 405, 15, 'admin/help/faq', 'admin/help/faq', 'faq', 'a:1:{s:5:"alter";b:1;}', 'system', -1, 0, 0, 0, 0, 3, 0, 2, 15, 405, 0, 0, 0, 0, 0, 0, 0),
('navigation', 406, 10, 'admin/content/node-type/faq', 'admin/content/node-type/faq', 'FAQ', 'a:1:{s:5:"alter";b:1;}', 'system', -1, 0, 0, 0, 0, 3, 0, 2, 10, 406, 0, 0, 0, 0, 0, 0, 0),
('navigation', 407, 0, 'admin/content/node-type/faq/delete', 'admin/content/node-type/faq/delete', 'Delete', 'a:1:{s:5:"alter";b:1;}', 'system', -1, 0, 0, 0, 0, 1, 0, 407, 0, 0, 0, 0, 0, 0, 0, 0, 0),
('navigation', 408, 0, 'admin/content/node-type/faq/groups/%', 'admin/content/node-type/faq/groups/%', 'Edit group', 'a:1:{s:5:"alter";b:1;}', 'system', -1, 0, 0, 0, 0, 1, 0, 408, 0, 0, 0, 0, 0, 0, 0, 0, 0),
('navigation', 409, 0, 'admin/content/node-type/faq/groups/%/remove', 'admin/content/node-type/faq/groups/%/remove', 'Edit group', 'a:1:{s:5:"alter";b:1;}', 'system', -1, 0, 0, 0, 0, 1, 0, 409, 0, 0, 0, 0, 0, 0, 0, 0, 0),
('primary-links', 410, 0, 'community', 'community', 'Communities', 'a:2:{s:10:"attributes";a:1:{s:5:"title";s:0:"";}s:5:"alter";b:1;}', 'menu', 0, 0, 0, 0, -49, 1, 1, 410, 0, 0, 0, 0, 0, 0, 0, 0, 0),
('navigation', 413, 0, 'project', 'project', '', 'a:1:{s:5:"alter";b:1;}', 'system', -1, 0, 0, 0, 0, 1, 0, 413, 0, 0, 0, 0, 0, 0, 0, 0, 0),
('navigation', 450, 0, 'admin/content/node-type/project/fields/field_analysislang/remove', 'admin/content/node-type/project/fields/field_analysislang/remove', 'Remove field', 'a:1:{s:5:"alter";b:1;}', 'system', -1, 0, 0, 0, 0, 1, 0, 450, 0, 0, 0, 0, 0, 0, 0, 0, 0),
('navigation', 457, 167, 'og/user/autocomplete', 'og/user/autocomplete', '', 'a:1:{s:5:"alter";b:1;}', 'system', -1, 0, 0, 0, 4, 2, 0, 167, 457, 0, 0, 0, 0, 0, 0, 0, 0),
('navigation', 534, 0, 'og_search/user/%/autocomplete', 'og_search/user/%/autocomplete', '', 'a:1:{s:5:"alter";b:1;}', 'system', -1, 0, 0, 0, 4, 1, 0, 534, 0, 0, 0, 0, 0, 0, 0, 0, 0),
('navigation', 460, 20, 'admin/user/autoassignrole', 'admin/user/autoassignrole', 'Auto assign role', 'a:2:{s:10:"attributes";a:1:{s:5:"title";s:44:"Designate a role to assign all new users to.";}s:5:"alter";b:1;}', 'system', 0, 0, 0, 0, 0, 3, 0, 2, 20, 460, 0, 0, 0, 0, 0, 0, 0),
('navigation', 461, 460, 'admin/user/autoassignrole/autocomplete/node', 'admin/user/autoassignrole/autocomplete/node', 'Node autocomplete', 'a:1:{s:5:"alter";b:1;}', 'system', -1, 0, 0, 0, 0, 4, 0, 2, 20, 460, 461, 0, 0, 0, 0, 0, 0),
('navigation', 478, 0, 'admin/content/node-type/profile/groups/%/remove', 'admin/content/node-type/profile/groups/%/remove', 'Edit group', 'a:1:{s:5:"alter";b:1;}', 'system', -1, 0, 0, 0, 0, 1, 0, 478, 0, 0, 0, 0, 0, 0, 0, 0, 0),
('navigation', 479, 18, 'admin/settings/og_massadd', 'admin/settings/og_massadd', 'og_massadd', 'a:2:{s:10:"attributes";a:1:{s:5:"title";s:20:"Configure og_massadd";}s:5:"alter";b:1;}', 'system', 0, 0, 0, 0, 0, 3, 0, 2, 18, 479, 0, 0, 0, 0, 0, 0, 0),
('navigation', 473, 11, 'node/add/profile', 'node/add/profile', 'Profile', 'a:2:{s:10:"attributes";a:1:{s:5:"title";s:32:"A user profile built as content.";}s:5:"alter";b:1;}', 'system', 0, 0, 0, 0, 0, 2, 0, 11, 473, 0, 0, 0, 0, 0, 0, 0, 0),
('navigation', 475, 10, 'admin/content/node-type/profile', 'admin/content/node-type/profile', 'Profile', 'a:1:{s:5:"alter";b:1;}', 'system', -1, 0, 0, 0, 0, 3, 0, 2, 10, 475, 0, 0, 0, 0, 0, 0, 0),
('navigation', 476, 0, 'admin/content/node-type/profile/delete', 'admin/content/node-type/profile/delete', 'Delete', 'a:1:{s:5:"alter";b:1;}', 'system', -1, 0, 0, 0, 0, 1, 0, 476, 0, 0, 0, 0, 0, 0, 0, 0, 0),
('navigation', 477, 0, 'admin/content/node-type/profile/groups/%', 'admin/content/node-type/profile/groups/%', 'Edit group', 'a:1:{s:5:"alter";b:1;}', 'system', -1, 0, 0, 0, 0, 1, 0, 477, 0, 0, 0, 0, 0, 0, 0, 0, 0),
('navigation', 526, 0, 'node/%/addmember', 'node/%/addmember', 'Project Admin', 'a:1:{s:5:"alter";b:1;}', 'system', -1, 0, 0, 0, 7, 1, 0, 526, 0, 0, 0, 0, 0, 0, 0, 0, 0),
('navigation', 527, 0, 'project/create_admin/%/%', 'project/create_admin/%/%', 'Project Admin Create', 'a:1:{s:5:"alter";b:1;}', 'system', -1, 0, 0, 0, 0, 1, 0, 527, 0, 0, 0, 0, 0, 0, 0, 0, 0),
('navigation', 528, 0, 'project/delete_admin/%/%', 'project/delete_admin/%/%', 'Project Admin Remove', 'a:1:{s:5:"alter";b:1;}', 'system', -1, 0, 0, 0, 0, 1, 0, 528, 0, 0, 0, 0, 0, 0, 0, 0, 0),
('navigation', 529, 0, 'project/unsubscribe/%/%', 'project/unsubscribe/%/%', 'Leave group', 'a:1:{s:5:"alter";b:1;}', 'system', -1, 0, 0, 0, 0, 1, 0, 529, 0, 0, 0, 0, 0, 0, 0, 0, 0),
('navigation', 531, 0, 'og_project/user/%/autocomplete', 'og_project/user/%/autocomplete', '', 'a:1:{s:5:"alter";b:1;}', 'system', -1, 0, 0, 0, 4, 1, 0, 531, 0, 0, 0, 0, 0, 0, 0, 0, 0),
('navigation', 535, 11, 'node/add/community-project', 'node/add/community-project', 'Community Project', 'a:2:{s:10:"attributes";a:1:{s:5:"title";s:29:"Create Community with Project";}s:5:"alter";b:1;}', 'system', 0, 0, 0, 0, 0, 2, 0, 11, 535, 0, 0, 0, 0, 0, 0, 0, 0),
('navigation', 536, 10, 'admin/content/node-type/community-project', 'admin/content/node-type/community-project', 'Community Project', 'a:1:{s:5:"alter";b:1;}', 'system', -1, 0, 0, 0, 0, 3, 0, 2, 10, 536, 0, 0, 0, 0, 0, 0, 0),
('navigation', 537, 0, 'admin/content/node-type/community-project/delete', 'admin/content/node-type/community-project/delete', 'Delete', 'a:1:{s:5:"alter";b:1;}', 'system', -1, 0, 0, 0, 0, 1, 0, 537, 0, 0, 0, 0, 0, 0, 0, 0, 0),
('navigation', 538, 0, 'admin/content/node-type/community-project/groups/%', 'admin/content/node-type/community-project/groups/%', 'Edit group', 'a:1:{s:5:"alter";b:1;}', 'system', -1, 0, 0, 0, 0, 1, 0, 538, 0, 0, 0, 0, 0, 0, 0, 0, 0),
('navigation', 539, 0, 'admin/content/node-type/community-project/groups/%/remove', 'admin/content/node-type/community-project/groups/%/remove', 'Edit group', 'a:1:{s:5:"alter";b:1;}', 'system', -1, 0, 0, 0, 0, 1, 0, 539, 0, 0, 0, 0, 0, 0, 0, 0, 0),
('navigation', 540, 0, 'admin/content/node-type/community-project/fields/field_projectname/remove', 'admin/content/node-type/community-project/fields/field_projectname/remove', 'Remove field', 'a:1:{s:5:"alter";b:1;}', 'system', -1, 0, 0, 0, 0, 1, 0, 540, 0, 0, 0, 0, 0, 0, 0, 0, 0),
('navigation', 541, 0, 'admin/content/node-type/community-project/fields/field_analysislang/remove', 'admin/content/node-type/community-project/fields/field_analysislang/remove', 'Remove field', 'a:1:{s:5:"alter";b:1;}', 'system', -1, 0, 0, 0, 0, 1, 0, 541, 0, 0, 0, 0, 0, 0, 0, 0, 0);

-- --------------------------------------------------------

--
-- Table structure for table `menu_per_role`
--

CREATE TABLE IF NOT EXISTS `menu_per_role` (
  `mlid` int(10) unsigned NOT NULL,
  `rids` text NOT NULL,
  `hrids` text NOT NULL,
  PRIMARY KEY (`mlid`)
) ENGINE=MyISAM DEFAULT CHARSET=utf8;

--
-- Dumping data for table `menu_per_role`
--

INSERT INTO `menu_per_role` (`mlid`, `rids`, `hrids`) VALUES
(11, '', '1,3'),
(322, '', '1,3');

-- --------------------------------------------------------

--
-- Table structure for table `menu_router`
--

CREATE TABLE IF NOT EXISTS `menu_router` (
  `path` varchar(255) NOT NULL DEFAULT '',
  `load_functions` text NOT NULL,
  `to_arg_functions` text NOT NULL,
  `access_callback` varchar(255) NOT NULL DEFAULT '',
  `access_arguments` text,
  `page_callback` varchar(255) NOT NULL DEFAULT '',
  `page_arguments` text,
  `fit` int(11) NOT NULL DEFAULT '0',
  `number_parts` smallint(6) NOT NULL DEFAULT '0',
  `tab_parent` varchar(255) NOT NULL DEFAULT '',
  `tab_root` varchar(255) NOT NULL DEFAULT '',
  `title` varchar(255) NOT NULL DEFAULT '',
  `title_callback` varchar(255) NOT NULL DEFAULT '',
  `title_arguments` varchar(255) NOT NULL DEFAULT '',
  `type` int(11) NOT NULL DEFAULT '0',
  `block_callback` varchar(255) NOT NULL DEFAULT '',
  `description` text NOT NULL,
  `position` varchar(255) NOT NULL DEFAULT '',
  `weight` int(11) NOT NULL DEFAULT '0',
  `file` mediumtext,
  PRIMARY KEY (`path`),
  KEY `fit` (`fit`),
  KEY `tab_parent` (`tab_parent`),
  KEY `tab_root_weight_title` (`tab_root`(64),`weight`,`title`)
) ENGINE=MyISAM DEFAULT CHARSET=utf8;

--
-- Dumping data for table `menu_router`
--

INSERT INTO `menu_router` VALUES ('node','','','user_access','a:1:{i:0;s:14:\"access content\";}','node_page_default','a:0:{}','1','1','','node','Content','t','','4','','','','0',''),('rss.xml','','','user_access','a:1:{i:0;s:14:\"access content\";}','node_feed','a:0:{}','1','1','','rss.xml','RSS feed','t','','4','','','','0',''),('batch','','','1','a:0:{}','system_batch_page','a:0:{}','1','1','','batch','','t','','4','','','','0','modules/system/system.admin.inc'),('admin','','','user_access','a:1:{i:0;s:27:\"access administration pages\";}','system_main_admin_page','a:0:{}','1','1','','admin','Administer','t','','6','','','','9','modules/system/system.admin.inc'),('contact','','','user_access','a:1:{i:0;s:29:\"access site-wide contact form\";}','contact_site_page','a:0:{}','1','1','','contact','Contact','t','','20','','','','0','modules/contact/contact.pages.inc'),('imce','','','imce_access','a:0:{}','imce','a:0:{}','1','1','','imce','File browser','t','','4','','','','0','sites/all/modules/imce/inc/imce.page.inc'),('faq','','','user_access','a:1:{i:0;s:13:\"view faq page\";}','faq_page','a:0:{}','1','1','','faq','Frequently Asked Questions','t','','6','','','','1',''),('logout','','','user_is_logged_in','a:0:{}','user_logout','a:0:{}','1','1','','logout','Log out','t','','6','','','','10','modules/user/user.pages.inc'),('search','','','user_access','a:1:{i:0;s:14:\"search content\";}','search_view','a:0:{}','1','1','','search','Search','t','','20','','','','0','modules/search/search.pages.inc'),('user','','','1','a:0:{}','user_page','a:0:{}','1','1','','user','User account','t','','4','','','','0','modules/user/user.pages.inc'),('not_used','','','views_access','a:1:{i:0;b:1;}','views_page','a:2:{i:0;s:10:\"og_ghp_ron\";i:1;s:4:\"feed\";}','1','1','','not_used','','t','','4','','','','0',''),('messages','','','privatemsg_user_access','a:0:{}','drupal_get_form','a:2:{i:0;s:15:\"privatemsg_list\";i:1;s:4:\"list\";}','1','1','','messages','Messages','privatemsg_title_callback','','6','','','','0',''),('activity','','','views_access','a:1:{i:0;b:1;}','views_page','a:2:{i:0;s:8:\"Activity\";i:1;s:6:\"page_1\";}','1','1','','activity','','t','','4','','','','0','');
INSERT INTO `menu_router` VALUES ('siteactivity','','','views_access','a:1:{i:0;b:1;}','views_page','a:2:{i:0;s:12:\"ActivityPage\";i:1;s:6:\"page_1\";}','1','1','','siteactivity','','t','','4','','','','0',''),('news','','','views_access','a:1:{i:0;b:1;}','views_page','a:2:{i:0;s:4:\"News\";i:1;s:6:\"page_1\";}','1','1','','news','','t','','4','','','','0',''),('project','','','views_access','a:1:{i:0;b:1;}','views_page','a:2:{i:0;s:11:\"projectlist\";i:1;s:6:\"page_1\";}','1','1','','project','','t','','4','','','','0',''),('community','','','views_access','a:1:{i:0;b:1;}','views_page','a:2:{i:0;s:2:\"og\";i:1;s:4:\"page\";}','1','1','','community','Community','t','','136','','','','0',''),('group','','','views_access','a:1:{i:0;a:2:{i:0;s:17:\"views_check_roles\";i:1;a:1:{i:0;a:1:{i:2;i:2;}}}}','views_page','a:2:{i:0;s:9:\"og_unread\";i:1;s:4:\"page\";}','1','1','','group','My Unread','t','','6','','','','0',''),('user/login','','','user_is_anonymous','a:0:{}','user_page','a:0:{}','3','2','user','user','Log in','t','','136','','','','0','modules/user/user.pages.inc'),('community/getname','','','user_access','a:1:{i:0;s:14:\"access content\";}','get_list_comm_name','a:0:{}','3','2','','community/getname','','t','','4','','','','4',''),('rpx/manage','','','1','a:0:{}','rpx_manage','a:0:{}','3','2','','rpx/manage','Confirm email','t','','4','','','','0',''),('system/files','','','1','a:0:{}','file_download','a:0:{}','3','2','','system/files','File download','t','','4','','','','0',''),('og/opml','','','user_is_logged_in','a:0:{}','og_opml','a:0:{}','3','2','','og/opml','OPML','t','','4','','','','0',''),('rpx/end_point','','','1','a:0:{}','rpx_end_point','a:0:{}','3','2','','rpx/end_point','RPX Transaction End Point','t','','4','','','','0',''),('content/js_add_more','','','user_access','a:1:{i:0;s:14:\"access content\";}','content_add_more_js','a:0:{}','3','2','','content/js_add_more','','t','','4','','','','0','sites/all/modules/cck/includes/content.node_form.inc'),('messages/user-name-autocomplete','','','privatemsg_user_access','a:1:{i:0;s:16:\"write privatemsg\";}','privatemsg_user_name_autocomplete','a:0:{}','3','2','','messages/user-name-autocomplete','','t','','4','','','','-10','');
INSERT INTO `menu_router` VALUES ('taxonomy/autocomplete','','','user_access','a:1:{i:0;s:14:\"access content\";}','taxonomy_autocomplete','a:0:{}','3','2','','taxonomy/autocomplete','Autocomplete taxonomy','t','','4','','','','0','modules/taxonomy/taxonomy.pages.inc'),('admin/by-module','','','user_access','a:1:{i:0;s:27:\"access administration pages\";}','system_admin_by_module','a:0:{}','3','2','admin','admin','By module','t','','128','','','','2','modules/system/system.admin.inc'),('admin/by-task','','','user_access','a:1:{i:0;s:27:\"access administration pages\";}','system_main_admin_page','a:0:{}','3','2','admin','admin','By task','t','','136','','','','0','modules/system/system.admin.inc'),('admin/compact','','','user_access','a:1:{i:0;s:27:\"access administration pages\";}','system_admin_compact_page','a:0:{}','3','2','','admin/compact','Compact mode','t','','4','','','','0','modules/system/system.admin.inc'),('rpx/registration','','','1','a:0:{}','rpx_registration_page','a:0:{}','3','2','','rpx/registration','Complete Registration','t','','4','','Register With an Existing Account','','0',''),('filter/tips','','','1','a:0:{}','filter_tips_long','a:0:{}','3','2','','filter/tips','Compose tips','t','','20','','','','0','modules/filter/filter.pages.inc'),('node/add','','','_node_add_access','a:0:{}','node_add_page','a:0:{}','3','2','','node/add','Create content','t','','6','','','','1','modules/node/node.pages.inc'),('comment/delete','','','user_access','a:1:{i:0;s:19:\"administer comments\";}','comment_delete','a:0:{}','3','2','','comment/delete','Delete comment','t','','4','','','','0','modules/comment/comment.admin.inc'),('comment/edit','','','user_access','a:1:{i:0;s:13:\"post comments\";}','comment_edit','a:0:{}','3','2','','comment/edit','Edit comment','t','','4','','','','0','modules/comment/comment.pages.inc'),('og/activity','','','user_access','a:1:{i:0;s:25:\"administer organic groups\";}','og_page_activity','a:0:{}','3','2','','og/activity','Group activity','t','','128','','','','4','sites/all/modules/og/og.pages.inc');
INSERT INTO `menu_router` VALUES ('admin/help','','','user_access','a:1:{i:0;s:27:\"access administration pages\";}','help_main','a:0:{}','3','2','','admin/help','Help','t','','6','','','','9','modules/help/help.admin.inc'),('faq/list','','','user_access','a:1:{i:0;s:13:\"view faq page\";}','faq_page','a:0:{}','3','2','faq','faq','List','t','','136','','','','-10',''),('messages/list','','','privatemsg_user_access','a:0:{}','drupal_get_form','a:2:{i:0;s:15:\"privatemsg_list\";i:1;s:4:\"list\";}','3','2','messages','messages','Messages','t','','136','','','','-10',''),('notifications/unsubscribe','','','1','a:0:{}','notifications_page_unsubscribe','a:2:{i:0;i:2;i:1;i:3;}','3','2','','notifications/unsubscribe','','t','','4','','','','0','sites/all/modules/notifications/notifications.pages.inc'),('user/register','','','user_register_access','a:0:{}','drupal_get_form','a:1:{i:0;s:13:\"user_register\";}','3','2','user','user','Create new account','t','','128','','','','0','modules/user/user.pages.inc'),('faq/%','a:1:{i:1;N;}','','user_access','a:1:{i:0;s:13:\"view faq page\";}','faq_page','a:1:{i:0;i:1;}','2','2','','faq/%','Frequently Asked Questions','t','','4','','','','0',''),('user/password','','','user_is_anonymous','a:0:{}','drupal_get_form','a:1:{i:0;s:9:\"user_pass\";}','3','2','user','user','Request new password','t','','128','','','','0','modules/user/user.pages.inc'),('user/autocomplete','','','user_access','a:1:{i:0;s:20:\"access user profiles\";}','user_autocomplete','a:0:{}','3','2','','user/autocomplete','User autocomplete','t','','4','','','','0','modules/user/user.pages.inc'),('views/ajax','','','1','a:0:{}','views_ajax','a:0:{}','3','2','','views/ajax','Views','t','','4','','Ajax callback for view loading.','','0','sites/all/modules/views/includes/ajax.inc'),('messages/new','','','privatemsg_user_access','a:1:{i:0;s:16:\"write privatemsg\";}','drupal_get_form','a:4:{i:0;s:14:\"privatemsg_new\";i:1;i:2;i:2;i:3;i:3;N;}','3','2','messages','messages','Write new message','t','','128','','','','-3',''),('ckeditor/xss','','','user_access','a:1:{i:0;s:15:\"access ckeditor\";}','ckeditor_filter_xss','a:0:{}','3','2','','ckeditor/xss','XSS Filter','t','','4','','XSS Filter.','','0','sites/all/modules/ckeditor/includes/ckeditor.page.inc');
INSERT INTO `menu_router` VALUES ('admin/content','','','user_access','a:1:{i:0;s:27:\"access administration pages\";}','system_admin_menu_block_page','a:0:{}','3','2','','admin/content','Content management','t','','6','','Manage your site\'s content.','left','-10','modules/system/system.admin.inc'),('admin/messaging','','','user_access','a:1:{i:0;s:24:\"administer notifications\";}','system_admin_menu_block_page','a:0:{}','3','2','','admin/messaging','Messaging & Notifications','t','','6','','Administer and configure messaging and notifications','','0','modules/system/system.admin.inc'),('admin/reports','','','user_access','a:1:{i:0;s:19:\"access site reports\";}','system_admin_menu_block_page','a:0:{}','3','2','','admin/reports','Reports','t','','6','','View reports from system logs and other status information.','left','5','modules/system/system.admin.inc'),('og/my','','','views_access','a:1:{i:0;a:2:{i:0;s:17:\"views_check_roles\";i:1;a:1:{i:0;a:1:{i:2;i:2;}}}}','views_page','a:2:{i:0;s:5:\"og_my\";i:1;s:4:\"page\";}','3','2','','og/my','My Community','t','','128','','','','0',''),('admin/build','','','user_access','a:1:{i:0;s:27:\"access administration pages\";}','system_admin_menu_block_page','a:0:{}','3','2','','admin/build','Site building','t','','6','','Control how your site looks and feels.','right','-10','modules/system/system.admin.inc'),('group/mytracker','','','views_access','a:1:{i:0;b:1;}','views_page','a:2:{i:0;s:12:\"og_mytracker\";i:1;s:4:\"page\";}','3','2','group','group','My Recent','t','','128','','','','0',''),('group/tracker','','','views_access','a:1:{i:0;b:1;}','views_page','a:2:{i:0;s:10:\"og_tracker\";i:1;s:4:\"page\";}','3','2','group','group','Recent posts','t','','128','','','','5',''),('admin/settings','','','user_access','a:1:{i:0;s:27:\"access administration pages\";}','system_settings_overview','a:0:{}','3','2','','admin/settings','Site configuration','t','','6','','Adjust basic site configuration options.','right','-5','modules/system/system.admin.inc'),('group/myunread','','','views_access','a:1:{i:0;a:2:{i:0;s:17:\"views_check_roles\";i:1;a:1:{i:0;a:1:{i:2;i:2;}}}}','views_page','a:2:{i:0;s:9:\"og_unread\";i:1;s:4:\"page\";}','3','2','group','group','My Unread','t','','136','','','','0','');
INSERT INTO `menu_router` VALUES ('faq/order','','','user_access','a:1:{i:0;s:20:\"administer faq order\";}','drupal_get_form','a:1:{i:0;s:23:\"faq_order_settings_form\";}','3','2','faq','faq','Order','t','','128','','Allows the user to configure the order of questions and answers on a FAQ page.','','-8','sites/all/modules/faq/faq.admin.inc'),('admin/og','','','user_access','a:1:{i:0;s:29:\"administer site configuration\";}','system_admin_menu_block_page','a:0:{}','3','2','','admin/og','Organic groups','t','','6','','Administer the suite of Organic groups modules.','right','-5','modules/system/system.admin.inc'),('admin/user','','','user_access','a:1:{i:0;s:27:\"access administration pages\";}','system_admin_menu_block_page','a:0:{}','3','2','','admin/user','User management','t','','6','','Manage your site\'s users, groups and access to site features.','left','0','modules/system/system.admin.inc'),('node/%','a:1:{i:1;s:9:\"node_load\";}','','node_access','a:2:{i:0;s:4:\"view\";i:1;i:1;}','node_page_view','a:1:{i:0;i:1;}','2','2','','node/%','','node_page_title','a:1:{i:0;i:1;}','4','','','','0',''),('user/%','a:1:{i:1;s:22:\"user_uid_optional_load\";}','a:1:{i:1;s:24:\"user_uid_optional_to_arg\";}','user_view_access','a:1:{i:0;i:1;}','user_view','a:1:{i:0;i:1;}','2','2','','user/%','My account','user_page_title','a:1:{i:0;i:1;}','6','','','','0','modules/user/user.pages.inc'),('node/%/view','a:1:{i:1;s:9:\"node_load\";}','','node_access','a:2:{i:0;s:4:\"view\";i:1;i:1;}','node_page_view','a:1:{i:0;i:1;}','5','3','node/%','node/%','View','t','','136','','','','-10',''),('user/%/view','a:1:{i:1;s:9:\"user_load\";}','','user_view_access','a:1:{i:0;i:1;}','user_view','a:1:{i:0;i:1;}','5','3','user/%','user/%','View','t','','136','','','','-10','modules/user/user.pages.inc'),('og/user/autocomplete','','','user_access','a:1:{i:0;s:14:\"access content\";}','og_user_autocomplete','a:0:{}','7','3','','og/user/autocomplete','','t','','4','','','','4',''),('admin/settings/actions','','','user_access','a:1:{i:0;s:18:\"administer actions\";}','system_actions_manage','a:0:{}','7','3','','admin/settings/actions','Actions','t','','6','','Manage the actions defined for your site.','','0','');
INSERT INTO `menu_router` VALUES ('admin/activity/weight','','','user_access','a:1:{i:0;s:19:\"administer activity\";}','activity_fix_trigger_weight','a:0:{}','7','3','','admin/activity/weight','Fix Trigger weight','t','','4','','','','0','sites/all/modules/activity/activity.install'),('admin/user/nodeaccess','','','user_access','a:1:{i:0;s:21:\"administer nodeaccess\";}','nodeaccess_admin','a:0:{}','7','3','','admin/user/nodeaccess','Nodeaccess','t','','6','','Change default settings for the Nodeaccess module.','','0',''),('messages/undo/action','','','user_access','a:1:{i:0;s:15:\"read privatemsg\";}','privatemsg_undo_action','a:0:{}','7','3','','messages/undo/action','Private messages','t','','4','','Undo last thread action','','0',''),('messages/view/%','a:1:{i:2;s:22:\"privatemsg_thread_load\";}','','privatemsg_view_access','a:0:{}','privatemsg_view','a:1:{i:0;i:2;}','6','3','messages','messages','Read message','t','','128','','','','-5',''),('user/%/rpx','a:1:{i:1;s:9:\"user_load\";}','','user_edit_access','a:1:{i:0;i:1;}','rpx_user_identities','a:1:{i:0;i:1;}','5','3','user/%','user/%','3rd party identities','t','','128','','','','0',''),('admin/user/rules','','','user_access','a:1:{i:0;s:22:\"administer permissions\";}','user_admin_access','a:0:{}','7','3','','admin/user/rules','Access rules','t','','6','','List and create rules to disallow usernames, e-mail addresses, and IP addresses.','','0','modules/user/user.admin.inc'),('admin/reports/updates','','','user_access','a:1:{i:0;s:29:\"administer site configuration\";}','update_status','a:0:{}','7','3','','admin/reports/updates','Available updates','t','','6','','Get a status report about available updates for your installed modules and themes.','','10','modules/update/update.report.inc'),('admin/content/backup_migrate','','','user_access','a:1:{i:0;s:25:\"access backup and migrate\";}','backup_migrate_menu_callback','a:3:{i:0;s:0:\"\";i:1;s:37:\"backup_migrate_ui_manual_backup_quick\";i:2;b:1;}','7','3','','admin/content/backup_migrate','Backup and Migrate','t','','6','','Backup/restore your database or migrate data to or from another Drupal site.','','0','');
INSERT INTO `menu_router` VALUES ('admin/build/block','','','user_access','a:1:{i:0;s:17:\"administer blocks\";}','block_admin_display','a:0:{}','7','3','','admin/build/block','Blocks','t','','6','','Configure what block content appears in your site\'s sidebars and other regions.','','0','modules/block/block.admin.inc'),('admin/settings/ckeditor','','','user_access','a:1:{i:0;s:19:\"administer ckeditor\";}','ckeditor_admin_main','a:0:{}','7','3','','admin/settings/ckeditor','CKEditor','t','','6','','Configure the rich text editor.','','0','sites/all/modules/ckeditor/includes/ckeditor.admin.inc'),('admin/content/comment','','','user_access','a:1:{i:0;s:19:\"administer comments\";}','comment_admin','a:0:{}','7','3','','admin/content/comment','Comments','t','','6','','List and edit site comments and the comment moderation queue.','','0','modules/comment/comment.admin.inc'),('admin/build/contact','','','user_access','a:1:{i:0;s:33:\"administer site-wide contact form\";}','contact_admin_categories','a:0:{}','7','3','','admin/build/contact','Contact form','t','','6','','Create a system contact form and set up categories for the form to use.','','0','modules/contact/contact.admin.inc'),('admin/settings/imce','','','user_access','a:1:{i:0;s:28:\"administer imce(execute PHP)\";}','imce_admin','a:0:{}','7','3','','admin/settings/imce','IMCE','t','','6','','Control how your image/file browser works.','','0','sites/all/modules/imce/inc/imce.admin.inc'),('faq/%/list','a:1:{i:1;N;}','','user_access','a:1:{i:0;s:13:\"view faq page\";}','faq_page','a:1:{i:0;i:1;}','5','3','faq/%','faq/%','List','t','','136','','','','-10',''),('admin/settings/logging','','','user_access','a:1:{i:0;s:29:\"administer site configuration\";}','system_logging_overview','a:0:{}','7','3','','admin/settings/logging','Logging and alerts','t','','6','','Settings for logging and alerts modules. Various modules can route Drupal\'s system events to different destination, such as syslog, database, email, ...etc.','','0','modules/system/system.admin.inc'),('admin/messaging/subscriptions','','','user_access','a:1:{i:0;s:24:\"administer notifications\";}','notifications_admin_status_page','a:0:{}','7','3','','admin/messaging/subscriptions','Manage subscriptions','t','','6','','Manage existing subscriptions and queue.','','0','sites/all/modules/notifications/notifications.admin.inc');
INSERT INTO `menu_router` VALUES ('user/%/messages','a:1:{i:1;N;}','','privatemsg_user_access','a:1:{i:0;s:25:\"read all private messages\";}','drupal_get_form','a:3:{i:0;s:15:\"privatemsg_list\";i:1;s:4:\"list\";i:2;i:1;}','5','3','user/%','user/%','Messages','t','','128','','','','0',''),('admin/og/og_access','','','user_access','a:1:{i:0;s:29:\"administer site configuration\";}','drupal_get_form','a:1:{i:0;s:18:\"og_access_settings\";}','7','3','','admin/og/og_access','Organic groups access configuration','t','','6','','Choose whether new groups should be private or public.','','0',''),('group/myunread/feed','','','views_access','a:1:{i:0;a:2:{i:0;s:17:\"views_check_roles\";i:1;a:1:{i:0;a:1:{i:2;i:2;}}}}','views_page','a:2:{i:0;s:9:\"og_unread\";i:1;s:4:\"feed\";}','7','3','','group/myunread/feed','','t','','4','','','','0',''),('admin/messaging/template','','','user_access','a:1:{i:0;s:20:\"administer messaging\";}','messaging_admin_template','a:0:{}','7','3','','admin/messaging/template','Message templates','t','','6','','Configuration of message templates','','0','sites/all/modules/messaging/messaging.admin.inc'),('admin/settings/messages','','','user_access','a:1:{i:0;s:30:\"administer privatemsg settings\";}','drupal_get_form','a:1:{i:0;s:24:\"private_message_settings\";}','7','3','','admin/settings/messages','Private messages','t','','6','','Configure private messaging settings.','','0',''),('admin/settings/rpx','','','user_access','a:1:{i:0;s:29:\"administer site configuration\";}','rpx_admin_settings','a:0:{}','7','3','','admin/settings/rpx','RPX','t','','6','','Configure the settings for RPX.','','0','sites/all/modules/rpx/rpx.admin.inc'),('admin/reports/dblog','','','user_access','a:1:{i:0;s:19:\"access site reports\";}','dblog_overview','a:0:{}','7','3','','admin/reports/dblog','Recent log entries','t','','6','','View events that have recently been logged.','','-1','modules/dblog/dblog.admin.inc'),('node/%/settings','a:1:{i:1;s:9:\"node_load\";}','','og_project_roles_access','a:2:{i:0;s:5:\"grant\";i:1;i:1;}','og_project_memberlist_page','a:1:{i:0;i:1;}','5','3','node/%','node/%','Settings','t','','128','','','','5','');
INSERT INTO `menu_router` VALUES ('admin/reports/status','','','user_access','a:1:{i:0;s:29:\"administer site configuration\";}','system_status','a:0:{}','7','3','','admin/reports/status','Status report','t','','6','','Get a status report about your site\'s operation and any detected problems.','','10','modules/system/system.admin.inc'),('taxonomy/term/%','a:1:{i:2;N;}','','user_access','a:1:{i:0;s:14:\"access content\";}','taxonomy_term_page','a:1:{i:0;i:2;}','6','3','','taxonomy/term/%','Taxonomy term','t','','4','','','','0','modules/taxonomy/taxonomy.pages.inc'),('admin/build/path','','','user_access','a:1:{i:0;s:22:\"administer url aliases\";}','path_admin_overview','a:0:{}','7','3','','admin/build/path','URL aliases','t','','6','','Change your site\'s URL paths by aliasing them.','','0','modules/path/path.admin.inc'),('admin/help/activity','','','user_access','a:1:{i:0;s:27:\"access administration pages\";}','help_page','a:1:{i:0;i:2;}','7','3','','admin/help/activity','activity','t','','4','','','','0','modules/help/help.admin.inc'),('admin/help/backup_migrate','','','user_access','a:1:{i:0;s:27:\"access administration pages\";}','help_page','a:1:{i:0;i:2;}','7','3','','admin/help/backup_migrate','backup_migrate','t','','4','','','','0','modules/help/help.admin.inc'),('admin/help/block','','','user_access','a:1:{i:0;s:27:\"access administration pages\";}','help_page','a:1:{i:0;i:2;}','7','3','','admin/help/block','block','t','','4','','','','0','modules/help/help.admin.inc'),('admin/help/ckeditor','','','user_access','a:1:{i:0;s:27:\"access administration pages\";}','help_page','a:1:{i:0;i:2;}','7','3','','admin/help/ckeditor','ckeditor','t','','4','','','','0','modules/help/help.admin.inc'),('admin/help/color','','','user_access','a:1:{i:0;s:27:\"access administration pages\";}','help_page','a:1:{i:0;i:2;}','7','3','','admin/help/color','color','t','','4','','','','0','modules/help/help.admin.inc'),('admin/help/comment','','','user_access','a:1:{i:0;s:27:\"access administration pages\";}','help_page','a:1:{i:0;i:2;}','7','3','','admin/help/comment','comment','t','','4','','','','0','modules/help/help.admin.inc');
INSERT INTO `menu_router` VALUES ('admin/help/contact','','','user_access','a:1:{i:0;s:27:\"access administration pages\";}','help_page','a:1:{i:0;i:2;}','7','3','','admin/help/contact','contact','t','','4','','','','0','modules/help/help.admin.inc'),('admin/help/content','','','user_access','a:1:{i:0;s:27:\"access administration pages\";}','help_page','a:1:{i:0;i:2;}','7','3','','admin/help/content','content','t','','4','','','','0','modules/help/help.admin.inc'),('admin/help/dblog','','','user_access','a:1:{i:0;s:27:\"access administration pages\";}','help_page','a:1:{i:0;i:2;}','7','3','','admin/help/dblog','dblog','t','','4','','','','0','modules/help/help.admin.inc'),('admin/help/faq','','','user_access','a:1:{i:0;s:27:\"access administration pages\";}','help_page','a:1:{i:0;i:2;}','7','3','','admin/help/faq','faq','t','','4','','','','0','modules/help/help.admin.inc'),('admin/help/filter','','','user_access','a:1:{i:0;s:27:\"access administration pages\";}','help_page','a:1:{i:0;i:2;}','7','3','','admin/help/filter','filter','t','','4','','','','0','modules/help/help.admin.inc'),('admin/help/help','','','user_access','a:1:{i:0;s:27:\"access administration pages\";}','help_page','a:1:{i:0;i:2;}','7','3','','admin/help/help','help','t','','4','','','','0','modules/help/help.admin.inc'),('admin/help/menu','','','user_access','a:1:{i:0;s:27:\"access administration pages\";}','help_page','a:1:{i:0;i:2;}','7','3','','admin/help/menu','menu','t','','4','','','','0','modules/help/help.admin.inc'),('admin/help/messaging','','','user_access','a:1:{i:0;s:27:\"access administration pages\";}','help_page','a:1:{i:0;i:2;}','7','3','','admin/help/messaging','messaging','t','','4','','','','0','modules/help/help.admin.inc'),('admin/help/node','','','user_access','a:1:{i:0;s:27:\"access administration pages\";}','help_page','a:1:{i:0;i:2;}','7','3','','admin/help/node','node','t','','4','','','','0','modules/help/help.admin.inc'),('admin/help/nodeaccess','','','user_access','a:1:{i:0;s:27:\"access administration pages\";}','help_page','a:1:{i:0;i:2;}','7','3','','admin/help/nodeaccess','nodeaccess','t','','4','','','','0','modules/help/help.admin.inc');
INSERT INTO `menu_router` VALUES ('admin/help/notifications_content','','','user_access','a:1:{i:0;s:27:\"access administration pages\";}','help_page','a:1:{i:0;i:2;}','7','3','','admin/help/notifications_content','notifications_content','t','','4','','','','0','modules/help/help.admin.inc'),('admin/help/og','','','user_access','a:1:{i:0;s:27:\"access administration pages\";}','help_page','a:1:{i:0;i:2;}','7','3','','admin/help/og','og','t','','4','','','','0','modules/help/help.admin.inc'),('admin/help/og_notifications','','','user_access','a:1:{i:0;s:27:\"access administration pages\";}','help_page','a:1:{i:0;i:2;}','7','3','','admin/help/og_notifications','og_notifications','t','','4','','','','0','modules/help/help.admin.inc'),('admin/help/path','','','user_access','a:1:{i:0;s:27:\"access administration pages\";}','help_page','a:1:{i:0;i:2;}','7','3','','admin/help/path','path','t','','4','','','','0','modules/help/help.admin.inc'),('admin/help/pathauto','','','user_access','a:1:{i:0;s:27:\"access administration pages\";}','help_page','a:1:{i:0;i:2;}','7','3','','admin/help/pathauto','pathauto','t','','4','','','','0','modules/help/help.admin.inc'),('admin/help/php','','','user_access','a:1:{i:0;s:27:\"access administration pages\";}','help_page','a:1:{i:0;i:2;}','7','3','','admin/help/php','php','t','','4','','','','0','modules/help/help.admin.inc'),('og/all/feed','','','views_access','a:1:{i:0;b:1;}','views_page','a:2:{i:0;s:2:\"og\";i:1;s:4:\"feed\";}','7','3','','og/all/feed','','t','','4','','','','0',''),('admin/help/search','','','user_access','a:1:{i:0;s:27:\"access administration pages\";}','help_page','a:1:{i:0;i:2;}','7','3','','admin/help/search','search','t','','4','','','','0','modules/help/help.admin.inc'),('admin/help/system','','','user_access','a:1:{i:0;s:27:\"access administration pages\";}','help_page','a:1:{i:0;i:2;}','7','3','','admin/help/system','system','t','','4','','','','0','modules/help/help.admin.inc'),('admin/help/taxonomy','','','user_access','a:1:{i:0;s:27:\"access administration pages\";}','help_page','a:1:{i:0;i:2;}','7','3','','admin/help/taxonomy','taxonomy','t','','4','','','','0','modules/help/help.admin.inc');
INSERT INTO `menu_router` VALUES ('admin/help/token','','','user_access','a:1:{i:0;s:27:\"access administration pages\";}','help_page','a:1:{i:0;i:2;}','7','3','','admin/help/token','token','t','','4','','','','0','modules/help/help.admin.inc'),('admin/help/trigger','','','user_access','a:1:{i:0;s:27:\"access administration pages\";}','help_page','a:1:{i:0;i:2;}','7','3','','admin/help/trigger','trigger','t','','4','','','','0','modules/help/help.admin.inc'),('admin/help/update','','','user_access','a:1:{i:0;s:27:\"access administration pages\";}','help_page','a:1:{i:0;i:2;}','7','3','','admin/help/update','update','t','','4','','','','0','modules/help/help.admin.inc'),('admin/help/user','','','user_access','a:1:{i:0;s:27:\"access administration pages\";}','help_page','a:1:{i:0;i:2;}','7','3','','admin/help/user','user','t','','4','','','','0','modules/help/help.admin.inc'),('group/tracker/feed','','','views_access','a:2:{i:0;b:1;i:1;b:1;}','views_page','a:2:{i:0;s:12:\"og_mytracker\";i:1;a:2:{i:0;s:4:\"feed\";i:1;s:4:\"feed\";}}','7','3','','group/tracker/feed','','t','','4','','','','0',''),('admin/help/views_ui','','','user_access','a:1:{i:0;s:27:\"access administration pages\";}','help_page','a:1:{i:0;i:2;}','7','3','','admin/help/views_ui','views_ui','t','','4','','','','0','modules/help/help.admin.inc'),('admin/user/themes','','','user_access','a:1:{i:0;s:29:\"administer site configuration\";}','drupal_get_form','a:1:{i:0;s:34:\"role_theme_switcher_admin_settings\";}','7','3','','admin/user/themes','Role theme switcher','t','','6','','Settings for role theme switcher.','','0',''),('notifications/subscribe/%','a:1:{i:2;s:9:\"user_load\";}','','notifications_access_subscribe','a:1:{i:0;i:2;}','notifications_page_subscribe','a:1:{i:0;i:2;}','6','3','','notifications/subscribe/%','','t','','4','','','','0','sites/all/modules/notifications/notifications.pages.inc'),('admin/settings/activity','','','user_access','a:1:{i:0;s:19:\"administer activity\";}','drupal_get_form','a:1:{i:0;s:22:\"activity_settings_form\";}','7','3','','admin/settings/activity','Activity','t','','6','','Modify the settings for how activity behaves','','0','sites/all/modules/activity/activity.admin.inc');
INSERT INTO `menu_router` VALUES ('admin/build/activity','','','user_access','a:1:{i:0;s:19:\"administer activity\";}','drupal_get_form','a:1:{i:0;s:13:\"activity_form\";}','7','3','','admin/build/activity','Activity publisher templates','t','','6','','Modify how your activity messages will look','','0','sites/all/modules/activity/activity.admin.inc'),('admin/user/autoassignrole','','','user_access','a:1:{i:0;s:25:\"administer autoassignrole\";}','drupal_get_form','a:1:{i:0;s:25:\"autoassignrole_admin_form\";}','7','3','','admin/user/autoassignrole','Auto assign role','t','','6','','Designate a role to assign all new users to.','','0','sites/all/modules/autoassignrole/autoassignrole-admin.inc'),('node/%/broadcast','a:1:{i:1;s:9:\"node_load\";}','','og_broadcast_access','a:1:{i:0;i:1;}','drupal_get_form','a:2:{i:0;s:17:\"og_broadcast_form\";i:1;i:1;}','5','3','node/%','node/%','Broadcast','t','','128','','','','7','sites/all/modules/og/og.pages.inc'),('admin/settings/clean-urls','','','user_access','a:1:{i:0;s:29:\"administer site configuration\";}','drupal_get_form','a:1:{i:0;s:25:\"system_clean_url_settings\";}','7','3','','admin/settings/clean-urls','Clean URLs','t','','6','','Enable or disable clean URLs for your site.','','0','modules/system/system.admin.inc'),('notifications/subscription/%','a:1:{i:2;s:31:\"notifications_subscription_load\";}','','notifications_subscription_access','a:2:{i:0;s:4:\"edit\";i:1;i:2;}','drupal_get_form','a:2:{i:0;s:31:\"notifications_subscription_form\";i:1;i:2;}','6','3','','notifications/subscription/%','Edit subscription','t','','4','','','','0','sites/all/modules/notifications/notifications.pages.inc'),('user/%/contact','a:1:{i:1;s:9:\"user_load\";}','','_contact_user_tab_access','a:1:{i:0;i:1;}','contact_user_page','a:1:{i:0;i:1;}','5','3','user/%','user/%','Contact','t','','128','','','','2','modules/contact/contact.pages.inc'),('og/subscribe/%','a:1:{i:2;s:9:\"node_load\";}','','node_access','a:2:{i:0;s:4:\"view\";i:1;i:2;}','og_subscribe','a:1:{i:0;i:2;}','6','3','','og/subscribe/%','Join group','t','','4','','','','0','sites/all/modules/og/og.pages.inc');
INSERT INTO `menu_router` VALUES ('admin/content/node','','','user_access','a:1:{i:0;s:16:\"administer nodes\";}','drupal_get_form','a:1:{i:0;s:18:\"node_admin_content\";}','7','3','','admin/content/node','Content','t','','6','','View, edit, and delete your site\'s content.','','0','modules/node/node.admin.inc'),('admin/content/types','','','user_access','a:1:{i:0;s:24:\"administer content types\";}','content_types_overview','a:0:{}','7','3','','admin/content/types','Content types','t','','6','','Manage posts by content type, including default status, front page promotion, etc.','','0','sites/all/modules/cck/includes/content.admin.inc'),('admin/settings/date-time','','','user_access','a:1:{i:0;s:29:\"administer site configuration\";}','drupal_get_form','a:1:{i:0;s:25:\"system_date_time_settings\";}','7','3','','admin/settings/date-time','Date and time','t','','6','','Settings for how Drupal displays date and time, as well as the system\'s default timezone.','','0','modules/system/system.admin.inc'),('activity/%/delete','a:1:{i:1;N;}','','activity_delete_access','a:1:{i:0;i:1;}','drupal_get_form','a:2:{i:0;s:23:\"activity_delete_confirm\";i:1;i:1;}','5','3','','activity/%/delete','Delete','t','','4','','','','0','sites/all/modules/activity/activity.admin.inc'),('node/%/delete','a:1:{i:1;s:9:\"node_load\";}','','node_access','a:2:{i:0;s:6:\"delete\";i:1;i:1;}','drupal_get_form','a:2:{i:0;s:19:\"node_delete_confirm\";i:1;i:1;}','5','3','','node/%/delete','Delete','t','','4','','','','1','modules/node/node.pages.inc'),('user/%/delete','a:1:{i:1;s:9:\"user_load\";}','','user_access','a:1:{i:0;s:16:\"administer users\";}','drupal_get_form','a:2:{i:0;s:19:\"user_confirm_delete\";i:1;i:1;}','5','3','','user/%/delete','Delete','t','','4','','','','0','modules/user/user.pages.inc'),('node/%/edit','a:1:{i:1;s:9:\"node_load\";}','','og_menu_access_node_edit','a:1:{i:0;i:1;}','node_page_edit','a:1:{i:0;i:1;}','5','3','node/%','node/%','Edit','t','','128','','','','1','modules/node/node.pages.inc'),('admin/settings/error-reporting','','','user_access','a:1:{i:0;s:29:\"administer site configuration\";}','drupal_get_form','a:1:{i:0;s:31:\"system_error_reporting_settings\";}','7','3','','admin/settings/error-reporting','Error reporting','t','','6','','Control how Drupal deals with errors including 403/404 errors as well as PHP error reporting.','','0','modules/system/system.admin.inc');
INSERT INTO `menu_router` VALUES ('user/%/imce','a:1:{i:1;s:9:\"user_load\";}','','imce_user_page_access','a:1:{i:0;i:1;}','imce_user_page','a:1:{i:0;i:1;}','5','3','user/%','user/%','File browser','t','','128','','','','10','sites/all/modules/imce/inc/imce.page.inc'),('admin/settings/file-system','','','user_access','a:1:{i:0;s:29:\"administer site configuration\";}','drupal_get_form','a:1:{i:0;s:27:\"system_file_system_settings\";}','7','3','','admin/settings/file-system','File system','t','','6','','Tell Drupal where to store uploaded files and how they are accessed.','','0','modules/system/system.admin.inc'),('admin/settings/faq','','','user_access','a:1:{i:0;s:14:\"administer faq\";}','faq_settings_page','a:0:{}','7','3','','admin/settings/faq','Frequently Asked Questions','t','','6','','Allows the user to configure the layout of questions and answers on a FAQ page.','','0','sites/all/modules/faq/faq.admin.inc'),('admin/settings/image-toolkit','','','user_access','a:1:{i:0;s:29:\"administer site configuration\";}','drupal_get_form','a:1:{i:0;s:29:\"system_image_toolkit_settings\";}','7','3','','admin/settings/image-toolkit','Image toolkit','t','','6','','Choose which image toolkit to use if you have installed optional toolkits.','','0','modules/system/system.admin.inc'),('admin/settings/filters','','','user_access','a:1:{i:0;s:18:\"administer filters\";}','drupal_get_form','a:1:{i:0;s:21:\"filter_admin_overview\";}','7','3','','admin/settings/filters','Input formats','t','','6','','Configure how content input by users is filtered, including allowed HTML tags. Also allows enabling of module-provided filters.','','0','modules/filter/filter.admin.inc'),('admin/settings/menu_per_role','','','user_access','a:1:{i:0;s:24:\"administer menu_per_role\";}','drupal_get_form','a:1:{i:0;s:27:\"menu_per_role_settings_form\";}','7','3','','admin/settings/menu_per_role','Menu per Role','t','','6','','Settings for the menu per role module','','0','sites/all/modules/menu_per_role/menu_per_role.admin.inc'),('og/invite/%','a:1:{i:2;s:9:\"node_load\";}','','og_menu_access_invite','a:1:{i:0;i:2;}','drupal_get_form','a:2:{i:0;s:14:\"og_invite_form\";i:1;i:2;}','6','3','','og/invite/%','Send invitation','t','','4','','','','0','sites/all/modules/og/og.pages.inc');
INSERT INTO `menu_router` VALUES ('admin/build/menu','','','user_access','a:1:{i:0;s:15:\"administer menu\";}','menu_overview_page','a:0:{}','7','3','','admin/build/menu','Menus','t','','6','','Control your site\'s navigation menu, primary links and secondary links, as well as rename and reorganize menu items.','','0','modules/menu/menu.admin.inc'),('admin/messaging/settings','','','user_access','a:1:{i:0;s:20:\"administer messaging\";}','drupal_get_form','a:1:{i:0;s:24:\"messaging_admin_settings\";}','7','3','','admin/messaging/settings','Messaging settings','t','','6','','Configuration of messaging framework','','0','sites/all/modules/messaging/messaging.admin.inc'),('admin/build/modules','','','user_access','a:1:{i:0;s:29:\"administer site configuration\";}','drupal_get_form','a:1:{i:0;s:14:\"system_modules\";}','7','3','','admin/build/modules','Modules','t','','6','','Enable or disable add-on modules for your site.','','0','modules/system/system.admin.inc'),('admin/messaging/notifications','','','user_access','a:1:{i:0;s:29:\"administer site configuration\";}','drupal_get_form','a:1:{i:0;s:27:\"notifications_settings_form\";}','7','3','','admin/messaging/notifications','Notifications Settings','t','','6','','Site settings for user notifications.','','0','sites/all/modules/notifications/notifications.admin.inc'),('og/manage/%','a:1:{i:2;s:9:\"node_load\";}','','og_is_group_member','a:2:{i:0;i:2;i:1;b:0;}','og_manage','a:1:{i:0;i:2;}','6','3','','og/manage/%','Manage membership','t','','4','','','','0','sites/all/modules/og/og.pages.inc'),('admin/settings/performance','','','user_access','a:1:{i:0;s:29:\"administer site configuration\";}','drupal_get_form','a:1:{i:0;s:27:\"system_performance_settings\";}','7','3','','admin/settings/performance','Performance','t','','6','','Enable or disable page caching for anonymous users and set CSS and JS bandwidth optimization options.','','0','modules/system/system.admin.inc'),('admin/user/permissions','','','user_access','a:1:{i:0;s:22:\"administer permissions\";}','drupal_get_form','a:1:{i:0;s:15:\"user_admin_perm\";}','7','3','','admin/user/permissions','Permissions','t','','6','','Determine access to features by selecting permissions for roles.','','0','modules/user/user.admin.inc');
INSERT INTO `menu_router` VALUES ('user/%/notifications','a:1:{i:1;s:9:\"user_load\";}','','notifications_access_user','a:1:{i:0;i:1;}','drupal_get_form','a:2:{i:0;s:27:\"notifications_user_overview\";i:1;i:1;}','5','3','user/%','user/%','Notifications','t','','128','','','','0','sites/all/modules/notifications/notifications.pages.inc'),('admin/content/node-settings','','','user_access','a:1:{i:0;s:16:\"administer nodes\";}','drupal_get_form','a:1:{i:0;s:14:\"node_configure\";}','7','3','','admin/content/node-settings','Post settings','t','','6','','Control posting behavior, such as teaser length, requiring previews before posting, and the number of posts on the front page.','','0','modules/node/node.admin.inc'),('admin/content/rss-publishing','','','user_access','a:1:{i:0;s:29:\"administer site configuration\";}','drupal_get_form','a:1:{i:0;s:25:\"system_rss_feeds_settings\";}','7','3','','admin/content/rss-publishing','RSS publishing','t','','6','','Configure the number of items per feed and whether feeds should be titles/teasers/full-text.','','0','modules/system/system.admin.inc'),('comment/reply/%','a:1:{i:2;s:9:\"node_load\";}','','node_access','a:2:{i:0;s:4:\"view\";i:1;i:2;}','comment_reply','a:1:{i:0;i:2;}','6','3','','comment/reply/%','Reply to comment','t','','4','','','','0','modules/comment/comment.pages.inc'),('node/%/revisions','a:1:{i:1;s:9:\"node_load\";}','','_node_revision_access','a:1:{i:0;i:1;}','node_revision_overview','a:1:{i:0;i:1;}','5','3','node/%','node/%','Revisions','t','','128','','','','2','modules/node/node.pages.inc'),('admin/user/roles','','','user_access','a:1:{i:0;s:22:\"administer permissions\";}','drupal_get_form','a:1:{i:0;s:19:\"user_admin_new_role\";}','7','3','','admin/user/roles','Roles','t','','6','','List, edit, or add user roles.','','0','modules/user/user.admin.inc'),('admin/settings/search','','','user_access','a:1:{i:0;s:17:\"administer search\";}','drupal_get_form','a:1:{i:0;s:21:\"search_admin_settings\";}','7','3','','admin/settings/search','Search settings','t','','6','','Configure relevance settings for search and other indexing options','','0','modules/search/search.admin.inc');
INSERT INTO `menu_router` VALUES ('admin/settings/site-information','','','user_access','a:1:{i:0;s:29:\"administer site configuration\";}','drupal_get_form','a:1:{i:0;s:32:\"system_site_information_settings\";}','7','3','','admin/settings/site-information','Site information','t','','6','','Change basic site information, such as the site name, slogan, e-mail address, mission, front page and more.','','0','modules/system/system.admin.inc'),('admin/settings/site-maintenance','','','user_access','a:1:{i:0;s:29:\"administer site configuration\";}','drupal_get_form','a:1:{i:0;s:32:\"system_site_maintenance_settings\";}','7','3','','admin/settings/site-maintenance','Site maintenance','t','','6','','Take the site off-line for maintenance or bring it back online.','','0','modules/system/system.admin.inc'),('admin/content/taxonomy','','','user_access','a:1:{i:0;s:19:\"administer taxonomy\";}','drupal_get_form','a:1:{i:0;s:30:\"taxonomy_overview_vocabularies\";}','7','3','','admin/content/taxonomy','Taxonomy','t','','6','','Manage tagging, categorization, and classification of your content.','','0','modules/taxonomy/taxonomy.admin.inc'),('admin/build/themes','','','user_access','a:1:{i:0;s:29:\"administer site configuration\";}','drupal_get_form','a:2:{i:0;s:18:\"system_themes_form\";i:1;N;}','7','3','','admin/build/themes','Themes','t','','6','','Change which theme your site uses or allows users to set.','','0','modules/system/system.admin.inc'),('admin/reports/access-denied','','','user_access','a:1:{i:0;s:19:\"access site reports\";}','dblog_top','a:1:{i:0;s:13:\"access denied\";}','7','3','','admin/reports/access-denied','Top \'access denied\' errors','t','','6','','View \'access denied\' errors (403s).','','0','modules/dblog/dblog.admin.inc'),('admin/reports/page-not-found','','','user_access','a:1:{i:0;s:19:\"access site reports\";}','dblog_top','a:1:{i:0;s:14:\"page not found\";}','7','3','','admin/reports/page-not-found','Top \'page not found\' errors','t','','6','','View \'page not found\' errors (404s).','','0','modules/dblog/dblog.admin.inc');
INSERT INTO `menu_router` VALUES ('admin/build/trigger','','','trigger_access_check','a:1:{i:0;s:4:\"node\";}','trigger_assign','a:0:{}','7','3','','admin/build/trigger','Triggers','t','','6','','Tell Drupal when to execute actions.','','0','modules/trigger/trigger.admin.inc'),('admin/settings/uniquetitle','','','user_access','a:1:{i:0;s:23:\"Administer Unique title\";}','drupal_get_form','a:1:{i:0;s:25:\"uniquetitle_settings_form\";}','7','3','','admin/settings/uniquetitle','Unique title administration','t','','6','','Administrative interface for Unique title.','','0','sites/all/modules/uniquetitle/uniquetitle.inc'),('admin/user/settings','','','user_access','a:1:{i:0;s:16:\"administer users\";}','drupal_get_form','a:1:{i:0;s:19:\"user_admin_settings\";}','7','3','','admin/user/settings','User settings','t','','6','','Configure default behavior of users, including registration requirements, e-mails, and user pictures.','','0','modules/user/user.admin.inc'),('admin/user/user','','','user_access','a:1:{i:0;s:16:\"administer users\";}','user_admin','a:1:{i:0;s:4:\"list\";}','7','3','','admin/user/user','Users','t','','6','','List, add, and edit users.','','0','modules/user/user.admin.inc'),('admin/build/views','','','user_access','a:1:{i:0;s:16:\"administer views\";}','views_ui_list_views','a:0:{}','7','3','','admin/build/views','Views','t','','6','','Views are customized lists of content on your system; they are highly configurable and give you control over how lists of content are presented.','','0','sites/all/modules/views/includes/admin.inc'),('user/%/edit','a:1:{i:1;a:1:{s:18:\"user_category_load\";a:2:{i:0;s:4:\"%map\";i:1;s:6:\"%index\";}}}','','user_edit_access','a:1:{i:0;i:1;}','user_edit','a:1:{i:0;i:1;}','5','3','user/%','user/%','Edit','t','','128','','','','0','modules/user/user.pages.inc'),('admin/og/og','','','user_access','a:1:{i:0;s:29:\"administer site configuration\";}','drupal_get_form','a:1:{i:0;s:17:\"og_admin_settings\";}','7','3','','admin/og/og','Organic groups configuration','t','','6','','Configure the main Organic groups module (og).','','-5','sites/all/modules/og/includes/og.admin.inc');
INSERT INTO `menu_router` VALUES ('og/users/%','a:1:{i:2;a:1:{s:14:\"views_arg_load\";a:3:{i:0;s:10:\"og_members\";i:1;s:4:\"page\";i:2;s:6:\"%index\";}}}','','views_access','a:1:{i:0;b:1;}','views_page','a:3:{i:0;s:10:\"og_members\";i:1;s:4:\"page\";i:2;i:2;}','6','3','','og/users/%','List','t','','6','','','','0',''),('faq/%/order','a:1:{i:1;N;}','','user_access','a:1:{i:0;s:20:\"administer faq order\";}','drupal_get_form','a:2:{i:0;s:23:\"faq_order_settings_form\";i:1;i:1;}','5','3','faq/%','faq/%','Order','t','','128','','Allows the user to configure the order of questions and answers on a FAQ page.','','-8','sites/all/modules/faq/faq.admin.inc'),('admin/reports/search','','','user_access','a:1:{i:0;s:19:\"access site reports\";}','dblog_top','a:1:{i:0;s:6:\"search\";}','7','3','','admin/reports/search','Top search phrases','t','','6','','View most popular search phrases.','','0','modules/dblog/dblog.admin.inc'),('admin/settings/og_massadd','','','user_access','a:1:{i:0;s:29:\"administer site configuration\";}','drupal_get_form','a:1:{i:0;s:25:\"og_massadd_admin_settings\";}','7','3','','admin/settings/og_massadd','og_massadd','t','','6','','Configure og_massadd','','0','sites/all/modules/og_massadd/og_massadd.admin.inc'),('node/%/feed','a:1:{i:1;s:9:\"node_load\";}','','node_access','a:2:{i:0;s:4:\"view\";i:1;i:1;}','og_views_feed','a:1:{i:0;i:1;}','5','3','','node/%/feed','','node_page_title','a:1:{i:0;i:1;}','4','','','','0',''),('admin/settings/admin','','','user_access','a:1:{i:0;s:29:\"administer site configuration\";}','drupal_get_form','a:1:{i:0;s:27:\"system_admin_theme_settings\";}','7','3','','admin/settings/admin','Administration theme','t','','6','system_admin_theme_settings','Settings for how your administrative pages should look.','left','0','modules/system/system.admin.inc'),('node/add/community','','','node_access','a:2:{i:0;s:6:\"create\";i:1;s:9:\"community\";}','node_add','a:1:{i:0;i:2;}','7','3','','node/add/community','Community','check_plain','','6','','Create your community','','0','modules/node/node.pages.inc');
INSERT INTO `menu_router` VALUES ('node/add/community-project','','','node_access','a:2:{i:0;s:6:\"create\";i:1;s:17:\"community_project\";}','node_add','a:1:{i:0;i:2;}','7','3','','node/add/community-project','Community Project','check_plain','','6','','Create Community with Project','','0','modules/node/node.pages.inc'),('node/add/faq','','','node_access','a:2:{i:0;s:6:\"create\";i:1;s:3:\"faq\";}','node_add','a:1:{i:0;i:2;}','7','3','','node/add/faq','FAQ','check_plain','','6','','A frequently asked question and its answer.','','0','modules/node/node.pages.inc'),('node/add/news','','','node_access','a:2:{i:0;s:6:\"create\";i:1;s:4:\"news\";}','node_add','a:1:{i:0;i:2;}','7','3','','node/add/news','News','check_plain','','6','','Create news content','','0','modules/node/node.pages.inc'),('node/add/page','','','node_access','a:2:{i:0;s:6:\"create\";i:1;s:4:\"page\";}','node_add','a:1:{i:0;i:2;}','7','3','','node/add/page','Page','check_plain','','6','','A <em>page</em>, similar in form to a <em>story</em>, is a simple method for creating and displaying information that rarely changes, such as an \"About us\" section of a website. By default, a <em>page</em> entry does not allow visitor comments and is not featured on the site\'s initial home page.','','0','modules/node/node.pages.inc'),('node/add/profile','','','node_access','a:2:{i:0;s:6:\"create\";i:1;s:7:\"profile\";}','node_add','a:1:{i:0;i:2;}','7','3','','node/add/profile','Profile','check_plain','','6','','A user profile built as content.','','0','modules/node/node.pages.inc'),('node/add/project','','','node_access','a:2:{i:0;s:6:\"create\";i:1;s:7:\"project\";}','node_add','a:1:{i:0;i:2;}','7','3','','node/add/project','Project','check_plain','','6','','Create your project','','0','modules/node/node.pages.inc'),('node/add/project-code','','','node_access','a:2:{i:0;s:6:\"create\";i:1;s:12:\"project_code\";}','node_add','a:1:{i:0;i:2;}','7','3','','node/add/project-code','Project with Code','check_plain','','6','','','','0','modules/node/node.pages.inc'),('node/add/story','','','node_access','a:2:{i:0;s:6:\"create\";i:1;s:5:\"story\";}','node_add','a:1:{i:0;i:2;}','7','3','','node/add/story','Story','check_plain','','6','','A <em>story</em>, similar in form to a <em>page</em>, is ideal for creating and displaying content that informs or engages website visitors. Press releases, site announcements, and informal blog-like entries may all be created with a <em>story</em> entry. By default, a <em>story</em> entry is automatically featured on the site\'s initial home page, and provides the ability to post comments.','','0','modules/node/node.pages.inc');
INSERT INTO `menu_router` VALUES ('search/node/%','a:1:{i:2;N;}','a:1:{i:2;s:16:\"menu_tail_to_arg\";}','_search_menu','a:1:{i:0;s:4:\"node\";}','search_view','a:1:{i:0;s:4:\"node\";}','6','3','search','search','','module_invoke','a:4:{i:0;s:4:\"node\";i:1;s:6:\"search\";i:2;s:4:\"name\";i:3;b:1;}','128','','','','0','modules/search/search.pages.inc'),('search/user/%','a:1:{i:2;N;}','a:1:{i:2;s:16:\"menu_tail_to_arg\";}','_search_menu','a:1:{i:0;s:4:\"user\";}','search_view','a:1:{i:0;s:4:\"user\";}','6','3','search','search','','module_invoke','a:4:{i:0;s:4:\"user\";i:1;s:6:\"search\";i:2;s:4:\"name\";i:3;b:1;}','128','','','','0','modules/search/search.pages.inc'),('admin/content/taxonomy/list','','','user_access','a:1:{i:0;s:19:\"administer taxonomy\";}','drupal_get_form','a:1:{i:0;s:30:\"taxonomy_overview_vocabularies\";}','15','4','admin/content/taxonomy','admin/content/taxonomy','List','t','','136','','','','-10','modules/taxonomy/taxonomy.admin.inc'),('admin/user/rules/list','','','user_access','a:1:{i:0;s:22:\"administer permissions\";}','user_admin_access','a:0:{}','15','4','admin/user/rules','admin/user/rules','List','t','','136','','','','-10','modules/user/user.admin.inc'),('admin/user/user/list','','','user_access','a:1:{i:0;s:16:\"administer users\";}','user_admin','a:1:{i:0;s:4:\"list\";}','15','4','admin/user/user','admin/user/user','List','t','','136','','','','-10','modules/user/user.admin.inc'),('admin/build/activity/list','','','user_access','a:1:{i:0;s:19:\"administer activity\";}','drupal_get_form','a:1:{i:0;s:13:\"activity_form\";}','15','4','admin/build/activity','admin/build/activity','List','t','','136','','','','0','sites/all/modules/activity/activity.admin.inc'),('admin/build/block/list','','','user_access','a:1:{i:0;s:17:\"administer blocks\";}','block_admin_display','a:0:{}','15','4','admin/build/block','admin/build/block','List','t','','136','','','','-10','modules/block/block.admin.inc'),('admin/content/node/overview','','','user_access','a:1:{i:0;s:16:\"administer nodes\";}','drupal_get_form','a:1:{i:0;s:18:\"node_admin_content\";}','15','4','admin/content/node','admin/content/node','List','t','','136','','','','-10','modules/node/node.admin.inc');
INSERT INTO `menu_router` VALUES ('admin/content/types/list','','','user_access','a:1:{i:0;s:24:\"administer content types\";}','content_types_overview','a:0:{}','15','4','admin/content/types','admin/content/types','List','t','','136','','','','-10','sites/all/modules/cck/includes/content.admin.inc'),('admin/build/path/list','','','user_access','a:1:{i:0;s:22:\"administer url aliases\";}','path_admin_overview','a:0:{}','15','4','admin/build/path','admin/build/path','List','t','','136','','','','-10','modules/path/path.admin.inc'),('admin/settings/filters/list','','','user_access','a:1:{i:0;s:18:\"administer filters\";}','drupal_get_form','a:1:{i:0;s:21:\"filter_admin_overview\";}','15','4','admin/settings/filters','admin/settings/filters','List','t','','136','','','','0','modules/filter/filter.admin.inc'),('admin/build/modules/list','','','user_access','a:1:{i:0;s:29:\"administer site configuration\";}','drupal_get_form','a:1:{i:0;s:14:\"system_modules\";}','15','4','admin/build/modules','admin/build/modules','List','t','','136','','','','0','modules/system/system.admin.inc'),('user/%/notifications/overview','a:1:{i:1;s:9:\"user_load\";}','','notifications_access_user','a:1:{i:0;i:1;}','drupal_get_form','a:2:{i:0;s:27:\"notifications_user_overview\";i:1;i:1;}','11','4','user/%/notifications','user/%','Overview','t','','136','','','','-10','sites/all/modules/notifications/notifications.pages.inc'),('admin/content/comment/new','','','user_access','a:1:{i:0;s:19:\"administer comments\";}','comment_admin','a:0:{}','15','4','admin/content/comment','admin/content/comment','Published comments','t','','136','','','','-10','modules/comment/comment.admin.inc'),('admin/settings/activity/settings','','','user_access','a:1:{i:0;s:19:\"administer activity\";}','drupal_get_form','a:1:{i:0;s:22:\"activity_settings_form\";}','15','4','admin/settings/activity','admin/settings/activity','Settings','t','','136','','','','0','sites/all/modules/activity/activity.admin.inc'),('user/%/edit/account','a:1:{i:1;a:1:{s:18:\"user_category_load\";a:2:{i:0;s:4:\"%map\";i:1;s:6:\"%index\";}}}','','user_edit_access','a:1:{i:0;i:1;}','user_edit','a:1:{i:0;i:1;}','11','4','user/%/edit','user/%','Account','t','','136','','','','0','modules/user/user.pages.inc');
INSERT INTO `menu_router` VALUES ('admin/messaging/notifications/settings','','','user_access','a:1:{i:0;s:29:\"administer site configuration\";}','drupal_get_form','a:1:{i:0;s:27:\"notifications_settings_form\";}','15','4','admin/messaging/notifications','admin/messaging/notifications','General','t','','136','','','','-10','sites/all/modules/notifications/notifications.admin.inc'),('admin/build/themes/select','','','user_access','a:1:{i:0;s:29:\"administer site configuration\";}','drupal_get_form','a:2:{i:0;s:18:\"system_themes_form\";i:1;N;}','15','4','admin/build/themes','admin/build/themes','List','t','','136','','Select the default theme.','','-1','modules/system/system.admin.inc'),('admin/build/menu/list','','','user_access','a:1:{i:0;s:15:\"administer menu\";}','menu_overview_page','a:0:{}','15','4','admin/build/menu','admin/build/menu','List menus','t','','136','','','','-10','modules/menu/menu.admin.inc'),('admin/messaging/settings/overview','','','user_access','a:1:{i:0;s:20:\"administer messaging\";}','drupal_get_form','a:1:{i:0;s:24:\"messaging_admin_settings\";}','15','4','admin/messaging/settings','admin/messaging/settings','Messaging','t','','136','','Configuration of sending methods','','-10','sites/all/modules/messaging/messaging.admin.inc'),('admin/build/themes/settings','','','user_access','a:1:{i:0;s:29:\"administer site configuration\";}','drupal_get_form','a:1:{i:0;s:21:\"system_theme_settings\";}','15','4','admin/build/themes','admin/build/themes','Configure','t','','128','','','','0','modules/system/system.admin.inc'),('admin/build/contact/list','','','user_access','a:1:{i:0;s:33:\"administer site-wide contact form\";}','contact_admin_categories','a:0:{}','15','4','admin/build/contact','admin/build/contact','List','t','','136','','','','0','modules/contact/contact.admin.inc'),('admin/settings/actions/manage','','','user_access','a:1:{i:0;s:18:\"administer actions\";}','system_actions_manage','a:0:{}','15','4','admin/settings/actions','admin/settings/actions','Manage actions','t','','136','','Manage the actions defined for your site.','','-2','');
INSERT INTO `menu_router` VALUES ('admin/messaging/subscriptions/overview','','','user_access','a:1:{i:0;s:24:\"administer notifications\";}','notifications_admin_status_page','a:0:{}','15','4','admin/messaging/subscriptions','admin/messaging/subscriptions','Overview','t','','136','','Subscriptions overview.','','-10','sites/all/modules/notifications/notifications.admin.inc'),('admin/settings/actions/orphan','','','user_access','a:1:{i:0;s:18:\"administer actions\";}','system_actions_remove_orphans','a:0:{}','15','4','','admin/settings/actions/orphan','Remove orphans','t','','4','','','','0',''),('admin/build/modules/uninstall','','','user_access','a:1:{i:0;s:29:\"administer site configuration\";}','drupal_get_form','a:1:{i:0;s:24:\"system_modules_uninstall\";}','15','4','admin/build/modules','admin/build/modules','Uninstall','t','','128','','','','0','modules/system/system.admin.inc'),('admin/build/path/add','','','user_access','a:1:{i:0;s:22:\"administer url aliases\";}','path_admin_edit','a:0:{}','15','4','admin/build/path','admin/build/path','Add alias','t','','128','','','','0','modules/path/path.admin.inc'),('admin/user/user/create','','','user_access','a:1:{i:0;s:16:\"administer users\";}','user_admin','a:1:{i:0;s:6:\"create\";}','15','4','admin/user/user','admin/user/user','Add user','t','','128','','','','0','modules/user/user.admin.inc'),('project/unsubscribe/%/%','a:2:{i:2;s:9:\"node_load\";i:3;s:9:\"user_load\";}','','user_access','a:1:{i:0;s:14:\"access content\";}','drupal_get_form','a:3:{i:0;s:30:\"og_project_confirm_unsubscribe\";i:1;i:2;i:2;i:3;}','12','4','','project/unsubscribe/%/%','Leave group','t','','4','','','','0',''),('admin/settings/filters/add','','','user_access','a:1:{i:0;s:18:\"administer filters\";}','filter_admin_format_page','a:0:{}','15','4','admin/settings/filters','admin/settings/filters','Add input format','t','','128','','','','1','modules/filter/filter.admin.inc'),('admin/settings/imce/profile','','','user_access','a:1:{i:0;s:28:\"administer imce(execute PHP)\";}','imce_profile_operations','a:0:{}','15','4','','admin/settings/imce/profile','Add new profile','t','','4','','','','0','sites/all/modules/imce/inc/imce.admin.inc');
INSERT INTO `menu_router` VALUES ('admin/user/rules/add','','','user_access','a:1:{i:0;s:22:\"administer permissions\";}','user_admin_access_add','a:0:{}','15','4','admin/user/rules','admin/user/rules','Add rule','t','','128','','','','0','modules/user/user.admin.inc'),('project/create_admin/%/%','a:2:{i:2;s:9:\"node_load\";i:3;s:9:\"user_load\";}','','user_access','a:1:{i:0;s:14:\"access content\";}','drupal_get_form','a:3:{i:0;s:31:\"og_project_create_admin_confirm\";i:1;i:2;i:2;i:3;}','12','4','','project/create_admin/%/%','Project Admin Create','t','','4','','','','0',''),('admin/content/comment/approval','','','user_access','a:1:{i:0;s:19:\"administer comments\";}','comment_admin','a:1:{i:0;s:8:\"approval\";}','15','4','admin/content/comment','admin/content/comment','Approval queue','t','','128','','','','0','modules/comment/comment.admin.inc'),('og_search/user/%/autocomplete','a:1:{i:2;s:9:\"node_load\";}','','user_access','a:1:{i:0;s:14:\"access content\";}','grant_project_user_autocomplete','a:1:{i:0;i:2;}','13','4','','og_search/user/%/autocomplete','','t','','4','','','','4',''),('admin/user/rules/check','','','user_access','a:1:{i:0;s:22:\"administer permissions\";}','user_admin_access_check','a:0:{}','15','4','admin/user/rules','admin/user/rules','Check rules','t','','128','','','','0','modules/user/user.admin.inc'),('admin/settings/clean-urls/check','','','1','a:0:{}','drupal_json','a:1:{i:0;a:1:{s:6:\"status\";b:1;}}','15','4','','admin/settings/clean-urls/check','Clean URL check','t','','4','','','','0',''),('admin/settings/actions/configure','','','user_access','a:1:{i:0;s:18:\"administer actions\";}','drupal_get_form','a:1:{i:0;s:24:\"system_actions_configure\";}','15','4','','admin/settings/actions/configure','Configure an advanced action','t','','4','','','','0',''),('admin/settings/date-time/lookup','','','user_access','a:1:{i:0;s:29:\"administer site configuration\";}','system_date_time_lookup','a:0:{}','15','4','','admin/settings/date-time/lookup','Date and time lookup','t','','4','','','','0','modules/system/system.admin.inc');
INSERT INTO `menu_router` VALUES ('admin/content/backup_migrate/destination','','','user_access','a:1:{i:0;s:29:\"administer backup and migrate\";}','backup_migrate_menu_callback','a:3:{i:0;s:4:\"crud\";i:1;s:27:\"backup_migrate_crud_ui_list\";i:2;b:1;}','15','4','admin/content/backup_migrate','admin/content/backup_migrate','Destinations','t','','128','','','','2',''),('admin/build/path/edit','','','user_access','a:1:{i:0;s:22:\"administer url aliases\";}','path_admin_edit','a:0:{}','15','4','','admin/build/path/edit','Edit alias','t','','4','','','','0','modules/path/path.admin.inc'),('admin/user/roles/edit','','','user_access','a:1:{i:0;s:22:\"administer permissions\";}','drupal_get_form','a:1:{i:0;s:15:\"user_admin_role\";}','15','4','','admin/user/roles/edit','Edit role','t','','4','','','','0','modules/user/user.admin.inc'),('admin/user/rules/edit','','','user_access','a:1:{i:0;s:22:\"administer permissions\";}','user_admin_access_edit','a:0:{}','15','4','','admin/user/rules/edit','Edit rule','t','','4','','','','0','modules/user/user.admin.inc'),('admin/content/types/export','','','user_access','a:1:{i:0;s:24:\"administer content types\";}','drupal_get_form','a:1:{i:0;s:24:\"content_copy_export_form\";}','15','4','admin/content/types','admin/content/types','Export','t','','128','','','','3',''),('admin/content/types/fields','','','user_access','a:1:{i:0;s:24:\"administer content types\";}','content_fields_list','a:0:{}','15','4','admin/content/types','admin/content/types','Fields','t','','128','','','','0','sites/all/modules/cck/includes/content.admin.inc'),('admin/content/types/import','','','user_access','a:1:{i:0;s:24:\"administer content types\";}','drupal_get_form','a:1:{i:0;s:24:\"content_copy_import_form\";}','15','4','admin/content/types','admin/content/types','Import','t','','128','','','','4',''),('admin/reports/updates/list','','','user_access','a:1:{i:0;s:29:\"administer site configuration\";}','update_status','a:0:{}','15','4','admin/reports/updates','admin/reports/updates','List','t','','136','','','','0','modules/update/update.report.inc');
INSERT INTO `menu_router` VALUES ('project/delete_admin/%/%','a:2:{i:2;s:9:\"node_load\";i:3;s:9:\"user_load\";}','','user_access','a:1:{i:0;s:14:\"access content\";}','drupal_get_form','a:3:{i:0;s:31:\"og_project_remove_admin_confirm\";i:1;i:2;i:2;i:3;}','12','4','','project/delete_admin/%/%','Project Admin Remove','t','','4','','','','0',''),('og_project/user/%/autocomplete','a:1:{i:2;s:9:\"node_load\";}','','user_access','a:1:{i:0;s:14:\"access content\";}','og_project_user_autocomplete','a:1:{i:0;i:2;}','13','4','','og_project/user/%/autocomplete','','t','','4','','','','4',''),('admin/reports/updates/check','','','user_access','a:1:{i:0;s:29:\"administer site configuration\";}','update_manual_status','a:0:{}','15','4','','admin/reports/updates/check','Manual update check','t','','4','','','','0','modules/update/update.fetch.inc'),('admin/messaging/template/edit','','','user_access','a:1:{i:0;s:20:\"administer messaging\";}','messaging_admin_template_edit','a:0:{}','15','4','','admin/messaging/template/edit','Message templates','t','','4','','','','0','sites/all/modules/messaging/messaging.admin.inc'),('notifications/autocomplete/node/title','','','user_access','a:1:{i:0;s:14:\"access content\";}','notifications_node_autocomplete_title','a:0:{}','15','4','','notifications/autocomplete/node/title','Node title autocomplete','t','','4','','','','0','sites/all/modules/notifications/notifications.node.inc'),('notifications/autocomplete/node/type','','','user_access','a:1:{i:0;s:14:\"access content\";}','notifications_node_autocomplete_type','a:0:{}','15','4','','notifications/autocomplete/node/type','Node title autocomplete','t','','4','','','','0','sites/all/modules/notifications/notifications.node.inc'),('admin/reports/status/php','','','user_access','a:1:{i:0;s:29:\"administer site configuration\";}','system_php','a:0:{}','15','4','','admin/reports/status/php','PHP','t','','4','','','','0','modules/system/system.admin.inc'),('admin/settings/rpx/profile','','','user_access','a:1:{i:0;s:29:\"administer site configuration\";}','rpx_profile_settings','a:0:{}','15','4','admin/settings/rpx','admin/settings/rpx','Profile Fields','t','','128','','','','-8','sites/all/modules/rpx/rpx.admin.inc');
INSERT INTO `menu_router` VALUES ('admin/content/backup_migrate/profile','','','user_access','a:1:{i:0;s:29:\"administer backup and migrate\";}','backup_migrate_menu_callback','a:3:{i:0;s:4:\"crud\";i:1;s:27:\"backup_migrate_crud_ui_list\";i:2;b:1;}','15','4','admin/content/backup_migrate','admin/content/backup_migrate','Profiles','t','','128','','','','2',''),('admin/content/node-settings/rebuild','','','user_access','a:1:{i:0;s:27:\"access administration pages\";}','drupal_get_form','a:1:{i:0;s:30:\"node_configure_rebuild_confirm\";}','15','4','','admin/content/node-settings/rebuild','Rebuild permissions','t','','4','','','','0','modules/node/node.admin.inc'),('admin/reports/status/run-cron','','','user_access','a:1:{i:0;s:29:\"administer site configuration\";}','system_run_cron','a:0:{}','15','4','','admin/reports/status/run-cron','Run cron','t','','4','','','','0','modules/system/system.admin.inc'),('admin/reports/status/sql','','','user_access','a:1:{i:0;s:29:\"administer site configuration\";}','system_sql','a:0:{}','15','4','','admin/reports/status/sql','SQL','t','','4','','','','0','modules/system/system.admin.inc'),('admin/content/backup_migrate/schedule','','','user_access','a:1:{i:0;s:29:\"administer backup and migrate\";}','backup_migrate_menu_callback','a:3:{i:0;s:4:\"crud\";i:1;s:27:\"backup_migrate_crud_ui_list\";i:2;b:1;}','15','4','admin/content/backup_migrate','admin/content/backup_migrate','Schedules','t','','128','','','','2',''),('admin/settings/rpx/settings','','','user_access','a:1:{i:0;s:29:\"administer site configuration\";}','rpx_admin_settings','a:0:{}','15','4','admin/settings/rpx','admin/settings/rpx','Settings','t','','136','','','','-10','sites/all/modules/rpx/rpx.admin.inc'),('admin/build/block/add','','','user_access','a:1:{i:0;s:17:\"administer blocks\";}','drupal_get_form','a:1:{i:0;s:20:\"block_add_block_form\";}','15','4','admin/build/block','admin/build/block','Add block','t','','128','','','','0','modules/block/block.admin.inc'),('admin/build/contact/add','','','user_access','a:1:{i:0;s:33:\"administer site-wide contact form\";}','drupal_get_form','a:2:{i:0;s:18:\"contact_admin_edit\";i:1;i:3;}','15','4','admin/build/contact','admin/build/contact','Add category','t','','128','','','','1','modules/contact/contact.admin.inc');
INSERT INTO `menu_router` VALUES ('admin/content/types/add','','','user_access','a:1:{i:0;s:24:\"administer content types\";}','drupal_get_form','a:1:{i:0;s:14:\"node_type_form\";}','15','4','admin/content/types','admin/content/types','Add content type','t','','128','','','','0','modules/node/content_types.inc'),('node/%/settings/addmember','a:1:{i:1;s:9:\"node_load\";}','','og_project_roles_access','a:2:{i:0;s:5:\"grant\";i:1;i:1;}','drupal_get_form','a:2:{i:0;s:23:\"og_project_create_users\";i:1;i:1;}','11','4','node/%/settings','node/%','Add members','t','','128','','','','7',''),('admin/build/menu/add','','','user_access','a:1:{i:0;s:15:\"administer menu\";}','drupal_get_form','a:2:{i:0;s:14:\"menu_edit_menu\";i:1;s:3:\"add\";}','15','4','admin/build/menu','admin/build/menu','Add menu','t','','128','','','','0','modules/menu/menu.admin.inc'),('admin/build/path/pathauto','','','user_access','a:1:{i:0;s:19:\"administer pathauto\";}','drupal_get_form','a:1:{i:0;s:23:\"pathauto_admin_settings\";}','15','4','admin/build/path','admin/build/path','Automated alias settings','t','','128','','','','10','sites/all/modules/pathauto/pathauto.admin.inc'),('admin/content/backup_migrate/export','','','user_access','a:1:{i:0;s:25:\"access backup and migrate\";}','backup_migrate_menu_callback','a:3:{i:0;s:0:\"\";i:1;s:37:\"backup_migrate_ui_manual_backup_quick\";i:2;b:1;}','15','4','admin/content/backup_migrate','admin/content/backup_migrate','Backup','t','','136','','Backup the database.','','0',''),('admin/settings/search/wipe','','','user_access','a:1:{i:0;s:17:\"administer search\";}','drupal_get_form','a:1:{i:0;s:19:\"search_wipe_confirm\";}','15','4','','admin/settings/search/wipe','Clear index','t','','4','','','','0','modules/search/search.admin.inc'),('admin/content/node-type/community','','','user_access','a:1:{i:0;s:24:\"administer content types\";}','drupal_get_form','a:2:{i:0;s:14:\"node_type_form\";i:1;O:8:\"stdClass\":14:{s:4:\"type\";s:9:\"community\";s:4:\"name\";s:9:\"Community\";s:6:\"module\";s:4:\"node\";s:11:\"description\";s:21:\"Create your community\";s:4:\"help\";s:0:\"\";s:9:\"has_title\";s:1:\"1\";s:11:\"title_label\";s:13:\"Language Name\";s:8:\"has_body\";s:1:\"0\";s:10:\"body_label\";s:0:\"\";s:14:\"min_word_count\";s:1:\"0\";s:6:\"custom\";s:1:\"1\";s:8:\"modified\";s:1:\"1\";s:6:\"locked\";s:1:\"0\";s:9:\"orig_type\";s:0:\"\";}}','15','4','','admin/content/node-type/community','Community','t','','4','','','','0','modules/node/content_types.inc');
INSERT INTO `menu_router` VALUES ('admin/content/node-type/community-project','','','user_access','a:1:{i:0;s:24:\"administer content types\";}','drupal_get_form','a:2:{i:0;s:14:\"node_type_form\";i:1;O:8:\"stdClass\":14:{s:4:\"type\";s:17:\"community_project\";s:4:\"name\";s:17:\"Community Project\";s:6:\"module\";s:4:\"node\";s:11:\"description\";s:29:\"Create Community with Project\";s:4:\"help\";s:0:\"\";s:9:\"has_title\";s:1:\"1\";s:11:\"title_label\";s:13:\"Language Name\";s:8:\"has_body\";s:1:\"0\";s:10:\"body_label\";s:0:\"\";s:14:\"min_word_count\";s:1:\"0\";s:6:\"custom\";s:1:\"1\";s:8:\"modified\";s:1:\"1\";s:6:\"locked\";s:1:\"0\";s:9:\"orig_type\";s:0:\"\";}}','15','4','','admin/content/node-type/community-project','Community Project','t','','4','','','','0','modules/node/content_types.inc'),('admin/build/block/configure','','','user_access','a:1:{i:0;s:17:\"administer blocks\";}','drupal_get_form','a:1:{i:0;s:21:\"block_admin_configure\";}','15','4','','admin/build/block/configure','Configure block','t','','4','','','','0','modules/block/block.admin.inc'),('node/%/settings/grant','a:1:{i:1;s:9:\"node_load\";}','','nodeaccess_access','a:2:{i:0;s:5:\"grant\";i:1;i:1;}','nodeaccess_grants','a:1:{i:0;i:1;}','11','4','node/%/settings','node/%','Configure role','t','','128','','','','6',''),('admin/build/views/add','','','user_access','a:1:{i:0;s:16:\"administer views\";}','views_ui_add_page','a:0:{}','15','4','admin/build/views','admin/build/views','Add','t','','128','','','','0','sites/all/modules/views/includes/admin.inc'),('admin/messaging/notifications/content','','','user_access','a:1:{i:0;s:29:\"administer site configuration\";}','drupal_get_form','a:1:{i:0;s:35:\"notifications_content_settings_form\";}','15','4','admin/messaging/notifications','admin/messaging/notifications','Content subscriptions','t','','128','','','','0','sites/all/modules/notifications/notifications_content/notifications_content.pages.inc'),('admin/build/trigger/cron','','','user_access','a:1:{i:0;s:18:\"administer actions\";}','trigger_assign','a:1:{i:0;s:4:\"cron\";}','15','4','admin/build/trigger','admin/build/trigger','Cron','t','','128','','','','0','modules/trigger/trigger.admin.inc');
INSERT INTO `menu_router` VALUES ('user/%/rpx/delete','a:1:{i:1;s:9:\"user_load\";}','','user_edit_access','a:1:{i:0;i:1;}','drupal_get_form','a:2:{i:0;s:20:\"rpx_user_delete_form\";i:1;i:1;}','11','4','','user/%/rpx/delete','Delete Identifier','t','','4','','','','0',''),('admin/build/path/delete','','','user_access','a:1:{i:0;s:22:\"administer url aliases\";}','drupal_get_form','a:1:{i:0;s:25:\"path_admin_delete_confirm\";}','15','4','','admin/build/path/delete','Delete alias','t','','4','','','','0','modules/path/path.admin.inc'),('admin/build/path/delete_bulk','','','user_access','a:1:{i:0;s:22:\"administer url aliases\";}','drupal_get_form','a:1:{i:0;s:21:\"pathauto_admin_delete\";}','15','4','admin/build/path','admin/build/path','Delete aliases','t','','128','','','','30','sites/all/modules/pathauto/pathauto.admin.inc'),('admin/build/block/delete','','','user_access','a:1:{i:0;s:17:\"administer blocks\";}','drupal_get_form','a:1:{i:0;s:16:\"block_box_delete\";}','15','4','','admin/build/block/delete','Delete block','t','','4','','','','0','modules/block/block.admin.inc'),('admin/settings/filters/delete','','','user_access','a:1:{i:0;s:18:\"administer filters\";}','drupal_get_form','a:1:{i:0;s:19:\"filter_admin_delete\";}','15','4','','admin/settings/filters/delete','Delete input format','t','','4','','','','0','modules/filter/filter.admin.inc'),('messages/delete/%/%','a:2:{i:2;s:22:\"privatemsg_thread_load\";i:3;s:23:\"privatemsg_message_load\";}','','privatemsg_user_access','a:1:{i:0;s:17:\"delete privatemsg\";}','drupal_get_form','a:3:{i:0;s:17:\"privatemsg_delete\";i:1;i:2;i:2;i:3;}','12','4','','messages/delete/%/%','Delete message','t','','4','','','','0',''),('admin/user/rules/delete','','','user_access','a:1:{i:0;s:22:\"administer permissions\";}','drupal_get_form','a:1:{i:0;s:32:\"user_admin_access_delete_confirm\";}','15','4','','admin/user/rules/delete','Delete rule','t','','4','','','','0','modules/user/user.admin.inc'),('admin/reports/event/%','a:1:{i:3;N;}','','user_access','a:1:{i:0;s:19:\"access site reports\";}','dblog_event','a:1:{i:0;i:3;}','14','4','','admin/reports/event/%','Details','t','','4','','','','0','modules/dblog/dblog.admin.inc');
INSERT INTO `menu_router` VALUES ('admin/settings/messages/notify','','','user_access','a:1:{i:0;s:30:\"administer privatemsg settings\";}','drupal_get_form','a:1:{i:0;s:35:\"pm_email_notify_admin_settings_form\";}','15','4','admin/settings/messages','admin/settings/messages','E-mail notify','t','','128','','E-mail notification settings','','10',''),('admin/messaging/notifications/events','','','user_access','a:1:{i:0;s:29:\"administer site configuration\";}','drupal_get_form','a:1:{i:0;s:31:\"notifications_admin_events_form\";}','15','4','admin/messaging/notifications','admin/messaging/notifications','Events','t','','128','','','','0','sites/all/modules/notifications/notifications.admin.inc'),('admin/content/node-type/faq','','','user_access','a:1:{i:0;s:24:\"administer content types\";}','drupal_get_form','a:2:{i:0;s:14:\"node_type_form\";i:1;O:8:\"stdClass\":14:{s:4:\"type\";s:3:\"faq\";s:4:\"name\";s:3:\"FAQ\";s:6:\"module\";s:3:\"faq\";s:11:\"description\";s:43:\"A frequently asked question and its answer.\";s:4:\"help\";s:0:\"\";s:9:\"has_title\";s:1:\"1\";s:11:\"title_label\";s:8:\"Question\";s:8:\"has_body\";s:1:\"1\";s:10:\"body_label\";s:6:\"Answer\";s:14:\"min_word_count\";s:1:\"0\";s:6:\"custom\";s:1:\"0\";s:8:\"modified\";s:1:\"1\";s:6:\"locked\";s:1:\"1\";s:9:\"orig_type\";s:3:\"faq\";}}','15','4','','admin/content/node-type/faq','FAQ','t','','4','','','','0','modules/node/content_types.inc'),('og/users/%/faces','a:1:{i:2;s:9:\"node_load\";}','','og_menu_access_picture','a:1:{i:0;i:2;}','og_views_users_faces','a:3:{i:0;s:16:\"og_members_faces\";i:1;s:7:\"default\";i:2;i:2;}','13','4','og/users/%','og/users/%','Faces','t','','128','','','','0',''),('admin/messaging/notifications/intervals','','','user_access','a:1:{i:0;s:29:\"administer site configuration\";}','drupal_get_form','a:1:{i:0;s:33:\"notifications_send_intervals_form\";}','15','4','admin/messaging/notifications','admin/messaging/notifications','Intervals','t','','128','','','','0','sites/all/modules/notifications/notifications.admin.inc');
INSERT INTO `menu_router` VALUES ('admin/content/taxonomy/%','a:1:{i:3;s:24:\"taxonomy_vocabulary_load\";}','','user_access','a:1:{i:0;s:19:\"administer taxonomy\";}','drupal_get_form','a:2:{i:0;s:23:\"taxonomy_overview_terms\";i:1;i:3;}','14','4','','admin/content/taxonomy/%','List terms','t','','4','','','','0','modules/taxonomy/taxonomy.admin.inc'),('node/%/settings/member','a:1:{i:1;s:9:\"node_load\";}','','og_project_roles_access','a:2:{i:0;s:5:\"grant\";i:1;i:1;}','og_project_memberlist_page','a:1:{i:0;i:1;}','11','4','node/%/settings','node/%','Member list','t','','136','','','','5',''),('node/%/settings/newmember','a:1:{i:1;s:9:\"node_load\";}','','og_project_roles_access','a:2:{i:0;s:5:\"grant\";i:1;i:1;}','og_project_new_member_page','a:1:{i:0;i:1;}','11','4','node/%/settings','node/%','New member','t','','128','','','','6',''),('admin/build/views/list','','','user_access','a:1:{i:0;s:16:\"administer views\";}','views_ui_list_views','a:0:{}','15','4','admin/build/views','admin/build/views','List','t','','136','','','','-1','sites/all/modules/views/includes/admin.inc'),('admin/content/node-type/news','','','user_access','a:1:{i:0;s:24:\"administer content types\";}','drupal_get_form','a:2:{i:0;s:14:\"node_type_form\";i:1;O:8:\"stdClass\":14:{s:4:\"type\";s:4:\"news\";s:4:\"name\";s:4:\"News\";s:6:\"module\";s:4:\"node\";s:11:\"description\";s:19:\"Create news content\";s:4:\"help\";s:0:\"\";s:9:\"has_title\";s:1:\"1\";s:11:\"title_label\";s:5:\"Title\";s:8:\"has_body\";s:1:\"1\";s:10:\"body_label\";s:4:\"Body\";s:14:\"min_word_count\";s:1:\"0\";s:6:\"custom\";s:1:\"1\";s:8:\"modified\";s:1:\"1\";s:6:\"locked\";s:1:\"0\";s:9:\"orig_type\";s:0:\"\";}}','15','4','','admin/content/node-type/news','News','t','','4','','','','0','modules/node/content_types.inc'),('admin/content/node-type/page','','','user_access','a:1:{i:0;s:24:\"administer content types\";}','drupal_get_form','a:2:{i:0;s:14:\"node_type_form\";i:1;O:8:\"stdClass\":14:{s:4:\"type\";s:4:\"page\";s:4:\"name\";s:4:\"Page\";s:6:\"module\";s:4:\"node\";s:11:\"description\";s:296:\"A <em>page</em>, similar in form to a <em>story</em>, is a simple method for creating and displaying information that rarely changes, such as an \"About us\" section of a website. By default, a <em>page</em> entry does not allow visitor comments and is not featured on the site\'s initial home page.\";s:4:\"help\";s:0:\"\";s:9:\"has_title\";s:1:\"1\";s:11:\"title_label\";s:5:\"Title\";s:8:\"has_body\";s:1:\"1\";s:10:\"body_label\";s:4:\"Body\";s:14:\"min_word_count\";s:1:\"0\";s:6:\"custom\";s:1:\"1\";s:8:\"modified\";s:1:\"1\";s:6:\"locked\";s:1:\"0\";s:9:\"orig_type\";s:4:\"page\";}}','15','4','','admin/content/node-type/page','Page','t','','4','','','','0','modules/node/content_types.inc');
INSERT INTO `menu_router` VALUES ('admin/settings/messages/default','','','user_access','a:1:{i:0;s:30:\"administer privatemsg settings\";}','drupal_get_form','a:1:{i:0;s:24:\"private_message_settings\";}','15','4','admin/settings/messages','admin/settings/messages','Private messages','t','','136','','Configure private messaging settings.','','-10',''),('admin/content/node-type/profile','','','user_access','a:1:{i:0;s:24:\"administer content types\";}','drupal_get_form','a:2:{i:0;s:14:\"node_type_form\";i:1;O:8:\"stdClass\":14:{s:4:\"type\";s:7:\"profile\";s:4:\"name\";s:7:\"Profile\";s:6:\"module\";s:4:\"node\";s:11:\"description\";s:32:\"A user profile built as content.\";s:4:\"help\";s:0:\"\";s:9:\"has_title\";s:1:\"1\";s:11:\"title_label\";s:5:\"Title\";s:8:\"has_body\";s:1:\"1\";s:10:\"body_label\";s:4:\"Body\";s:14:\"min_word_count\";s:1:\"0\";s:6:\"custom\";s:1:\"1\";s:8:\"modified\";s:1:\"0\";s:6:\"locked\";s:1:\"0\";s:9:\"orig_type\";s:7:\"profile\";}}','15','4','','admin/content/node-type/profile','Profile','t','','4','','','','0','modules/node/content_types.inc'),('admin/content/node-type/project','','','user_access','a:1:{i:0;s:24:\"administer content types\";}','drupal_get_form','a:2:{i:0;s:14:\"node_type_form\";i:1;O:8:\"stdClass\":14:{s:4:\"type\";s:7:\"project\";s:4:\"name\";s:7:\"Project\";s:6:\"module\";s:4:\"node\";s:11:\"description\";s:19:\"Create your project\";s:4:\"help\";s:0:\"\";s:9:\"has_title\";s:1:\"1\";s:11:\"title_label\";s:12:\"Project Name\";s:8:\"has_body\";s:1:\"0\";s:10:\"body_label\";s:0:\"\";s:14:\"min_word_count\";s:1:\"0\";s:6:\"custom\";s:1:\"1\";s:8:\"modified\";s:1:\"1\";s:6:\"locked\";s:1:\"0\";s:9:\"orig_type\";s:0:\"\";}}','15','4','','admin/content/node-type/project','Project','t','','4','','','','0','modules/node/content_types.inc'),('admin/content/node-type/project-code','','','user_access','a:1:{i:0;s:24:\"administer content types\";}','drupal_get_form','a:2:{i:0;s:14:\"node_type_form\";i:1;O:8:\"stdClass\":14:{s:4:\"type\";s:12:\"project_code\";s:4:\"name\";s:17:\"Project with Code\";s:6:\"module\";s:4:\"node\";s:11:\"description\";s:0:\"\";s:4:\"help\";s:0:\"\";s:9:\"has_title\";s:1:\"1\";s:11:\"title_label\";s:12:\"Project Name\";s:8:\"has_body\";s:1:\"0\";s:10:\"body_label\";s:0:\"\";s:14:\"min_word_count\";s:1:\"0\";s:6:\"custom\";s:1:\"1\";s:8:\"modified\";s:1:\"1\";s:6:\"locked\";s:1:\"0\";s:9:\"orig_type\";s:0:\"\";}}','15','4','','admin/content/node-type/project-code','Project with Code','t','','4','','','','0','modules/node/content_types.inc');
INSERT INTO `menu_router` VALUES ('admin/messaging/subscriptions/queue','','','user_access','a:1:{i:0;s:24:\"administer notifications\";}','notifications_admin_queue','a:0:{}','15','4','admin/messaging/subscriptions','admin/messaging/subscriptions','Queue','t','','128','','Notifications queue.','','0','sites/all/modules/notifications/notifications.admin.inc'),('admin/content/backup_migrate/restore','','','user_access','a:1:{i:0;s:19:\"restore from backup\";}','backup_migrate_menu_callback','a:3:{i:0;s:0:\"\";i:1;s:32:\"backup_migrate_ui_manual_restore\";i:2;b:1;}','15','4','admin/content/backup_migrate','admin/content/backup_migrate','Restore','t','','128','','Restore the database from a previous backup','','1',''),('admin/build/contact/settings','','','user_access','a:1:{i:0;s:33:\"administer site-wide contact form\";}','drupal_get_form','a:1:{i:0;s:22:\"contact_admin_settings\";}','15','4','admin/build/contact','admin/build/contact','Settings','t','','128','','','','2','modules/contact/contact.admin.inc'),('admin/build/menu/settings','','','user_access','a:1:{i:0;s:15:\"administer menu\";}','drupal_get_form','a:1:{i:0;s:14:\"menu_configure\";}','15','4','admin/build/menu','admin/build/menu','Settings','t','','128','','','','5','modules/menu/menu.admin.inc'),('user/%/notifications/author','a:1:{i:1;s:9:\"user_load\";}','','0','a:0:{}','notifications_content_page_author','a:0:{}','11','4','user/%/notifications','user/%','Author','t','','128','','','','10','sites/all/modules/notifications/notifications_content/notifications_content.pages.inc'),('admin/content/node-type/story','','','user_access','a:1:{i:0;s:24:\"administer content types\";}','drupal_get_form','a:2:{i:0;s:14:\"node_type_form\";i:1;O:8:\"stdClass\":14:{s:4:\"type\";s:5:\"story\";s:4:\"name\";s:5:\"Story\";s:6:\"module\";s:4:\"node\";s:11:\"description\";s:392:\"A <em>story</em>, similar in form to a <em>page</em>, is ideal for creating and displaying content that informs or engages website visitors. Press releases, site announcements, and informal blog-like entries may all be created with a <em>story</em> entry. By default, a <em>story</em> entry is automatically featured on the site\'s initial home page, and provides the ability to post comments.\";s:4:\"help\";s:0:\"\";s:9:\"has_title\";s:1:\"1\";s:11:\"title_label\";s:5:\"Title\";s:8:\"has_body\";s:1:\"1\";s:10:\"body_label\";s:4:\"Body\";s:14:\"min_word_count\";s:1:\"0\";s:6:\"custom\";s:1:\"1\";s:8:\"modified\";s:1:\"1\";s:6:\"locked\";s:1:\"0\";s:9:\"orig_type\";s:5:\"story\";}}','15','4','','admin/content/node-type/story','Story','t','','4','','','','0','modules/node/content_types.inc');
INSERT INTO `menu_router` VALUES ('user/%/notifications/nodetype','a:1:{i:1;s:9:\"user_load\";}','','0','a:0:{}','notifications_content_page_nodetype','a:1:{i:0;i:1;}','11','4','user/%/notifications','user/%','Content type','t','','128','','','','10','sites/all/modules/notifications/notifications_content/notifications_content.pages.inc'),('admin/reports/updates/settings','','','user_access','a:1:{i:0;s:29:\"administer site configuration\";}','drupal_get_form','a:1:{i:0;s:15:\"update_settings\";}','15','4','admin/reports/updates','admin/reports/updates','Settings','t','','128','','','','0','modules/update/update.settings.inc'),('admin/settings/ckeditor/addg','','','user_access','a:1:{i:0;s:19:\"administer ckeditor\";}','drupal_get_form','a:2:{i:0;s:34:\"ckeditor_admin_global_profile_form\";i:1;s:3:\"add\";}','15','4','','admin/settings/ckeditor/addg','Add CKEditor Global profile','t','','4','','Configure the rich text editor.','','0','sites/all/modules/ckeditor/includes/ckeditor.admin.inc'),('admin/settings/ckeditor/add','','','user_access','a:1:{i:0;s:19:\"administer ckeditor\";}','drupal_get_form','a:1:{i:0;s:27:\"ckeditor_admin_profile_form\";}','15','4','','admin/settings/ckeditor/add','Add new CKEditor profile','t','','4','','Configure the rich text editor.','','0','sites/all/modules/ckeditor/includes/ckeditor.admin.inc'),('admin/build/activity/create','','','user_access','a:1:{i:0;s:19:\"administer activity\";}','drupal_get_form','a:2:{i:0;s:13:\"activity_form\";i:1;i:3;}','15','4','admin/build/activity','admin/build/activity','Create','t','','128','','Modify how your activity messages will look','','2','sites/all/modules/activity/activity.admin.inc'),('admin/build/views1/convert','','','user_access','a:1:{i:0;s:16:\"administer views\";}','views_ui_convert1','a:1:{i:0;i:4;}','15','4','','admin/build/views1/convert','Convert view','t','','4','','','','0','sites/all/modules/views/includes/convert.inc'),('admin/build/views1/delete','','','user_access','a:1:{i:0;s:16:\"administer views\";}','drupal_get_form','a:2:{i:0;s:24:\"views_ui_delete1_confirm\";i:1;i:4;}','15','4','','admin/build/views1/delete','Delete view','t','','4','','','','0','sites/all/modules/views/includes/convert.inc');
INSERT INTO `menu_router` VALUES ('og/unsubscribe/%/%','a:2:{i:2;s:9:\"node_load\";i:3;s:9:\"user_load\";}','','og_menu_access_unsubscribe','a:2:{i:0;i:2;i:1;i:3;}','drupal_get_form','a:3:{i:0;s:22:\"og_confirm_unsubscribe\";i:1;i:2;i:2;i:3;}','12','4','','og/unsubscribe/%/%','Leave group','t','','4','','','','0','sites/all/modules/og/og.pages.inc'),('og/users/%/create_user','a:1:{i:2;s:9:\"node_load\";}','','og_is_group_admin','a:1:{i:0;i:2;}','drupal_get_form','a:2:{i:0;s:15:\"og_create_users\";i:1;i:2;}','13','4','og/users/%','og/users/%','Add members','t','','128','','','','6','sites/all/modules/og/og.pages.inc'),('og/create_admin/%/%','a:2:{i:2;s:9:\"node_load\";i:3;s:9:\"user_load\";}','','og_is_group_admin','a:1:{i:0;i:2;}','drupal_get_form','a:3:{i:0;s:23:\"og_create_admin_confirm\";i:1;i:2;i:2;i:3;}','12','4','','og/create_admin/%/%','Create group administrator','t','','4','','','','0','sites/all/modules/og/og.pages.inc'),('admin/messaging/subscriptions/admin','','','user_access','a:1:{i:0;s:24:\"administer notifications\";}','drupal_get_form','a:1:{i:0;s:40:\"notifications_manage_admin_subscriptions\";}','15','4','admin/messaging/subscriptions','admin/messaging/subscriptions','Administer','t','','128','','Administer subscriptions.','','0','sites/all/modules/notifications/notifications.manage.inc'),('admin/build/trigger/node','','','trigger_access_check','a:1:{i:0;s:4:\"node\";}','trigger_assign','a:1:{i:0;s:4:\"node\";}','15','4','admin/build/trigger','admin/build/trigger','Content','t','','128','','','','0','modules/trigger/trigger.admin.inc'),('admin/settings/logging/dblog','','','user_access','a:1:{i:0;s:29:\"administer site configuration\";}','drupal_get_form','a:1:{i:0;s:20:\"dblog_admin_settings\";}','15','4','','admin/settings/logging/dblog','Database logging','t','','6','','Settings for logging to the Drupal database logs. This is the most common method for small to medium sites on shared hosting. The logs are viewable from the admin pages.','','0','modules/dblog/dblog.admin.inc'),('og/delete_admin/%/%','a:2:{i:2;s:9:\"node_load\";i:3;s:9:\"user_load\";}','','og_is_group_admin','a:1:{i:0;i:2;}','drupal_get_form','a:3:{i:0;s:23:\"og_remove_admin_confirm\";i:1;i:2;i:2;i:3;}','12','4','','og/delete_admin/%/%','Delete group administrator','t','','4','','','','0','sites/all/modules/og/og.pages.inc');
INSERT INTO `menu_router` VALUES ('user/%/notifications/thread','a:1:{i:1;s:9:\"user_load\";}','','0','b:0;','notifications_content_page_thread','a:1:{i:0;i:1;}','11','4','user/%/notifications','user/%','Thread','t','','128','','','','10','sites/all/modules/notifications/notifications_content/notifications_content.pages.inc'),('og/users/%/add_user','a:1:{i:2;s:9:\"node_load\";}','','og_is_group_admin','a:1:{i:0;i:2;}','og_massadd_massadd','a:1:{i:0;i:2;}','13','4','og/users/%','og/users/%','New members','t','','128','','','','5','sites/all/modules/og/og.pages.inc'),('admin/build/trigger/comment','','','trigger_access_check','a:1:{i:0;s:7:\"comment\";}','trigger_assign','a:1:{i:0;s:7:\"comment\";}','15','4','admin/build/trigger','admin/build/trigger','Comments','t','','128','','','','0','modules/trigger/trigger.admin.inc'),('admin/settings/ckeditor/editg','','','user_access','a:1:{i:0;s:19:\"administer ckeditor\";}','drupal_get_form','a:2:{i:0;s:34:\"ckeditor_admin_global_profile_form\";i:1;s:4:\"edit\";}','15','4','','admin/settings/ckeditor/editg','Edit CKEditor Global profile','t','','4','','Configure the rich text editor.','','0','sites/all/modules/ckeditor/includes/ckeditor.admin.inc'),('admin/build/views/import','','','views_import_access','a:1:{i:0;s:16:\"administer views\";}','drupal_get_form','a:1:{i:0;s:20:\"views_ui_import_page\";}','15','4','admin/build/views','admin/build/views','Import','t','','128','','','','0','sites/all/modules/views/includes/admin.inc'),('user/%/notifications/subscriptions','a:1:{i:1;s:9:\"user_load\";}','','notifications_access_user','a:2:{i:0;i:1;i:1;s:6:\"manage\";}','drupal_get_form','a:2:{i:0;s:39:\"notifications_manage_user_subscriptions\";i:1;i:1;}','11','4','user/%/notifications','user/%','Subscriptions','t','','128','','','','0','sites/all/modules/notifications/notifications.manage.inc'),('admin/build/views/tools','','','user_access','a:1:{i:0;s:16:\"administer views\";}','drupal_get_form','a:1:{i:0;s:20:\"views_ui_admin_tools\";}','15','4','admin/build/views','admin/build/views','Tools','t','','128','','','','0','sites/all/modules/views/includes/admin.inc');
INSERT INTO `menu_router` VALUES ('og/users/%/list','a:1:{i:2;a:1:{s:14:\"views_arg_load\";a:3:{i:0;s:10:\"og_members\";i:1;s:4:\"page\";i:2;s:6:\"%index\";}}}','','views_access','a:1:{i:0;b:1;}','views_page','a:3:{i:0;s:10:\"og_members\";i:1;s:4:\"page\";i:2;i:2;}','13','4','og/users/%','og/users/%','List','t','','136','','','','0',''),('admin/build/trigger/og','','','trigger_access_check','a:1:{i:0;s:2:\"og\";}','trigger_assign','a:1:{i:0;s:2:\"og\";}','15','4','admin/build/trigger','admin/build/trigger','Organic groups','t','','128','','','','0','modules/trigger/trigger.admin.inc'),('admin/messaging/settings/method','','','user_access','a:1:{i:0;s:20:\"administer messaging\";}','drupal_get_form','a:1:{i:0;s:31:\"messaging_admin_method_settings\";}','15','4','admin/messaging/settings','admin/messaging/settings','Send methods','t','','128','','Configuration of sending methods','','-10','sites/all/modules/messaging/messaging.admin.inc'),('admin/build/trigger/taxonomy','','','trigger_access_check','a:1:{i:0;s:8:\"taxonomy\";}','trigger_assign','a:1:{i:0;s:8:\"taxonomy\";}','15','4','admin/build/trigger','admin/build/trigger','Taxonomy','t','','128','','','','0','modules/trigger/trigger.admin.inc'),('admin/build/trigger/unassign','','','user_access','a:1:{i:0;s:18:\"administer actions\";}','drupal_get_form','a:1:{i:0;s:16:\"trigger_unassign\";}','15','4','','admin/build/trigger/unassign','Unassign','t','','4','','Unassign an action from a trigger.','','0','modules/trigger/trigger.admin.inc'),('admin/build/trigger/user','','','trigger_access_check','a:1:{i:0;s:4:\"user\";}','trigger_assign','a:1:{i:0;s:4:\"user\";}','15','4','admin/build/trigger','admin/build/trigger','Users','t','','128','','','','0','modules/trigger/trigger.admin.inc'),('admin/settings/filters/%','a:1:{i:3;s:18:\"filter_format_load\";}','','user_access','a:1:{i:0;s:18:\"administer filters\";}','filter_admin_format_page','a:1:{i:0;i:3;}','14','4','','admin/settings/filters/%','','filter_admin_format_title','a:1:{i:0;i:3;}','4','','','','0','modules/filter/filter.admin.inc');
INSERT INTO `menu_router` VALUES ('user/%/activity/settings','a:1:{i:1;s:9:\"user_load\";}','','activity_account_settings_access','a:1:{i:0;i:1;}','drupal_get_form','a:2:{i:0;s:22:\"activity_user_settings\";i:1;i:1;}','11','4','user/%','user/%','Activity privacy settings','t','','128','','Modify your feed settings','','0','sites/all/modules/activity/activity.admin.inc'),('admin/settings/faq/categories','','','user_access','a:1:{i:0;s:14:\"administer faq\";}','drupal_get_form','a:1:{i:0;s:28:\"faq_categories_settings_form\";}','15','4','admin/settings/faq','admin/settings/faq','Categories','t','','128','','Allows the user to configure the layout of questions and answers using categories on a FAQ page.','','-8','sites/all/modules/faq/faq.admin.inc'),('admin/build/menu-customize/%','a:1:{i:3;s:9:\"menu_load\";}','','user_access','a:1:{i:0;s:15:\"administer menu\";}','drupal_get_form','a:2:{i:0;s:18:\"menu_overview_form\";i:1;i:3;}','14','4','','admin/build/menu-customize/%','Customize menu','menu_overview_title','a:1:{i:0;i:3;}','4','','','','0','modules/menu/menu.admin.inc'),('admin/settings/faq/general','','','user_access','a:1:{i:0;s:14:\"administer faq\";}','drupal_get_form','a:1:{i:0;s:25:\"faq_general_settings_form\";}','15','4','admin/settings/faq','admin/settings/faq','General','t','','136','','Allows the user to configure the header and descriptive text for the FAQ page.','','-10','sites/all/modules/faq/faq.admin.inc'),('admin/settings/faq/questions','','','user_access','a:1:{i:0;s:14:\"administer faq\";}','drupal_get_form','a:1:{i:0;s:27:\"faq_questions_settings_form\";}','15','4','admin/settings/faq','admin/settings/faq','Questions','t','','128','','Allows the user to configure the layout of questions and answers on a FAQ page.','','-9','sites/all/modules/faq/faq.admin.inc'),('admin/content/node-type/community/edit','','','user_access','a:1:{i:0;s:24:\"administer content types\";}','drupal_get_form','a:2:{i:0;s:14:\"node_type_form\";i:1;O:8:\"stdClass\":14:{s:4:\"type\";s:9:\"community\";s:4:\"name\";s:9:\"Community\";s:6:\"module\";s:4:\"node\";s:11:\"description\";s:21:\"Create your community\";s:4:\"help\";s:0:\"\";s:9:\"has_title\";s:1:\"1\";s:11:\"title_label\";s:13:\"Language Name\";s:8:\"has_body\";s:1:\"0\";s:10:\"body_label\";s:0:\"\";s:14:\"min_word_count\";s:1:\"0\";s:6:\"custom\";s:1:\"1\";s:8:\"modified\";s:1:\"1\";s:6:\"locked\";s:1:\"0\";s:9:\"orig_type\";s:0:\"\";}}','31','5','admin/content/node-type/community','admin/content/node-type/community','Edit','t','','136','','','','0','modules/node/content_types.inc');
INSERT INTO `menu_router` VALUES ('admin/content/node-type/community-project/edit','','','user_access','a:1:{i:0;s:24:\"administer content types\";}','drupal_get_form','a:2:{i:0;s:14:\"node_type_form\";i:1;O:8:\"stdClass\":14:{s:4:\"type\";s:17:\"community_project\";s:4:\"name\";s:17:\"Community Project\";s:6:\"module\";s:4:\"node\";s:11:\"description\";s:29:\"Create Community with Project\";s:4:\"help\";s:0:\"\";s:9:\"has_title\";s:1:\"1\";s:11:\"title_label\";s:13:\"Language Name\";s:8:\"has_body\";s:1:\"0\";s:10:\"body_label\";s:0:\"\";s:14:\"min_word_count\";s:1:\"0\";s:6:\"custom\";s:1:\"1\";s:8:\"modified\";s:1:\"1\";s:6:\"locked\";s:1:\"0\";s:9:\"orig_type\";s:0:\"\";}}','31','5','admin/content/node-type/community-project','admin/content/node-type/community-project','Edit','t','','136','','','','0','modules/node/content_types.inc'),('admin/content/node-type/faq/edit','','','user_access','a:1:{i:0;s:24:\"administer content types\";}','drupal_get_form','a:2:{i:0;s:14:\"node_type_form\";i:1;O:8:\"stdClass\":14:{s:4:\"type\";s:3:\"faq\";s:4:\"name\";s:3:\"FAQ\";s:6:\"module\";s:3:\"faq\";s:11:\"description\";s:43:\"A frequently asked question and its answer.\";s:4:\"help\";s:0:\"\";s:9:\"has_title\";s:1:\"1\";s:11:\"title_label\";s:8:\"Question\";s:8:\"has_body\";s:1:\"1\";s:10:\"body_label\";s:6:\"Answer\";s:14:\"min_word_count\";s:1:\"0\";s:6:\"custom\";s:1:\"0\";s:8:\"modified\";s:1:\"1\";s:6:\"locked\";s:1:\"1\";s:9:\"orig_type\";s:3:\"faq\";}}','31','5','admin/content/node-type/faq','admin/content/node-type/faq','Edit','t','','136','','','','0','modules/node/content_types.inc'),('admin/content/node-type/news/edit','','','user_access','a:1:{i:0;s:24:\"administer content types\";}','drupal_get_form','a:2:{i:0;s:14:\"node_type_form\";i:1;O:8:\"stdClass\":14:{s:4:\"type\";s:4:\"news\";s:4:\"name\";s:4:\"News\";s:6:\"module\";s:4:\"node\";s:11:\"description\";s:19:\"Create news content\";s:4:\"help\";s:0:\"\";s:9:\"has_title\";s:1:\"1\";s:11:\"title_label\";s:5:\"Title\";s:8:\"has_body\";s:1:\"1\";s:10:\"body_label\";s:4:\"Body\";s:14:\"min_word_count\";s:1:\"0\";s:6:\"custom\";s:1:\"1\";s:8:\"modified\";s:1:\"1\";s:6:\"locked\";s:1:\"0\";s:9:\"orig_type\";s:0:\"\";}}','31','5','admin/content/node-type/news','admin/content/node-type/news','Edit','t','','136','','','','0','modules/node/content_types.inc');
INSERT INTO `menu_router` VALUES ('admin/content/node-type/page/edit','','','user_access','a:1:{i:0;s:24:\"administer content types\";}','drupal_get_form','a:2:{i:0;s:14:\"node_type_form\";i:1;O:8:\"stdClass\":14:{s:4:\"type\";s:4:\"page\";s:4:\"name\";s:4:\"Page\";s:6:\"module\";s:4:\"node\";s:11:\"description\";s:296:\"A <em>page</em>, similar in form to a <em>story</em>, is a simple method for creating and displaying information that rarely changes, such as an \"About us\" section of a website. By default, a <em>page</em> entry does not allow visitor comments and is not featured on the site\'s initial home page.\";s:4:\"help\";s:0:\"\";s:9:\"has_title\";s:1:\"1\";s:11:\"title_label\";s:5:\"Title\";s:8:\"has_body\";s:1:\"1\";s:10:\"body_label\";s:4:\"Body\";s:14:\"min_word_count\";s:1:\"0\";s:6:\"custom\";s:1:\"1\";s:8:\"modified\";s:1:\"1\";s:6:\"locked\";s:1:\"0\";s:9:\"orig_type\";s:4:\"page\";}}','31','5','admin/content/node-type/page','admin/content/node-type/page','Edit','t','','136','','','','0','modules/node/content_types.inc'),('admin/content/node-type/profile/edit','','','user_access','a:1:{i:0;s:24:\"administer content types\";}','drupal_get_form','a:2:{i:0;s:14:\"node_type_form\";i:1;O:8:\"stdClass\":14:{s:4:\"type\";s:7:\"profile\";s:4:\"name\";s:7:\"Profile\";s:6:\"module\";s:4:\"node\";s:11:\"description\";s:32:\"A user profile built as content.\";s:4:\"help\";s:0:\"\";s:9:\"has_title\";s:1:\"1\";s:11:\"title_label\";s:5:\"Title\";s:8:\"has_body\";s:1:\"1\";s:10:\"body_label\";s:4:\"Body\";s:14:\"min_word_count\";s:1:\"0\";s:6:\"custom\";s:1:\"1\";s:8:\"modified\";s:1:\"0\";s:6:\"locked\";s:1:\"0\";s:9:\"orig_type\";s:7:\"profile\";}}','31','5','admin/content/node-type/profile','admin/content/node-type/profile','Edit','t','','136','','','','0','modules/node/content_types.inc'),('admin/content/node-type/project/edit','','','user_access','a:1:{i:0;s:24:\"administer content types\";}','drupal_get_form','a:2:{i:0;s:14:\"node_type_form\";i:1;O:8:\"stdClass\":14:{s:4:\"type\";s:7:\"project\";s:4:\"name\";s:7:\"Project\";s:6:\"module\";s:4:\"node\";s:11:\"description\";s:19:\"Create your project\";s:4:\"help\";s:0:\"\";s:9:\"has_title\";s:1:\"1\";s:11:\"title_label\";s:12:\"Project Name\";s:8:\"has_body\";s:1:\"0\";s:10:\"body_label\";s:0:\"\";s:14:\"min_word_count\";s:1:\"0\";s:6:\"custom\";s:1:\"1\";s:8:\"modified\";s:1:\"1\";s:6:\"locked\";s:1:\"0\";s:9:\"orig_type\";s:0:\"\";}}','31','5','admin/content/node-type/project','admin/content/node-type/project','Edit','t','','136','','','','0','modules/node/content_types.inc');
INSERT INTO `menu_router` VALUES ('admin/content/node-type/project-code/edit','','','user_access','a:1:{i:0;s:24:\"administer content types\";}','drupal_get_form','a:2:{i:0;s:14:\"node_type_form\";i:1;O:8:\"stdClass\":14:{s:4:\"type\";s:12:\"project_code\";s:4:\"name\";s:17:\"Project with Code\";s:6:\"module\";s:4:\"node\";s:11:\"description\";s:0:\"\";s:4:\"help\";s:0:\"\";s:9:\"has_title\";s:1:\"1\";s:11:\"title_label\";s:12:\"Project Name\";s:8:\"has_body\";s:1:\"0\";s:10:\"body_label\";s:0:\"\";s:14:\"min_word_count\";s:1:\"0\";s:6:\"custom\";s:1:\"1\";s:8:\"modified\";s:1:\"1\";s:6:\"locked\";s:1:\"0\";s:9:\"orig_type\";s:0:\"\";}}','31','5','admin/content/node-type/project-code','admin/content/node-type/project-code','Edit','t','','136','','','','0','modules/node/content_types.inc'),('admin/content/node-type/story/edit','','','user_access','a:1:{i:0;s:24:\"administer content types\";}','drupal_get_form','a:2:{i:0;s:14:\"node_type_form\";i:1;O:8:\"stdClass\":14:{s:4:\"type\";s:5:\"story\";s:4:\"name\";s:5:\"Story\";s:6:\"module\";s:4:\"node\";s:11:\"description\";s:392:\"A <em>story</em>, similar in form to a <em>page</em>, is ideal for creating and displaying content that informs or engages website visitors. Press releases, site announcements, and informal blog-like entries may all be created with a <em>story</em> entry. By default, a <em>story</em> entry is automatically featured on the site\'s initial home page, and provides the ability to post comments.\";s:4:\"help\";s:0:\"\";s:9:\"has_title\";s:1:\"1\";s:11:\"title_label\";s:5:\"Title\";s:8:\"has_body\";s:1:\"1\";s:10:\"body_label\";s:4:\"Body\";s:14:\"min_word_count\";s:1:\"0\";s:6:\"custom\";s:1:\"1\";s:8:\"modified\";s:1:\"1\";s:6:\"locked\";s:1:\"0\";s:9:\"orig_type\";s:5:\"story\";}}','31','5','admin/content/node-type/story','admin/content/node-type/story','Edit','t','','136','','','','0','modules/node/content_types.inc'),('admin/build/themes/settings/global','','','user_access','a:1:{i:0;s:29:\"administer site configuration\";}','drupal_get_form','a:1:{i:0;s:21:\"system_theme_settings\";}','31','5','admin/build/themes/settings','admin/build/themes','Global settings','t','','136','','','','-1','modules/system/system.admin.inc');
INSERT INTO `menu_router` VALUES ('admin/content/taxonomy/%/list','a:1:{i:3;s:24:\"taxonomy_vocabulary_load\";}','','user_access','a:1:{i:0;s:19:\"administer taxonomy\";}','drupal_get_form','a:2:{i:0;s:23:\"taxonomy_overview_terms\";i:1;i:3;}','29','5','admin/content/taxonomy/%','admin/content/taxonomy/%','List','t','','136','','','','-10','modules/taxonomy/taxonomy.admin.inc'),('admin/settings/filters/%/edit','a:1:{i:3;s:18:\"filter_format_load\";}','','user_access','a:1:{i:0;s:18:\"administer filters\";}','filter_admin_format_page','a:1:{i:0;i:3;}','29','5','admin/settings/filters/%','admin/settings/filters/%','Edit','t','','136','','','','0','modules/filter/filter.admin.inc'),('admin/messaging/settings/method/overview','','','user_access','a:1:{i:0;s:20:\"administer messaging\";}','drupal_get_form','a:1:{i:0;s:31:\"messaging_admin_method_settings\";}','31','5','admin/messaging/settings/method','admin/messaging/settings','General','t','','136','','General settings','','-10','sites/all/modules/messaging/messaging.admin.inc'),('admin/build/modules/list/confirm','','','user_access','a:1:{i:0;s:29:\"administer site configuration\";}','drupal_get_form','a:1:{i:0;s:14:\"system_modules\";}','31','5','','admin/build/modules/list/confirm','List','t','','4','','','','0','modules/system/system.admin.inc'),('admin/content/backup_migrate/destination/list','','','user_access','a:1:{i:0;s:29:\"administer backup and migrate\";}','backup_migrate_menu_callback','a:3:{i:0;s:4:\"crud\";i:1;s:27:\"backup_migrate_crud_ui_list\";i:2;b:1;}','31','5','admin/content/backup_migrate/destination','admin/content/backup_migrate','List !type','t','a:1:{s:5:\"!type\";s:12:\"Destinations\";}','136','','','','1',''),('admin/content/backup_migrate/profile/list','','','user_access','a:1:{i:0;s:29:\"administer backup and migrate\";}','backup_migrate_menu_callback','a:3:{i:0;s:4:\"crud\";i:1;s:27:\"backup_migrate_crud_ui_list\";i:2;b:1;}','31','5','admin/content/backup_migrate/profile','admin/content/backup_migrate','List !type','t','a:1:{s:5:\"!type\";s:8:\"Profiles\";}','136','','','','1','');
INSERT INTO `menu_router` VALUES ('admin/content/backup_migrate/schedule/list','','','user_access','a:1:{i:0;s:29:\"administer backup and migrate\";}','backup_migrate_menu_callback','a:3:{i:0;s:4:\"crud\";i:1;s:27:\"backup_migrate_crud_ui_list\";i:2;b:1;}','31','5','admin/content/backup_migrate/schedule','admin/content/backup_migrate','List !type','t','a:1:{s:5:\"!type\";s:9:\"Schedules\";}','136','','','','1',''),('admin/build/menu-customize/%/list','a:1:{i:3;s:9:\"menu_load\";}','','user_access','a:1:{i:0;s:15:\"administer menu\";}','drupal_get_form','a:2:{i:0;s:18:\"menu_overview_form\";i:1;i:3;}','29','5','admin/build/menu-customize/%','admin/build/menu-customize/%','List items','t','','136','','','','-10','modules/menu/menu.admin.inc'),('admin/build/modules/uninstall/confirm','','','user_access','a:1:{i:0;s:29:\"administer site configuration\";}','drupal_get_form','a:1:{i:0;s:24:\"system_modules_uninstall\";}','31','5','','admin/build/modules/uninstall/confirm','Uninstall','t','','4','','','','0','modules/system/system.admin.inc'),('admin/build/views/tools/export','','','user_access','a:1:{i:0;s:18:\"use views exporter\";}','views_export_export','a:0:{}','31','5','admin/build/views/tools','admin/build/views','Bulk export','t','','128','','','','0',''),('admin/build/themes/settings/amity_island','','','_system_themes_access','a:1:{i:0;O:8:\"stdClass\":12:{s:8:\"filename\";s:47:\"sites/all/themes/amity_island/amity_island.info\";s:4:\"name\";s:12:\"amity_island\";s:4:\"type\";s:5:\"theme\";s:5:\"owner\";s:45:\"themes/engines/phptemplate/phptemplate.engine\";s:6:\"status\";s:1:\"1\";s:8:\"throttle\";s:1:\"0\";s:9:\"bootstrap\";s:1:\"0\";s:14:\"schema_version\";s:2:\"-1\";s:6:\"weight\";s:1:\"0\";s:4:\"info\";a:13:{s:4:\"name\";s:27:\"Amity Island for Drupal 6.x\";s:11:\"description\";s:39:\"Free Theme by ThemeShark.com (default).\";s:7:\"version\";s:7:\"6.x-1.3\";s:4:\"core\";s:3:\"6.x\";s:6:\"engine\";s:11:\"phptemplate\";s:11:\"stylesheets\";a:2:{s:3:\"all\";a:1:{s:9:\"style.css\";s:39:\"sites/all/themes/amity_island/style.css\";}s:5:\"print\";a:1:{s:9:\"print.css\";s:39:\"sites/all/themes/amity_island/print.css\";}}s:7:\"regions\";a:9:{s:4:\"left\";s:12:\"Left sidebar\";s:5:\"right\";s:13:\"Right sidebar\";s:7:\"content\";s:7:\"Content\";s:10:\"contenttop\";s:11:\"Content Top\";s:13:\"contentbottom\";s:14:\"Content Bottom\";s:6:\"footer\";s:6:\"Footer\";s:7:\"primary\";s:13:\"Primary Links\";s:9:\"secondary\";s:15:\"Secondary Links\";s:8:\"toplinks\";s:9:\"Top Links\";}s:8:\"features\";a:10:{i:0;s:4:\"logo\";i:1;s:4:\"name\";i:2;s:6:\"slogan\";i:3;s:7:\"mission\";i:4;s:17:\"node_user_picture\";i:5;s:20:\"comment_user_picture\";i:6;s:6:\"search\";i:7;s:7:\"favicon\";i:8;s:13:\"primary_links\";i:9;s:15:\"secondary_links\";}s:7:\"project\";s:12:\"amity_island\";s:9:\"datestamp\";s:10:\"1255620004\";s:7:\"scripts\";a:1:{s:9:\"script.js\";s:39:\"sites/all/themes/amity_island/script.js\";}s:10:\"screenshot\";s:44:\"sites/all/themes/amity_island/screenshot.png\";s:3:\"php\";s:5:\"4.3.5\";}s:11:\"stylesheets\";a:2:{s:3:\"all\";a:1:{s:9:\"style.css\";s:39:\"sites/all/themes/amity_island/style.css\";}s:5:\"print\";a:1:{s:9:\"print.css\";s:39:\"sites/all/themes/amity_island/print.css\";}}s:6:\"engine\";s:11:\"phptemplate\";}}','drupal_get_form','a:2:{i:0;s:21:\"system_theme_settings\";i:1;s:12:\"amity_island\";}','31','5','admin/build/themes/settings','admin/build/themes','Amity Island for Drupal 6.x','t','','128','','','','0','modules/system/system.admin.inc');
INSERT INTO `menu_router` VALUES ('admin/build/themes/settings/bluemarine','','','_system_themes_access','a:1:{i:0;O:8:\"stdClass\":12:{s:8:\"filename\";s:33:\"themes/bluemarine/bluemarine.info\";s:4:\"name\";s:10:\"bluemarine\";s:4:\"type\";s:5:\"theme\";s:5:\"owner\";s:45:\"themes/engines/phptemplate/phptemplate.engine\";s:6:\"status\";s:1:\"0\";s:8:\"throttle\";s:1:\"0\";s:9:\"bootstrap\";s:1:\"0\";s:14:\"schema_version\";s:2:\"-1\";s:6:\"weight\";s:1:\"0\";s:4:\"info\";a:13:{s:4:\"name\";s:10:\"Bluemarine\";s:11:\"description\";s:66:\"Table-based multi-column theme with a marine and ash color scheme.\";s:7:\"version\";s:4:\"6.22\";s:4:\"core\";s:3:\"6.x\";s:6:\"engine\";s:11:\"phptemplate\";s:7:\"project\";s:6:\"drupal\";s:9:\"datestamp\";s:10:\"1306357015\";s:7:\"regions\";a:5:{s:4:\"left\";s:12:\"Left sidebar\";s:5:\"right\";s:13:\"Right sidebar\";s:7:\"content\";s:7:\"Content\";s:6:\"header\";s:6:\"Header\";s:6:\"footer\";s:6:\"Footer\";}s:8:\"features\";a:10:{i:0;s:20:\"comment_user_picture\";i:1;s:7:\"favicon\";i:2;s:7:\"mission\";i:3;s:4:\"logo\";i:4;s:4:\"name\";i:5;s:17:\"node_user_picture\";i:6;s:6:\"search\";i:7;s:6:\"slogan\";i:8;s:13:\"primary_links\";i:9;s:15:\"secondary_links\";}s:11:\"stylesheets\";a:1:{s:3:\"all\";a:1:{s:9:\"style.css\";s:27:\"themes/bluemarine/style.css\";}}s:7:\"scripts\";a:1:{s:9:\"script.js\";s:27:\"themes/bluemarine/script.js\";}s:10:\"screenshot\";s:32:\"themes/bluemarine/screenshot.png\";s:3:\"php\";s:5:\"4.3.5\";}s:11:\"stylesheets\";a:1:{s:3:\"all\";a:1:{s:9:\"style.css\";s:27:\"themes/bluemarine/style.css\";}}s:6:\"engine\";s:11:\"phptemplate\";}}','drupal_get_form','a:2:{i:0;s:21:\"system_theme_settings\";i:1;s:10:\"bluemarine\";}','31','5','admin/build/themes/settings','admin/build/themes','Bluemarine','t','','128','','','','0','modules/system/system.admin.inc'),('admin/build/themes/settings/chameleon','','','_system_themes_access','a:1:{i:0;O:8:\"stdClass\":11:{s:8:\"filename\";s:31:\"themes/chameleon/chameleon.info\";s:4:\"name\";s:9:\"chameleon\";s:4:\"type\";s:5:\"theme\";s:5:\"owner\";s:32:\"themes/chameleon/chameleon.theme\";s:6:\"status\";s:1:\"0\";s:8:\"throttle\";s:1:\"0\";s:9:\"bootstrap\";s:1:\"0\";s:14:\"schema_version\";s:2:\"-1\";s:6:\"weight\";s:1:\"0\";s:4:\"info\";a:12:{s:4:\"name\";s:9:\"Chameleon\";s:11:\"description\";s:42:\"Minimalist tabled theme with light colors.\";s:7:\"regions\";a:2:{s:4:\"left\";s:12:\"Left sidebar\";s:5:\"right\";s:13:\"Right sidebar\";}s:8:\"features\";a:4:{i:0;s:4:\"logo\";i:1;s:7:\"favicon\";i:2;s:4:\"name\";i:3;s:6:\"slogan\";}s:11:\"stylesheets\";a:1:{s:3:\"all\";a:2:{s:9:\"style.css\";s:26:\"themes/chameleon/style.css\";s:10:\"common.css\";s:27:\"themes/chameleon/common.css\";}}s:7:\"version\";s:4:\"6.22\";s:4:\"core\";s:3:\"6.x\";s:7:\"project\";s:6:\"drupal\";s:9:\"datestamp\";s:10:\"1306357015\";s:7:\"scripts\";a:1:{s:9:\"script.js\";s:26:\"themes/chameleon/script.js\";}s:10:\"screenshot\";s:31:\"themes/chameleon/screenshot.png\";s:3:\"php\";s:5:\"4.3.5\";}s:11:\"stylesheets\";a:1:{s:3:\"all\";a:2:{s:9:\"style.css\";s:26:\"themes/chameleon/style.css\";s:10:\"common.css\";s:27:\"themes/chameleon/common.css\";}}}}','drupal_get_form','a:2:{i:0;s:21:\"system_theme_settings\";i:1;s:9:\"chameleon\";}','31','5','admin/build/themes/settings','admin/build/themes','Chameleon','t','','128','','','','0','modules/system/system.admin.inc');
INSERT INTO `menu_router` VALUES ('rpx/confirm/%/%/%','a:3:{i:2;N;i:3;N;i:4;N;}','','1','a:0:{}','rpx_email_confirm','a:3:{i:0;i:2;i:1;i:3;i:2;i:4;}','24','5','','rpx/confirm/%/%/%','Confirm email','t','','4','','','','0',''),('admin/content/node-type/community/delete','','','user_access','a:1:{i:0;s:24:\"administer content types\";}','drupal_get_form','a:2:{i:0;s:24:\"node_type_delete_confirm\";i:1;O:8:\"stdClass\":14:{s:4:\"type\";s:9:\"community\";s:4:\"name\";s:9:\"Community\";s:6:\"module\";s:4:\"node\";s:11:\"description\";s:21:\"Create your community\";s:4:\"help\";s:0:\"\";s:9:\"has_title\";s:1:\"1\";s:11:\"title_label\";s:13:\"Language Name\";s:8:\"has_body\";s:1:\"0\";s:10:\"body_label\";s:0:\"\";s:14:\"min_word_count\";s:1:\"0\";s:6:\"custom\";s:1:\"1\";s:8:\"modified\";s:1:\"1\";s:6:\"locked\";s:1:\"0\";s:9:\"orig_type\";s:0:\"\";}}','31','5','','admin/content/node-type/community/delete','Delete','t','','4','','','','0','modules/node/content_types.inc'),('admin/content/node-type/community-project/delete','','','user_access','a:1:{i:0;s:24:\"administer content types\";}','drupal_get_form','a:2:{i:0;s:24:\"node_type_delete_confirm\";i:1;O:8:\"stdClass\":14:{s:4:\"type\";s:17:\"community_project\";s:4:\"name\";s:17:\"Community Project\";s:6:\"module\";s:4:\"node\";s:11:\"description\";s:29:\"Create Community with Project\";s:4:\"help\";s:0:\"\";s:9:\"has_title\";s:1:\"1\";s:11:\"title_label\";s:13:\"Language Name\";s:8:\"has_body\";s:1:\"0\";s:10:\"body_label\";s:0:\"\";s:14:\"min_word_count\";s:1:\"0\";s:6:\"custom\";s:1:\"1\";s:8:\"modified\";s:1:\"1\";s:6:\"locked\";s:1:\"0\";s:9:\"orig_type\";s:0:\"\";}}','31','5','','admin/content/node-type/community-project/delete','Delete','t','','4','','','','0','modules/node/content_types.inc'),('admin/content/node-type/faq/delete','','','user_access','a:1:{i:0;s:24:\"administer content types\";}','drupal_get_form','a:2:{i:0;s:24:\"node_type_delete_confirm\";i:1;O:8:\"stdClass\":14:{s:4:\"type\";s:3:\"faq\";s:4:\"name\";s:3:\"FAQ\";s:6:\"module\";s:3:\"faq\";s:11:\"description\";s:43:\"A frequently asked question and its answer.\";s:4:\"help\";s:0:\"\";s:9:\"has_title\";s:1:\"1\";s:11:\"title_label\";s:8:\"Question\";s:8:\"has_body\";s:1:\"1\";s:10:\"body_label\";s:6:\"Answer\";s:14:\"min_word_count\";s:1:\"0\";s:6:\"custom\";s:1:\"0\";s:8:\"modified\";s:1:\"1\";s:6:\"locked\";s:1:\"1\";s:9:\"orig_type\";s:3:\"faq\";}}','31','5','','admin/content/node-type/faq/delete','Delete','t','','4','','','','0','modules/node/content_types.inc');
INSERT INTO `menu_router` VALUES ('admin/content/node-type/news/delete','','','user_access','a:1:{i:0;s:24:\"administer content types\";}','drupal_get_form','a:2:{i:0;s:24:\"node_type_delete_confirm\";i:1;O:8:\"stdClass\":14:{s:4:\"type\";s:4:\"news\";s:4:\"name\";s:4:\"News\";s:6:\"module\";s:4:\"node\";s:11:\"description\";s:19:\"Create news content\";s:4:\"help\";s:0:\"\";s:9:\"has_title\";s:1:\"1\";s:11:\"title_label\";s:5:\"Title\";s:8:\"has_body\";s:1:\"1\";s:10:\"body_label\";s:4:\"Body\";s:14:\"min_word_count\";s:1:\"0\";s:6:\"custom\";s:1:\"1\";s:8:\"modified\";s:1:\"1\";s:6:\"locked\";s:1:\"0\";s:9:\"orig_type\";s:0:\"\";}}','31','5','','admin/content/node-type/news/delete','Delete','t','','4','','','','0','modules/node/content_types.inc'),('admin/content/node-type/page/delete','','','user_access','a:1:{i:0;s:24:\"administer content types\";}','drupal_get_form','a:2:{i:0;s:24:\"node_type_delete_confirm\";i:1;O:8:\"stdClass\":14:{s:4:\"type\";s:4:\"page\";s:4:\"name\";s:4:\"Page\";s:6:\"module\";s:4:\"node\";s:11:\"description\";s:296:\"A <em>page</em>, similar in form to a <em>story</em>, is a simple method for creating and displaying information that rarely changes, such as an \"About us\" section of a website. By default, a <em>page</em> entry does not allow visitor comments and is not featured on the site\'s initial home page.\";s:4:\"help\";s:0:\"\";s:9:\"has_title\";s:1:\"1\";s:11:\"title_label\";s:5:\"Title\";s:8:\"has_body\";s:1:\"1\";s:10:\"body_label\";s:4:\"Body\";s:14:\"min_word_count\";s:1:\"0\";s:6:\"custom\";s:1:\"1\";s:8:\"modified\";s:1:\"1\";s:6:\"locked\";s:1:\"0\";s:9:\"orig_type\";s:4:\"page\";}}','31','5','','admin/content/node-type/page/delete','Delete','t','','4','','','','0','modules/node/content_types.inc'),('admin/content/node-type/profile/delete','','','user_access','a:1:{i:0;s:24:\"administer content types\";}','drupal_get_form','a:2:{i:0;s:24:\"node_type_delete_confirm\";i:1;O:8:\"stdClass\":14:{s:4:\"type\";s:7:\"profile\";s:4:\"name\";s:7:\"Profile\";s:6:\"module\";s:4:\"node\";s:11:\"description\";s:32:\"A user profile built as content.\";s:4:\"help\";s:0:\"\";s:9:\"has_title\";s:1:\"1\";s:11:\"title_label\";s:5:\"Title\";s:8:\"has_body\";s:1:\"1\";s:10:\"body_label\";s:4:\"Body\";s:14:\"min_word_count\";s:1:\"0\";s:6:\"custom\";s:1:\"1\";s:8:\"modified\";s:1:\"0\";s:6:\"locked\";s:1:\"0\";s:9:\"orig_type\";s:7:\"profile\";}}','31','5','','admin/content/node-type/profile/delete','Delete','t','','4','','','','0','modules/node/content_types.inc');
INSERT INTO `menu_router` VALUES ('admin/content/node-type/project/delete','','','user_access','a:1:{i:0;s:24:\"administer content types\";}','drupal_get_form','a:2:{i:0;s:24:\"node_type_delete_confirm\";i:1;O:8:\"stdClass\":14:{s:4:\"type\";s:7:\"project\";s:4:\"name\";s:7:\"Project\";s:6:\"module\";s:4:\"node\";s:11:\"description\";s:19:\"Create your project\";s:4:\"help\";s:0:\"\";s:9:\"has_title\";s:1:\"1\";s:11:\"title_label\";s:12:\"Project Name\";s:8:\"has_body\";s:1:\"0\";s:10:\"body_label\";s:0:\"\";s:14:\"min_word_count\";s:1:\"0\";s:6:\"custom\";s:1:\"1\";s:8:\"modified\";s:1:\"1\";s:6:\"locked\";s:1:\"0\";s:9:\"orig_type\";s:0:\"\";}}','31','5','','admin/content/node-type/project/delete','Delete','t','','4','','','','0','modules/node/content_types.inc'),('admin/content/node-type/project-code/delete','','','user_access','a:1:{i:0;s:24:\"administer content types\";}','drupal_get_form','a:2:{i:0;s:24:\"node_type_delete_confirm\";i:1;O:8:\"stdClass\":14:{s:4:\"type\";s:12:\"project_code\";s:4:\"name\";s:17:\"Project with Code\";s:6:\"module\";s:4:\"node\";s:11:\"description\";s:0:\"\";s:4:\"help\";s:0:\"\";s:9:\"has_title\";s:1:\"1\";s:11:\"title_label\";s:12:\"Project Name\";s:8:\"has_body\";s:1:\"0\";s:10:\"body_label\";s:0:\"\";s:14:\"min_word_count\";s:1:\"0\";s:6:\"custom\";s:1:\"1\";s:8:\"modified\";s:1:\"1\";s:6:\"locked\";s:1:\"0\";s:9:\"orig_type\";s:0:\"\";}}','31','5','','admin/content/node-type/project-code/delete','Delete','t','','4','','','','0','modules/node/content_types.inc'),('admin/content/node-type/story/delete','','','user_access','a:1:{i:0;s:24:\"administer content types\";}','drupal_get_form','a:2:{i:0;s:24:\"node_type_delete_confirm\";i:1;O:8:\"stdClass\":14:{s:4:\"type\";s:5:\"story\";s:4:\"name\";s:5:\"Story\";s:6:\"module\";s:4:\"node\";s:11:\"description\";s:392:\"A <em>story</em>, similar in form to a <em>page</em>, is ideal for creating and displaying content that informs or engages website visitors. Press releases, site announcements, and informal blog-like entries may all be created with a <em>story</em> entry. By default, a <em>story</em> entry is automatically featured on the site\'s initial home page, and provides the ability to post comments.\";s:4:\"help\";s:0:\"\";s:9:\"has_title\";s:1:\"1\";s:11:\"title_label\";s:5:\"Title\";s:8:\"has_body\";s:1:\"1\";s:10:\"body_label\";s:4:\"Body\";s:14:\"min_word_count\";s:1:\"0\";s:6:\"custom\";s:1:\"1\";s:8:\"modified\";s:1:\"1\";s:6:\"locked\";s:1:\"0\";s:9:\"orig_type\";s:5:\"story\";}}','31','5','','admin/content/node-type/story/delete','Delete','t','','4','','','','0','modules/node/content_types.inc');
INSERT INTO `menu_router` VALUES ('admin/content/taxonomy/edit/term','','','user_access','a:1:{i:0;s:19:\"administer taxonomy\";}','taxonomy_admin_term_edit','a:0:{}','31','5','','admin/content/taxonomy/edit/term','Edit term','t','','4','','','','0','modules/taxonomy/taxonomy.admin.inc'),('admin/build/themes/settings/garland','','','_system_themes_access','a:1:{i:0;O:8:\"stdClass\":12:{s:8:\"filename\";s:27:\"themes/garland/garland.info\";s:4:\"name\";s:7:\"garland\";s:4:\"type\";s:5:\"theme\";s:5:\"owner\";s:45:\"themes/engines/phptemplate/phptemplate.engine\";s:6:\"status\";s:1:\"1\";s:8:\"throttle\";s:1:\"0\";s:9:\"bootstrap\";s:1:\"0\";s:14:\"schema_version\";s:2:\"-1\";s:6:\"weight\";s:1:\"0\";s:4:\"info\";a:13:{s:4:\"name\";s:7:\"Garland\";s:11:\"description\";s:66:\"Tableless, recolorable, multi-column, fluid width theme (default).\";s:7:\"version\";s:4:\"6.22\";s:4:\"core\";s:3:\"6.x\";s:6:\"engine\";s:11:\"phptemplate\";s:11:\"stylesheets\";a:2:{s:3:\"all\";a:1:{s:9:\"style.css\";s:24:\"themes/garland/style.css\";}s:5:\"print\";a:1:{s:9:\"print.css\";s:24:\"themes/garland/print.css\";}}s:7:\"project\";s:6:\"drupal\";s:9:\"datestamp\";s:10:\"1306357015\";s:7:\"regions\";a:5:{s:4:\"left\";s:12:\"Left sidebar\";s:5:\"right\";s:13:\"Right sidebar\";s:7:\"content\";s:7:\"Content\";s:6:\"header\";s:6:\"Header\";s:6:\"footer\";s:6:\"Footer\";}s:8:\"features\";a:10:{i:0;s:20:\"comment_user_picture\";i:1;s:7:\"favicon\";i:2;s:7:\"mission\";i:3;s:4:\"logo\";i:4;s:4:\"name\";i:5;s:17:\"node_user_picture\";i:6;s:6:\"search\";i:7;s:6:\"slogan\";i:8;s:13:\"primary_links\";i:9;s:15:\"secondary_links\";}s:7:\"scripts\";a:1:{s:9:\"script.js\";s:24:\"themes/garland/script.js\";}s:10:\"screenshot\";s:29:\"themes/garland/screenshot.png\";s:3:\"php\";s:5:\"4.3.5\";}s:11:\"stylesheets\";a:2:{s:3:\"all\";a:1:{s:9:\"style.css\";s:24:\"themes/garland/style.css\";}s:5:\"print\";a:1:{s:9:\"print.css\";s:24:\"themes/garland/print.css\";}}s:6:\"engine\";s:11:\"phptemplate\";}}','drupal_get_form','a:2:{i:0;s:21:\"system_theme_settings\";i:1;s:7:\"garland\";}','31','5','admin/build/themes/settings','admin/build/themes','Garland','t','','128','','','','0','modules/system/system.admin.inc');
INSERT INTO `menu_router` VALUES ('admin/build/block/list/js','','','user_access','a:1:{i:0;s:17:\"administer blocks\";}','block_admin_display_js','a:0:{}','31','5','','admin/build/block/list/js','JavaScript List Form','t','','4','','','','0','modules/block/block.admin.inc'),('admin/build/themes/settings/languageforge','','','_system_themes_access','a:1:{i:0;O:8:\"stdClass\":12:{s:8:\"filename\";s:49:\"sites/all/themes/languageforge/languageforge.info\";s:4:\"name\";s:13:\"languageforge\";s:4:\"type\";s:5:\"theme\";s:5:\"owner\";s:45:\"themes/engines/phptemplate/phptemplate.engine\";s:6:\"status\";s:1:\"1\";s:8:\"throttle\";s:1:\"0\";s:9:\"bootstrap\";s:1:\"0\";s:14:\"schema_version\";s:2:\"-1\";s:6:\"weight\";s:1:\"0\";s:4:\"info\";a:13:{s:4:\"name\";s:13:\"Languageforge\";s:11:\"description\";s:38:\"Languageforge Original Theme(default).\";s:7:\"version\";s:4:\"6.22\";s:4:\"core\";s:3:\"6.x\";s:6:\"engine\";s:11:\"phptemplate\";s:11:\"stylesheets\";a:2:{s:3:\"all\";a:1:{s:13:\"css/style.css\";s:44:\"sites/all/themes/languageforge/css/style.css\";}s:5:\"print\";a:1:{s:9:\"print.css\";s:40:\"sites/all/themes/languageforge/print.css\";}}s:7:\"project\";s:6:\"drupal\";s:9:\"datestamp\";s:10:\"1306357015\";s:7:\"regions\";a:6:{s:12:\"primarylinks\";s:13:\"Primary Links\";s:8:\"helptext\";s:9:\"Help Text\";s:10:\"latestnews\";s:11:\"Latest News\";s:6:\"footer\";s:6:\"Footer\";s:11:\"leftsidebar\";s:13:\"Left Side Bar\";s:15:\"frontquicktasks\";s:17:\"Front Quick Tasks\";}s:8:\"features\";a:10:{i:0;s:20:\"comment_user_picture\";i:1;s:7:\"favicon\";i:2;s:7:\"mission\";i:3;s:4:\"logo\";i:4;s:4:\"name\";i:5;s:17:\"node_user_picture\";i:6;s:6:\"search\";i:7;s:6:\"slogan\";i:8;s:13:\"primary_links\";i:9;s:15:\"secondary_links\";}s:7:\"scripts\";a:1:{s:9:\"script.js\";s:40:\"sites/all/themes/languageforge/script.js\";}s:10:\"screenshot\";s:45:\"sites/all/themes/languageforge/screenshot.png\";s:3:\"php\";s:5:\"4.3.5\";}s:11:\"stylesheets\";a:2:{s:3:\"all\";a:1:{s:13:\"css/style.css\";s:44:\"sites/all/themes/languageforge/css/style.css\";}s:5:\"print\";a:1:{s:9:\"print.css\";s:40:\"sites/all/themes/languageforge/print.css\";}}s:6:\"engine\";s:11:\"phptemplate\";}}','drupal_get_form','a:2:{i:0;s:21:\"system_theme_settings\";i:1;s:13:\"languageforge\";}','31','5','admin/build/themes/settings','admin/build/themes','Languageforge','t','','128','','','','0','modules/system/system.admin.inc');
INSERT INTO `menu_router` VALUES ('admin/build/themes/settings/marvin','','','_system_themes_access','a:1:{i:0;O:8:\"stdClass\":12:{s:8:\"filename\";s:35:\"themes/chameleon/marvin/marvin.info\";s:4:\"name\";s:6:\"marvin\";s:4:\"type\";s:5:\"theme\";s:5:\"owner\";s:0:\"\";s:6:\"status\";s:1:\"0\";s:8:\"throttle\";s:1:\"0\";s:9:\"bootstrap\";s:1:\"0\";s:14:\"schema_version\";s:2:\"-1\";s:6:\"weight\";s:1:\"0\";s:4:\"info\";a:13:{s:4:\"name\";s:6:\"Marvin\";s:11:\"description\";s:31:\"Boxy tabled theme in all grays.\";s:7:\"regions\";a:2:{s:4:\"left\";s:12:\"Left sidebar\";s:5:\"right\";s:13:\"Right sidebar\";}s:7:\"version\";s:4:\"6.22\";s:4:\"core\";s:3:\"6.x\";s:10:\"base theme\";s:9:\"chameleon\";s:7:\"project\";s:6:\"drupal\";s:9:\"datestamp\";s:10:\"1306357015\";s:8:\"features\";a:10:{i:0;s:20:\"comment_user_picture\";i:1;s:7:\"favicon\";i:2;s:7:\"mission\";i:3;s:4:\"logo\";i:4;s:4:\"name\";i:5;s:17:\"node_user_picture\";i:6;s:6:\"search\";i:7;s:6:\"slogan\";i:8;s:13:\"primary_links\";i:9;s:15:\"secondary_links\";}s:11:\"stylesheets\";a:1:{s:3:\"all\";a:1:{s:9:\"style.css\";s:33:\"themes/chameleon/marvin/style.css\";}}s:7:\"scripts\";a:1:{s:9:\"script.js\";s:33:\"themes/chameleon/marvin/script.js\";}s:10:\"screenshot\";s:38:\"themes/chameleon/marvin/screenshot.png\";s:3:\"php\";s:5:\"4.3.5\";}s:11:\"stylesheets\";a:1:{s:3:\"all\";a:1:{s:9:\"style.css\";s:33:\"themes/chameleon/marvin/style.css\";}}s:10:\"base_theme\";s:9:\"chameleon\";}}','drupal_get_form','a:2:{i:0;s:21:\"system_theme_settings\";i:1;s:6:\"marvin\";}','31','5','admin/build/themes/settings','admin/build/themes','Marvin','t','','128','','','','0','modules/system/system.admin.inc'),('admin/build/themes/settings/minnelli','','','_system_themes_access','a:1:{i:0;O:8:\"stdClass\":13:{s:8:\"filename\";s:37:\"themes/garland/minnelli/minnelli.info\";s:4:\"name\";s:8:\"minnelli\";s:4:\"type\";s:5:\"theme\";s:5:\"owner\";s:45:\"themes/engines/phptemplate/phptemplate.engine\";s:6:\"status\";s:1:\"0\";s:8:\"throttle\";s:1:\"0\";s:9:\"bootstrap\";s:1:\"0\";s:14:\"schema_version\";s:2:\"-1\";s:6:\"weight\";s:1:\"0\";s:4:\"info\";a:14:{s:4:\"name\";s:8:\"Minnelli\";s:11:\"description\";s:56:\"Tableless, recolorable, multi-column, fixed width theme.\";s:7:\"version\";s:4:\"6.22\";s:4:\"core\";s:3:\"6.x\";s:10:\"base theme\";s:7:\"garland\";s:11:\"stylesheets\";a:1:{s:3:\"all\";a:1:{s:12:\"minnelli.css\";s:36:\"themes/garland/minnelli/minnelli.css\";}}s:7:\"project\";s:6:\"drupal\";s:9:\"datestamp\";s:10:\"1306357015\";s:7:\"regions\";a:5:{s:4:\"left\";s:12:\"Left sidebar\";s:5:\"right\";s:13:\"Right sidebar\";s:7:\"content\";s:7:\"Content\";s:6:\"header\";s:6:\"Header\";s:6:\"footer\";s:6:\"Footer\";}s:8:\"features\";a:10:{i:0;s:20:\"comment_user_picture\";i:1;s:7:\"favicon\";i:2;s:7:\"mission\";i:3;s:4:\"logo\";i:4;s:4:\"name\";i:5;s:17:\"node_user_picture\";i:6;s:6:\"search\";i:7;s:6:\"slogan\";i:8;s:13:\"primary_links\";i:9;s:15:\"secondary_links\";}s:7:\"scripts\";a:1:{s:9:\"script.js\";s:33:\"themes/garland/minnelli/script.js\";}s:10:\"screenshot\";s:38:\"themes/garland/minnelli/screenshot.png\";s:3:\"php\";s:5:\"4.3.5\";s:6:\"engine\";s:11:\"phptemplate\";}s:11:\"stylesheets\";a:1:{s:3:\"all\";a:1:{s:12:\"minnelli.css\";s:36:\"themes/garland/minnelli/minnelli.css\";}}s:6:\"engine\";s:11:\"phptemplate\";s:10:\"base_theme\";s:7:\"garland\";}}','drupal_get_form','a:2:{i:0;s:21:\"system_theme_settings\";i:1;s:8:\"minnelli\";}','31','5','admin/build/themes/settings','admin/build/themes','Minnelli','t','','128','','','','0','modules/system/system.admin.inc');
INSERT INTO `menu_router` VALUES ('admin/build/themes/settings/pushbutton','','','_system_themes_access','a:1:{i:0;O:8:\"stdClass\":12:{s:8:\"filename\";s:33:\"themes/pushbutton/pushbutton.info\";s:4:\"name\";s:10:\"pushbutton\";s:4:\"type\";s:5:\"theme\";s:5:\"owner\";s:45:\"themes/engines/phptemplate/phptemplate.engine\";s:6:\"status\";s:1:\"0\";s:8:\"throttle\";s:1:\"0\";s:9:\"bootstrap\";s:1:\"0\";s:14:\"schema_version\";s:2:\"-1\";s:6:\"weight\";s:1:\"0\";s:4:\"info\";a:13:{s:4:\"name\";s:10:\"Pushbutton\";s:11:\"description\";s:52:\"Tabled, multi-column theme in blue and orange tones.\";s:7:\"version\";s:4:\"6.22\";s:4:\"core\";s:3:\"6.x\";s:6:\"engine\";s:11:\"phptemplate\";s:7:\"project\";s:6:\"drupal\";s:9:\"datestamp\";s:10:\"1306357015\";s:7:\"regions\";a:5:{s:4:\"left\";s:12:\"Left sidebar\";s:5:\"right\";s:13:\"Right sidebar\";s:7:\"content\";s:7:\"Content\";s:6:\"header\";s:6:\"Header\";s:6:\"footer\";s:6:\"Footer\";}s:8:\"features\";a:10:{i:0;s:20:\"comment_user_picture\";i:1;s:7:\"favicon\";i:2;s:7:\"mission\";i:3;s:4:\"logo\";i:4;s:4:\"name\";i:5;s:17:\"node_user_picture\";i:6;s:6:\"search\";i:7;s:6:\"slogan\";i:8;s:13:\"primary_links\";i:9;s:15:\"secondary_links\";}s:11:\"stylesheets\";a:1:{s:3:\"all\";a:1:{s:9:\"style.css\";s:27:\"themes/pushbutton/style.css\";}}s:7:\"scripts\";a:1:{s:9:\"script.js\";s:27:\"themes/pushbutton/script.js\";}s:10:\"screenshot\";s:32:\"themes/pushbutton/screenshot.png\";s:3:\"php\";s:5:\"4.3.5\";}s:11:\"stylesheets\";a:1:{s:3:\"all\";a:1:{s:9:\"style.css\";s:27:\"themes/pushbutton/style.css\";}}s:6:\"engine\";s:11:\"phptemplate\";}}','drupal_get_form','a:2:{i:0;s:21:\"system_theme_settings\";i:1;s:10:\"pushbutton\";}','31','5','admin/build/themes/settings','admin/build/themes','Pushbutton','t','','128','','','','0','modules/system/system.admin.inc'),('og/deny/%/%/%','a:3:{i:2;s:9:\"node_load\";i:3;s:9:\"user_load\";i:4;N;}','','og_is_group_admin','a:1:{i:0;i:2;}','og_deny','a:3:{i:0;i:2;i:1;i:3;i:2;i:4;}','24','5','','og/deny/%/%/%','Deny membership request','t','','4','','','','0','');
INSERT INTO `menu_router` VALUES ('admin/build/menu-customize/%/add','a:1:{i:3;s:9:\"menu_load\";}','','user_access','a:1:{i:0;s:15:\"administer menu\";}','drupal_get_form','a:4:{i:0;s:14:\"menu_edit_item\";i:1;s:3:\"add\";i:2;N;i:3;i:3;}','29','5','admin/build/menu-customize/%','admin/build/menu-customize/%','Add item','t','','128','','','','0','modules/menu/menu.admin.inc'),('admin/content/backup_migrate/export/advanced','','','user_access','a:1:{i:0;s:14:\"perform backup\";}','backup_migrate_menu_callback','a:3:{i:0;s:0:\"\";i:1;s:40:\"backup_migrate_ui_manual_backup_advanced\";i:2;b:1;}','31','5','admin/content/backup_migrate/export','admin/content/backup_migrate','Advanced Backup','t','','128','','Backup the database.','','1',''),('og/approve/%/%/%','a:3:{i:2;s:9:\"node_load\";i:3;s:9:\"user_load\";i:4;N;}','','og_is_group_admin','a:1:{i:0;i:2;}','og_approve','a:3:{i:0;i:2;i:1;i:3;i:2;i:4;}','24','5','','og/approve/%/%/%','Approve membership request','t','','4','','','','0',''),('admin/content/backup_migrate/destination/add','','','user_access','a:1:{i:0;s:29:\"administer backup and migrate\";}','backup_migrate_menu_callback','a:3:{i:0;s:4:\"crud\";i:1;s:29:\"backup_migrate_crud_ui_create\";i:2;b:1;}','31','5','admin/content/backup_migrate/destination','admin/content/backup_migrate','Create !type','t','a:1:{s:5:\"!type\";s:11:\"Destination\";}','128','','','','2',''),('admin/content/backup_migrate/profile/add','','','user_access','a:1:{i:0;s:29:\"administer backup and migrate\";}','backup_migrate_menu_callback','a:3:{i:0;s:4:\"crud\";i:1;s:29:\"backup_migrate_crud_ui_create\";i:2;b:1;}','31','5','admin/content/backup_migrate/profile','admin/content/backup_migrate','Create !type','t','a:1:{s:5:\"!type\";s:7:\"Profile\";}','128','','','','2',''),('admin/content/backup_migrate/schedule/add','','','user_access','a:1:{i:0;s:29:\"administer backup and migrate\";}','backup_migrate_menu_callback','a:3:{i:0;s:4:\"crud\";i:1;s:29:\"backup_migrate_crud_ui_create\";i:2;b:1;}','31','5','admin/content/backup_migrate/schedule','admin/content/backup_migrate','Create !type','t','a:1:{s:5:\"!type\";s:8:\"Schedule\";}','128','','','','2','');
INSERT INTO `menu_router` VALUES ('admin/settings/actions/delete/%','a:1:{i:4;s:12:\"actions_load\";}','','user_access','a:1:{i:0;s:18:\"administer actions\";}','drupal_get_form','a:2:{i:0;s:26:\"system_actions_delete_form\";i:1;i:4;}','30','5','','admin/settings/actions/delete/%','Delete action','t','','4','','Delete an action.','','0',''),('admin/build/menu-customize/%/delete','a:1:{i:3;s:9:\"menu_load\";}','','user_access','a:1:{i:0;s:15:\"administer menu\";}','menu_delete_menu_page','a:1:{i:0;i:3;}','29','5','','admin/build/menu-customize/%/delete','Delete menu','t','','4','','','','0','modules/menu/menu.admin.inc'),('admin/content/node-type/community/display','','','user_access','a:1:{i:0;s:24:\"administer content types\";}','drupal_get_form','a:2:{i:0;s:29:\"content_display_overview_form\";i:1;s:9:\"community\";}','31','5','admin/content/node-type/community','admin/content/node-type/community','Display fields','t','','128','','','','2','sites/all/modules/cck/includes/content.admin.inc'),('admin/content/node-type/community-project/display','','','user_access','a:1:{i:0;s:24:\"administer content types\";}','drupal_get_form','a:2:{i:0;s:29:\"content_display_overview_form\";i:1;s:17:\"community_project\";}','31','5','admin/content/node-type/community-project','admin/content/node-type/community-project','Display fields','t','','128','','','','2','sites/all/modules/cck/includes/content.admin.inc'),('admin/content/node-type/faq/display','','','user_access','a:1:{i:0;s:24:\"administer content types\";}','drupal_get_form','a:2:{i:0;s:29:\"content_display_overview_form\";i:1;s:3:\"faq\";}','31','5','admin/content/node-type/faq','admin/content/node-type/faq','Display fields','t','','128','','','','2','sites/all/modules/cck/includes/content.admin.inc'),('admin/content/node-type/news/display','','','user_access','a:1:{i:0;s:24:\"administer content types\";}','drupal_get_form','a:2:{i:0;s:29:\"content_display_overview_form\";i:1;s:4:\"news\";}','31','5','admin/content/node-type/news','admin/content/node-type/news','Display fields','t','','128','','','','2','sites/all/modules/cck/includes/content.admin.inc');
INSERT INTO `menu_router` VALUES ('admin/content/node-type/page/display','','','user_access','a:1:{i:0;s:24:\"administer content types\";}','drupal_get_form','a:2:{i:0;s:29:\"content_display_overview_form\";i:1;s:4:\"page\";}','31','5','admin/content/node-type/page','admin/content/node-type/page','Display fields','t','','128','','','','2','sites/all/modules/cck/includes/content.admin.inc'),('admin/content/node-type/profile/display','','','user_access','a:1:{i:0;s:24:\"administer content types\";}','drupal_get_form','a:2:{i:0;s:29:\"content_display_overview_form\";i:1;s:7:\"profile\";}','31','5','admin/content/node-type/profile','admin/content/node-type/profile','Display fields','t','','128','','','','2','sites/all/modules/cck/includes/content.admin.inc'),('admin/content/node-type/project/display','','','user_access','a:1:{i:0;s:24:\"administer content types\";}','drupal_get_form','a:2:{i:0;s:29:\"content_display_overview_form\";i:1;s:7:\"project\";}','31','5','admin/content/node-type/project','admin/content/node-type/project','Display fields','t','','128','','','','2','sites/all/modules/cck/includes/content.admin.inc'),('admin/content/node-type/project-code/display','','','user_access','a:1:{i:0;s:24:\"administer content types\";}','drupal_get_form','a:2:{i:0;s:29:\"content_display_overview_form\";i:1;s:12:\"project_code\";}','31','5','admin/content/node-type/project-code','admin/content/node-type/project-code','Display fields','t','','128','','','','2','sites/all/modules/cck/includes/content.admin.inc'),('admin/content/node-type/story/display','','','user_access','a:1:{i:0;s:24:\"administer content types\";}','drupal_get_form','a:2:{i:0;s:29:\"content_display_overview_form\";i:1;s:5:\"story\";}','31','5','admin/content/node-type/story','admin/content/node-type/story','Display fields','t','','128','','','','2','sites/all/modules/cck/includes/content.admin.inc'),('admin/content/backup_migrate/destination/downloadfile','','','user_access','a:1:{i:0;s:19:\"access backup files\";}','backup_migrate_menu_callback','a:3:{i:0;s:12:\"destinations\";i:1;s:43:\"backup_migrate_ui_destination_download_file\";i:2;b:1;}','31','5','','admin/content/backup_migrate/destination/downloadfile','Download File','t','','4','','Download a backup file','','0','');
INSERT INTO `menu_router` VALUES ('admin/build/menu-customize/%/edit','a:1:{i:3;s:9:\"menu_load\";}','','user_access','a:1:{i:0;s:15:\"administer menu\";}','drupal_get_form','a:3:{i:0;s:14:\"menu_edit_menu\";i:1;s:4:\"edit\";i:2;i:3;}','29','5','admin/build/menu-customize/%','admin/build/menu-customize/%','Edit menu','t','','128','','','','0','modules/menu/menu.admin.inc'),('admin/content/node-type/community/fields','','','user_access','a:1:{i:0;s:24:\"administer content types\";}','drupal_get_form','a:2:{i:0;s:27:\"content_field_overview_form\";i:1;s:9:\"community\";}','31','5','admin/content/node-type/community','admin/content/node-type/community','Manage fields','t','','128','','','','1','sites/all/modules/cck/includes/content.admin.inc'),('admin/content/node-type/community-project/fields','','','user_access','a:1:{i:0;s:24:\"administer content types\";}','drupal_get_form','a:2:{i:0;s:27:\"content_field_overview_form\";i:1;s:17:\"community_project\";}','31','5','admin/content/node-type/community-project','admin/content/node-type/community-project','Manage fields','t','','128','','','','1','sites/all/modules/cck/includes/content.admin.inc'),('admin/content/node-type/faq/fields','','','user_access','a:1:{i:0;s:24:\"administer content types\";}','drupal_get_form','a:2:{i:0;s:27:\"content_field_overview_form\";i:1;s:3:\"faq\";}','31','5','admin/content/node-type/faq','admin/content/node-type/faq','Manage fields','t','','128','','','','1','sites/all/modules/cck/includes/content.admin.inc'),('admin/content/node-type/news/fields','','','user_access','a:1:{i:0;s:24:\"administer content types\";}','drupal_get_form','a:2:{i:0;s:27:\"content_field_overview_form\";i:1;s:4:\"news\";}','31','5','admin/content/node-type/news','admin/content/node-type/news','Manage fields','t','','128','','','','1','sites/all/modules/cck/includes/content.admin.inc'),('admin/content/node-type/page/fields','','','user_access','a:1:{i:0;s:24:\"administer content types\";}','drupal_get_form','a:2:{i:0;s:27:\"content_field_overview_form\";i:1;s:4:\"page\";}','31','5','admin/content/node-type/page','admin/content/node-type/page','Manage fields','t','','128','','','','1','sites/all/modules/cck/includes/content.admin.inc');
INSERT INTO `menu_router` VALUES ('admin/content/node-type/profile/fields','','','user_access','a:1:{i:0;s:24:\"administer content types\";}','drupal_get_form','a:2:{i:0;s:27:\"content_field_overview_form\";i:1;s:7:\"profile\";}','31','5','admin/content/node-type/profile','admin/content/node-type/profile','Manage fields','t','','128','','','','1','sites/all/modules/cck/includes/content.admin.inc'),('admin/content/node-type/project/fields','','','user_access','a:1:{i:0;s:24:\"administer content types\";}','drupal_get_form','a:2:{i:0;s:27:\"content_field_overview_form\";i:1;s:7:\"project\";}','31','5','admin/content/node-type/project','admin/content/node-type/project','Manage fields','t','','128','','','','1','sites/all/modules/cck/includes/content.admin.inc'),('admin/content/node-type/project-code/fields','','','user_access','a:1:{i:0;s:24:\"administer content types\";}','drupal_get_form','a:2:{i:0;s:27:\"content_field_overview_form\";i:1;s:12:\"project_code\";}','31','5','admin/content/node-type/project-code','admin/content/node-type/project-code','Manage fields','t','','128','','','','1','sites/all/modules/cck/includes/content.admin.inc'),('admin/content/node-type/story/fields','','','user_access','a:1:{i:0;s:24:\"administer content types\";}','drupal_get_form','a:2:{i:0;s:27:\"content_field_overview_form\";i:1;s:5:\"story\";}','31','5','admin/content/node-type/story','admin/content/node-type/story','Manage fields','t','','128','','','','1','sites/all/modules/cck/includes/content.admin.inc'),('admin/user/autoassignrole/autocomplete/node','','','user_access','a:1:{i:0;s:25:\"administer autoassignrole\";}','autoassignrole_autocomplete_node','a:0:{}','31','5','','admin/user/autoassignrole/autocomplete/node','Node autocomplete','t','','4','','','','0','sites/all/modules/autoassignrole/autoassignrole-admin.inc'),('admin/content/backup_migrate/export/quick','','','user_access','a:1:{i:0;s:25:\"access backup and migrate\";}','backup_migrate_menu_callback','a:3:{i:0;s:0:\"\";i:1;s:37:\"backup_migrate_ui_manual_backup_quick\";i:2;b:1;}','31','5','admin/content/backup_migrate/export','admin/content/backup_migrate','Quick Backup','t','','136','','Backup the database.','','0','');
INSERT INTO `menu_router` VALUES ('user/reset/%/%/%','a:3:{i:2;N;i:3;N;i:4;N;}','','1','a:0:{}','drupal_get_form','a:4:{i:0;s:15:\"user_pass_reset\";i:1;i:2;i:2;i:3;i:3;i:4;}','24','5','','user/reset/%/%/%','Reset password','t','','4','','','','0','modules/user/user.pages.inc'),('admin/views/ajax/autocomplete/user','','','user_access','a:1:{i:0;s:14:\"access content\";}','views_ajax_autocomplete_user','a:0:{}','31','5','','admin/views/ajax/autocomplete/user','','t','','4','','','','0','sites/all/modules/views/includes/ajax.inc'),('admin/build/block/list/amity_island','','','_block_themes_access','a:1:{i:0;O:8:\"stdClass\":12:{s:8:\"filename\";s:47:\"sites/all/themes/amity_island/amity_island.info\";s:4:\"name\";s:12:\"amity_island\";s:4:\"type\";s:5:\"theme\";s:5:\"owner\";s:45:\"themes/engines/phptemplate/phptemplate.engine\";s:6:\"status\";s:1:\"1\";s:8:\"throttle\";s:1:\"0\";s:9:\"bootstrap\";s:1:\"0\";s:14:\"schema_version\";s:2:\"-1\";s:6:\"weight\";s:1:\"0\";s:4:\"info\";a:13:{s:4:\"name\";s:27:\"Amity Island for Drupal 6.x\";s:11:\"description\";s:39:\"Free Theme by ThemeShark.com (default).\";s:7:\"version\";s:7:\"6.x-1.3\";s:4:\"core\";s:3:\"6.x\";s:6:\"engine\";s:11:\"phptemplate\";s:11:\"stylesheets\";a:2:{s:3:\"all\";a:1:{s:9:\"style.css\";s:39:\"sites/all/themes/amity_island/style.css\";}s:5:\"print\";a:1:{s:9:\"print.css\";s:39:\"sites/all/themes/amity_island/print.css\";}}s:7:\"regions\";a:9:{s:4:\"left\";s:12:\"Left sidebar\";s:5:\"right\";s:13:\"Right sidebar\";s:7:\"content\";s:7:\"Content\";s:10:\"contenttop\";s:11:\"Content Top\";s:13:\"contentbottom\";s:14:\"Content Bottom\";s:6:\"footer\";s:6:\"Footer\";s:7:\"primary\";s:13:\"Primary Links\";s:9:\"secondary\";s:15:\"Secondary Links\";s:8:\"toplinks\";s:9:\"Top Links\";}s:8:\"features\";a:10:{i:0;s:4:\"logo\";i:1;s:4:\"name\";i:2;s:6:\"slogan\";i:3;s:7:\"mission\";i:4;s:17:\"node_user_picture\";i:5;s:20:\"comment_user_picture\";i:6;s:6:\"search\";i:7;s:7:\"favicon\";i:8;s:13:\"primary_links\";i:9;s:15:\"secondary_links\";}s:7:\"project\";s:12:\"amity_island\";s:9:\"datestamp\";s:10:\"1255620004\";s:7:\"scripts\";a:1:{s:9:\"script.js\";s:39:\"sites/all/themes/amity_island/script.js\";}s:10:\"screenshot\";s:44:\"sites/all/themes/amity_island/screenshot.png\";s:3:\"php\";s:5:\"4.3.5\";}s:11:\"stylesheets\";a:2:{s:3:\"all\";a:1:{s:9:\"style.css\";s:39:\"sites/all/themes/amity_island/style.css\";}s:5:\"print\";a:1:{s:9:\"print.css\";s:39:\"sites/all/themes/amity_island/print.css\";}}s:6:\"engine\";s:11:\"phptemplate\";}}','block_admin_display','a:1:{i:0;s:12:\"amity_island\";}','31','5','admin/build/block/list','admin/build/block','Amity Island for Drupal 6.x','t','','128','','','','0','modules/block/block.admin.inc');
INSERT INTO `menu_router` VALUES ('admin/build/block/list/bluemarine','','','_block_themes_access','a:1:{i:0;O:8:\"stdClass\":12:{s:8:\"filename\";s:33:\"themes/bluemarine/bluemarine.info\";s:4:\"name\";s:10:\"bluemarine\";s:4:\"type\";s:5:\"theme\";s:5:\"owner\";s:45:\"themes/engines/phptemplate/phptemplate.engine\";s:6:\"status\";s:1:\"0\";s:8:\"throttle\";s:1:\"0\";s:9:\"bootstrap\";s:1:\"0\";s:14:\"schema_version\";s:2:\"-1\";s:6:\"weight\";s:1:\"0\";s:4:\"info\";a:13:{s:4:\"name\";s:10:\"Bluemarine\";s:11:\"description\";s:66:\"Table-based multi-column theme with a marine and ash color scheme.\";s:7:\"version\";s:4:\"6.22\";s:4:\"core\";s:3:\"6.x\";s:6:\"engine\";s:11:\"phptemplate\";s:7:\"project\";s:6:\"drupal\";s:9:\"datestamp\";s:10:\"1306357015\";s:7:\"regions\";a:5:{s:4:\"left\";s:12:\"Left sidebar\";s:5:\"right\";s:13:\"Right sidebar\";s:7:\"content\";s:7:\"Content\";s:6:\"header\";s:6:\"Header\";s:6:\"footer\";s:6:\"Footer\";}s:8:\"features\";a:10:{i:0;s:20:\"comment_user_picture\";i:1;s:7:\"favicon\";i:2;s:7:\"mission\";i:3;s:4:\"logo\";i:4;s:4:\"name\";i:5;s:17:\"node_user_picture\";i:6;s:6:\"search\";i:7;s:6:\"slogan\";i:8;s:13:\"primary_links\";i:9;s:15:\"secondary_links\";}s:11:\"stylesheets\";a:1:{s:3:\"all\";a:1:{s:9:\"style.css\";s:27:\"themes/bluemarine/style.css\";}}s:7:\"scripts\";a:1:{s:9:\"script.js\";s:27:\"themes/bluemarine/script.js\";}s:10:\"screenshot\";s:32:\"themes/bluemarine/screenshot.png\";s:3:\"php\";s:5:\"4.3.5\";}s:11:\"stylesheets\";a:1:{s:3:\"all\";a:1:{s:9:\"style.css\";s:27:\"themes/bluemarine/style.css\";}}s:6:\"engine\";s:11:\"phptemplate\";}}','block_admin_display','a:1:{i:0;s:10:\"bluemarine\";}','31','5','admin/build/block/list','admin/build/block','Bluemarine','t','','128','','','','0','modules/block/block.admin.inc'),('admin/views/ajax/autocomplete/tag','','','user_access','a:1:{i:0;s:16:\"administer views\";}','views_ui_autocomplete_tag','a:0:{}','31','5','','admin/views/ajax/autocomplete/tag','','t','','4','','','','0','sites/all/modules/views/includes/admin.inc');
INSERT INTO `menu_router` VALUES ('admin/build/block/list/chameleon','','','_block_themes_access','a:1:{i:0;O:8:\"stdClass\":11:{s:8:\"filename\";s:31:\"themes/chameleon/chameleon.info\";s:4:\"name\";s:9:\"chameleon\";s:4:\"type\";s:5:\"theme\";s:5:\"owner\";s:32:\"themes/chameleon/chameleon.theme\";s:6:\"status\";s:1:\"0\";s:8:\"throttle\";s:1:\"0\";s:9:\"bootstrap\";s:1:\"0\";s:14:\"schema_version\";s:2:\"-1\";s:6:\"weight\";s:1:\"0\";s:4:\"info\";a:12:{s:4:\"name\";s:9:\"Chameleon\";s:11:\"description\";s:42:\"Minimalist tabled theme with light colors.\";s:7:\"regions\";a:2:{s:4:\"left\";s:12:\"Left sidebar\";s:5:\"right\";s:13:\"Right sidebar\";}s:8:\"features\";a:4:{i:0;s:4:\"logo\";i:1;s:7:\"favicon\";i:2;s:4:\"name\";i:3;s:6:\"slogan\";}s:11:\"stylesheets\";a:1:{s:3:\"all\";a:2:{s:9:\"style.css\";s:26:\"themes/chameleon/style.css\";s:10:\"common.css\";s:27:\"themes/chameleon/common.css\";}}s:7:\"version\";s:4:\"6.22\";s:4:\"core\";s:3:\"6.x\";s:7:\"project\";s:6:\"drupal\";s:9:\"datestamp\";s:10:\"1306357015\";s:7:\"scripts\";a:1:{s:9:\"script.js\";s:26:\"themes/chameleon/script.js\";}s:10:\"screenshot\";s:31:\"themes/chameleon/screenshot.png\";s:3:\"php\";s:5:\"4.3.5\";}s:11:\"stylesheets\";a:1:{s:3:\"all\";a:2:{s:9:\"style.css\";s:26:\"themes/chameleon/style.css\";s:10:\"common.css\";s:27:\"themes/chameleon/common.css\";}}}}','block_admin_display','a:1:{i:0;s:9:\"chameleon\";}','31','5','admin/build/block/list','admin/build/block','Chameleon','t','','128','','','','0','modules/block/block.admin.inc'),('admin/settings/filters/%/configure','a:1:{i:3;s:18:\"filter_format_load\";}','','user_access','a:1:{i:0;s:18:\"administer filters\";}','filter_admin_configure_page','a:1:{i:0;i:3;}','29','5','admin/settings/filters/%','admin/settings/filters/%','Configure','t','','128','','','','1','modules/filter/filter.admin.inc'),('admin/build/contact/delete/%','a:1:{i:4;s:12:\"contact_load\";}','','user_access','a:1:{i:0;s:33:\"administer site-wide contact form\";}','drupal_get_form','a:2:{i:0;s:20:\"contact_admin_delete\";i:1;i:4;}','30','5','','admin/build/contact/delete/%','Delete contact','t','','4','','','','0','modules/contact/contact.admin.inc');
INSERT INTO `menu_router` VALUES ('admin/build/contact/edit/%','a:1:{i:4;s:12:\"contact_load\";}','','user_access','a:1:{i:0;s:33:\"administer site-wide contact form\";}','drupal_get_form','a:3:{i:0;s:18:\"contact_admin_edit\";i:1;i:3;i:2;i:4;}','30','5','','admin/build/contact/edit/%','Edit contact category','t','','4','','','','0','modules/contact/contact.admin.inc'),('admin/build/block/list/garland','','','_block_themes_access','a:1:{i:0;O:8:\"stdClass\":12:{s:8:\"filename\";s:27:\"themes/garland/garland.info\";s:4:\"name\";s:7:\"garland\";s:4:\"type\";s:5:\"theme\";s:5:\"owner\";s:45:\"themes/engines/phptemplate/phptemplate.engine\";s:6:\"status\";s:1:\"1\";s:8:\"throttle\";s:1:\"0\";s:9:\"bootstrap\";s:1:\"0\";s:14:\"schema_version\";s:2:\"-1\";s:6:\"weight\";s:1:\"0\";s:4:\"info\";a:13:{s:4:\"name\";s:7:\"Garland\";s:11:\"description\";s:66:\"Tableless, recolorable, multi-column, fluid width theme (default).\";s:7:\"version\";s:4:\"6.22\";s:4:\"core\";s:3:\"6.x\";s:6:\"engine\";s:11:\"phptemplate\";s:11:\"stylesheets\";a:2:{s:3:\"all\";a:1:{s:9:\"style.css\";s:24:\"themes/garland/style.css\";}s:5:\"print\";a:1:{s:9:\"print.css\";s:24:\"themes/garland/print.css\";}}s:7:\"project\";s:6:\"drupal\";s:9:\"datestamp\";s:10:\"1306357015\";s:7:\"regions\";a:5:{s:4:\"left\";s:12:\"Left sidebar\";s:5:\"right\";s:13:\"Right sidebar\";s:7:\"content\";s:7:\"Content\";s:6:\"header\";s:6:\"Header\";s:6:\"footer\";s:6:\"Footer\";}s:8:\"features\";a:10:{i:0;s:20:\"comment_user_picture\";i:1;s:7:\"favicon\";i:2;s:7:\"mission\";i:3;s:4:\"logo\";i:4;s:4:\"name\";i:5;s:17:\"node_user_picture\";i:6;s:6:\"search\";i:7;s:6:\"slogan\";i:8;s:13:\"primary_links\";i:9;s:15:\"secondary_links\";}s:7:\"scripts\";a:1:{s:9:\"script.js\";s:24:\"themes/garland/script.js\";}s:10:\"screenshot\";s:29:\"themes/garland/screenshot.png\";s:3:\"php\";s:5:\"4.3.5\";}s:11:\"stylesheets\";a:2:{s:3:\"all\";a:1:{s:9:\"style.css\";s:24:\"themes/garland/style.css\";}s:5:\"print\";a:1:{s:9:\"print.css\";s:24:\"themes/garland/print.css\";}}s:6:\"engine\";s:11:\"phptemplate\";}}','block_admin_display','a:1:{i:0;s:7:\"garland\";}','31','5','admin/build/block/list','admin/build/block','Garland','t','','128','','','','0','modules/block/block.admin.inc');
INSERT INTO `menu_router` VALUES ('admin/build/block/list/languageforge','','','_block_themes_access','a:1:{i:0;O:8:\"stdClass\":12:{s:8:\"filename\";s:49:\"sites/all/themes/languageforge/languageforge.info\";s:4:\"name\";s:13:\"languageforge\";s:4:\"type\";s:5:\"theme\";s:5:\"owner\";s:45:\"themes/engines/phptemplate/phptemplate.engine\";s:6:\"status\";s:1:\"1\";s:8:\"throttle\";s:1:\"0\";s:9:\"bootstrap\";s:1:\"0\";s:14:\"schema_version\";s:2:\"-1\";s:6:\"weight\";s:1:\"0\";s:4:\"info\";a:13:{s:4:\"name\";s:13:\"Languageforge\";s:11:\"description\";s:38:\"Languageforge Original Theme(default).\";s:7:\"version\";s:4:\"6.22\";s:4:\"core\";s:3:\"6.x\";s:6:\"engine\";s:11:\"phptemplate\";s:11:\"stylesheets\";a:2:{s:3:\"all\";a:1:{s:13:\"css/style.css\";s:44:\"sites/all/themes/languageforge/css/style.css\";}s:5:\"print\";a:1:{s:9:\"print.css\";s:40:\"sites/all/themes/languageforge/print.css\";}}s:7:\"project\";s:6:\"drupal\";s:9:\"datestamp\";s:10:\"1306357015\";s:7:\"regions\";a:6:{s:12:\"primarylinks\";s:13:\"Primary Links\";s:8:\"helptext\";s:9:\"Help Text\";s:10:\"latestnews\";s:11:\"Latest News\";s:6:\"footer\";s:6:\"Footer\";s:11:\"leftsidebar\";s:13:\"Left Side Bar\";s:15:\"frontquicktasks\";s:17:\"Front Quick Tasks\";}s:8:\"features\";a:10:{i:0;s:20:\"comment_user_picture\";i:1;s:7:\"favicon\";i:2;s:7:\"mission\";i:3;s:4:\"logo\";i:4;s:4:\"name\";i:5;s:17:\"node_user_picture\";i:6;s:6:\"search\";i:7;s:6:\"slogan\";i:8;s:13:\"primary_links\";i:9;s:15:\"secondary_links\";}s:7:\"scripts\";a:1:{s:9:\"script.js\";s:40:\"sites/all/themes/languageforge/script.js\";}s:10:\"screenshot\";s:45:\"sites/all/themes/languageforge/screenshot.png\";s:3:\"php\";s:5:\"4.3.5\";}s:11:\"stylesheets\";a:2:{s:3:\"all\";a:1:{s:13:\"css/style.css\";s:44:\"sites/all/themes/languageforge/css/style.css\";}s:5:\"print\";a:1:{s:9:\"print.css\";s:40:\"sites/all/themes/languageforge/print.css\";}}s:6:\"engine\";s:11:\"phptemplate\";}}','block_admin_display','a:1:{i:0;s:13:\"languageforge\";}','31','5','admin/build/block/list','admin/build/block','Languageforge','t','','136','','','','-10','modules/block/block.admin.inc');
INSERT INTO `menu_router` VALUES ('admin/build/block/list/marvin','','','_block_themes_access','a:1:{i:0;O:8:\"stdClass\":12:{s:8:\"filename\";s:35:\"themes/chameleon/marvin/marvin.info\";s:4:\"name\";s:6:\"marvin\";s:4:\"type\";s:5:\"theme\";s:5:\"owner\";s:0:\"\";s:6:\"status\";s:1:\"0\";s:8:\"throttle\";s:1:\"0\";s:9:\"bootstrap\";s:1:\"0\";s:14:\"schema_version\";s:2:\"-1\";s:6:\"weight\";s:1:\"0\";s:4:\"info\";a:13:{s:4:\"name\";s:6:\"Marvin\";s:11:\"description\";s:31:\"Boxy tabled theme in all grays.\";s:7:\"regions\";a:2:{s:4:\"left\";s:12:\"Left sidebar\";s:5:\"right\";s:13:\"Right sidebar\";}s:7:\"version\";s:4:\"6.22\";s:4:\"core\";s:3:\"6.x\";s:10:\"base theme\";s:9:\"chameleon\";s:7:\"project\";s:6:\"drupal\";s:9:\"datestamp\";s:10:\"1306357015\";s:8:\"features\";a:10:{i:0;s:20:\"comment_user_picture\";i:1;s:7:\"favicon\";i:2;s:7:\"mission\";i:3;s:4:\"logo\";i:4;s:4:\"name\";i:5;s:17:\"node_user_picture\";i:6;s:6:\"search\";i:7;s:6:\"slogan\";i:8;s:13:\"primary_links\";i:9;s:15:\"secondary_links\";}s:11:\"stylesheets\";a:1:{s:3:\"all\";a:1:{s:9:\"style.css\";s:33:\"themes/chameleon/marvin/style.css\";}}s:7:\"scripts\";a:1:{s:9:\"script.js\";s:33:\"themes/chameleon/marvin/script.js\";}s:10:\"screenshot\";s:38:\"themes/chameleon/marvin/screenshot.png\";s:3:\"php\";s:5:\"4.3.5\";}s:11:\"stylesheets\";a:1:{s:3:\"all\";a:1:{s:9:\"style.css\";s:33:\"themes/chameleon/marvin/style.css\";}}s:10:\"base_theme\";s:9:\"chameleon\";}}','block_admin_display','a:1:{i:0;s:6:\"marvin\";}','31','5','admin/build/block/list','admin/build/block','Marvin','t','','128','','','','0','modules/block/block.admin.inc'),('admin/build/block/list/minnelli','','','_block_themes_access','a:1:{i:0;O:8:\"stdClass\":13:{s:8:\"filename\";s:37:\"themes/garland/minnelli/minnelli.info\";s:4:\"name\";s:8:\"minnelli\";s:4:\"type\";s:5:\"theme\";s:5:\"owner\";s:45:\"themes/engines/phptemplate/phptemplate.engine\";s:6:\"status\";s:1:\"0\";s:8:\"throttle\";s:1:\"0\";s:9:\"bootstrap\";s:1:\"0\";s:14:\"schema_version\";s:2:\"-1\";s:6:\"weight\";s:1:\"0\";s:4:\"info\";a:14:{s:4:\"name\";s:8:\"Minnelli\";s:11:\"description\";s:56:\"Tableless, recolorable, multi-column, fixed width theme.\";s:7:\"version\";s:4:\"6.22\";s:4:\"core\";s:3:\"6.x\";s:10:\"base theme\";s:7:\"garland\";s:11:\"stylesheets\";a:1:{s:3:\"all\";a:1:{s:12:\"minnelli.css\";s:36:\"themes/garland/minnelli/minnelli.css\";}}s:7:\"project\";s:6:\"drupal\";s:9:\"datestamp\";s:10:\"1306357015\";s:7:\"regions\";a:5:{s:4:\"left\";s:12:\"Left sidebar\";s:5:\"right\";s:13:\"Right sidebar\";s:7:\"content\";s:7:\"Content\";s:6:\"header\";s:6:\"Header\";s:6:\"footer\";s:6:\"Footer\";}s:8:\"features\";a:10:{i:0;s:20:\"comment_user_picture\";i:1;s:7:\"favicon\";i:2;s:7:\"mission\";i:3;s:4:\"logo\";i:4;s:4:\"name\";i:5;s:17:\"node_user_picture\";i:6;s:6:\"search\";i:7;s:6:\"slogan\";i:8;s:13:\"primary_links\";i:9;s:15:\"secondary_links\";}s:7:\"scripts\";a:1:{s:9:\"script.js\";s:33:\"themes/garland/minnelli/script.js\";}s:10:\"screenshot\";s:38:\"themes/garland/minnelli/screenshot.png\";s:3:\"php\";s:5:\"4.3.5\";s:6:\"engine\";s:11:\"phptemplate\";}s:11:\"stylesheets\";a:1:{s:3:\"all\";a:1:{s:12:\"minnelli.css\";s:36:\"themes/garland/minnelli/minnelli.css\";}}s:6:\"engine\";s:11:\"phptemplate\";s:10:\"base_theme\";s:7:\"garland\";}}','block_admin_display','a:1:{i:0;s:8:\"minnelli\";}','31','5','admin/build/block/list','admin/build/block','Minnelli','t','','128','','','','0','modules/block/block.admin.inc');
INSERT INTO `menu_router` VALUES ('admin/build/block/list/pushbutton','','','_block_themes_access','a:1:{i:0;O:8:\"stdClass\":12:{s:8:\"filename\";s:33:\"themes/pushbutton/pushbutton.info\";s:4:\"name\";s:10:\"pushbutton\";s:4:\"type\";s:5:\"theme\";s:5:\"owner\";s:45:\"themes/engines/phptemplate/phptemplate.engine\";s:6:\"status\";s:1:\"0\";s:8:\"throttle\";s:1:\"0\";s:9:\"bootstrap\";s:1:\"0\";s:14:\"schema_version\";s:2:\"-1\";s:6:\"weight\";s:1:\"0\";s:4:\"info\";a:13:{s:4:\"name\";s:10:\"Pushbutton\";s:11:\"description\";s:52:\"Tabled, multi-column theme in blue and orange tones.\";s:7:\"version\";s:4:\"6.22\";s:4:\"core\";s:3:\"6.x\";s:6:\"engine\";s:11:\"phptemplate\";s:7:\"project\";s:6:\"drupal\";s:9:\"datestamp\";s:10:\"1306357015\";s:7:\"regions\";a:5:{s:4:\"left\";s:12:\"Left sidebar\";s:5:\"right\";s:13:\"Right sidebar\";s:7:\"content\";s:7:\"Content\";s:6:\"header\";s:6:\"Header\";s:6:\"footer\";s:6:\"Footer\";}s:8:\"features\";a:10:{i:0;s:20:\"comment_user_picture\";i:1;s:7:\"favicon\";i:2;s:7:\"mission\";i:3;s:4:\"logo\";i:4;s:4:\"name\";i:5;s:17:\"node_user_picture\";i:6;s:6:\"search\";i:7;s:6:\"slogan\";i:8;s:13:\"primary_links\";i:9;s:15:\"secondary_links\";}s:11:\"stylesheets\";a:1:{s:3:\"all\";a:1:{s:9:\"style.css\";s:27:\"themes/pushbutton/style.css\";}}s:7:\"scripts\";a:1:{s:9:\"script.js\";s:27:\"themes/pushbutton/script.js\";}s:10:\"screenshot\";s:32:\"themes/pushbutton/screenshot.png\";s:3:\"php\";s:5:\"4.3.5\";}s:11:\"stylesheets\";a:1:{s:3:\"all\";a:1:{s:9:\"style.css\";s:27:\"themes/pushbutton/style.css\";}}s:6:\"engine\";s:11:\"phptemplate\";}}','block_admin_display','a:1:{i:0;s:10:\"pushbutton\";}','31','5','admin/build/block/list','admin/build/block','Pushbutton','t','','128','','','','0','modules/block/block.admin.inc'),('admin/settings/filters/%/order','a:1:{i:3;s:18:\"filter_format_load\";}','','user_access','a:1:{i:0;s:18:\"administer filters\";}','filter_admin_order_page','a:1:{i:0;i:3;}','29','5','admin/settings/filters/%','admin/settings/filters/%','Rearrange','t','','128','','','','2','modules/filter/filter.admin.inc');
INSERT INTO `menu_router` VALUES ('admin/content/taxonomy/add/vocabulary','','','user_access','a:1:{i:0;s:19:\"administer taxonomy\";}','drupal_get_form','a:1:{i:0;s:24:\"taxonomy_form_vocabulary\";}','31','5','admin/content/taxonomy','admin/content/taxonomy','Add vocabulary','t','','128','','','','0','modules/taxonomy/taxonomy.admin.inc'),('admin/settings/ckeditor/clone/%','a:1:{i:4;s:21:\"ckeditor_profile_load\";}','','user_access','a:1:{i:0;s:19:\"administer ckeditor\";}','drupal_get_form','a:2:{i:0;s:33:\"ckeditor_admin_profile_clone_form\";i:1;i:4;}','30','5','','admin/settings/ckeditor/clone/%','Clone CKEditor profile','t','','4','','Configure the rich text editor.','','0','sites/all/modules/ckeditor/includes/ckeditor.admin.inc'),('admin/build/activity/delete/%','a:1:{i:4;s:12:\"actions_load\";}','','user_access','a:1:{i:0;s:19:\"administer activity\";}','drupal_get_form','a:2:{i:0;s:28:\"activity_actions_delete_form\";i:1;i:4;}','30','5','','admin/build/activity/delete/%','Delete','t','','4','','Remove an activity action and associated trigger assignment','','0','sites/all/modules/activity/activity.admin.inc'),('admin/build/views/export/%','a:1:{i:4;s:19:\"views_ui_cache_load\";}','','user_access','a:1:{i:0;s:16:\"administer views\";}','drupal_get_form','a:2:{i:0;s:20:\"views_ui_export_page\";i:1;i:4;}','30','5','','admin/build/views/export/%','','t','','4','','','','0','sites/all/modules/views/includes/admin.inc'),('admin/build/views/clone/%','a:1:{i:4;s:19:\"views_ui_cache_load\";}','','user_access','a:1:{i:0;s:16:\"administer views\";}','views_ui_clone_page','a:1:{i:0;i:4;}','30','5','','admin/build/views/clone/%','','t','','4','','','','0','sites/all/modules/views/includes/admin.inc'),('admin/build/views/disable/%','a:1:{i:4;s:21:\"views_ui_default_load\";}','','user_access','a:1:{i:0;s:16:\"administer views\";}','views_ui_disable_page','a:1:{i:0;i:4;}','30','5','','admin/build/views/disable/%','','t','','4','','','','0','sites/all/modules/views/includes/admin.inc'),('admin/build/views/enable/%','a:1:{i:4;s:21:\"views_ui_default_load\";}','','user_access','a:1:{i:0;s:16:\"administer views\";}','views_ui_enable_page','a:1:{i:0;i:4;}','30','5','','admin/build/views/enable/%','','t','','4','','','','0','sites/all/modules/views/includes/admin.inc');
INSERT INTO `menu_router` VALUES ('admin/settings/ckeditor/delete/%','a:1:{i:4;s:21:\"ckeditor_profile_load\";}','','user_access','a:1:{i:0;s:19:\"administer ckeditor\";}','drupal_get_form','a:2:{i:0;s:34:\"ckeditor_admin_profile_delete_form\";i:1;i:4;}','30','5','','admin/settings/ckeditor/delete/%','Delete CKEditor profile','t','','4','','Configure the rich text editor.','','0','sites/all/modules/ckeditor/includes/ckeditor.admin.inc'),('admin/build/views/tools/basic','','','user_access','a:1:{i:0;s:16:\"administer views\";}','drupal_get_form','a:1:{i:0;s:20:\"views_ui_admin_tools\";}','31','5','admin/build/views/tools','admin/build/views','Basic','t','','136','','','','-10','sites/all/modules/views/includes/admin.inc'),('admin/build/views/break-lock/%','a:1:{i:4;s:19:\"views_ui_cache_load\";}','','user_access','a:1:{i:0;s:16:\"administer views\";}','drupal_get_form','a:2:{i:0;s:27:\"views_ui_break_lock_confirm\";i:1;i:4;}','30','5','','admin/build/views/break-lock/%','Delete view','t','','4','','','','0','sites/all/modules/views/includes/admin.inc'),('admin/build/views/delete/%','a:1:{i:4;s:19:\"views_ui_cache_load\";}','','user_access','a:1:{i:0;s:16:\"administer views\";}','drupal_get_form','a:2:{i:0;s:23:\"views_ui_delete_confirm\";i:1;i:4;}','30','5','','admin/build/views/delete/%','Delete view','t','','4','','','','0','sites/all/modules/views/includes/admin.inc'),('admin/build/views/edit/%','a:1:{i:4;s:19:\"views_ui_cache_load\";}','','user_access','a:1:{i:0;s:16:\"administer views\";}','views_ui_edit_page','a:1:{i:0;i:4;}','30','5','admin/build/views','admin/build/views','Edit','t','','128','','','','0','sites/all/modules/views/includes/admin.inc'),('admin/build/views/tools/convert','','','user_access','a:1:{i:0;s:16:\"administer views\";}','views_ui_admin_convert','a:0:{}','31','5','admin/build/views/tools','admin/build/views','Convert','t','','128','','Convert stored Views 1 views.','','1','sites/all/modules/views/includes/convert.inc'),('admin/build/activity/configure/%','a:1:{i:4;s:12:\"actions_load\";}','','user_access','a:1:{i:0;s:19:\"administer activity\";}','drupal_get_form','a:3:{i:0;s:13:\"activity_form\";i:1;i:3;i:2;i:4;}','30','5','','admin/build/activity/configure/%','Edit','t','','4','','Modify how your activity messages will look','','0','sites/all/modules/activity/activity.admin.inc');
INSERT INTO `menu_router` VALUES ('admin/settings/ckeditor/edit/%','a:1:{i:4;s:21:\"ckeditor_profile_load\";}','','user_access','a:1:{i:0;s:19:\"administer ckeditor\";}','drupal_get_form','a:2:{i:0;s:27:\"ckeditor_admin_profile_form\";i:1;i:4;}','30','5','','admin/settings/ckeditor/edit/%','Edit CKEditor profile','t','','4','','Configure the rich text editor.','','0','sites/all/modules/ckeditor/includes/ckeditor.admin.inc'),('node/%/revisions/%/view','a:2:{i:1;a:1:{s:9:\"node_load\";a:1:{i:0;i:3;}}i:3;N;}','','_node_revision_access','a:1:{i:0;i:1;}','node_show','a:3:{i:0;i:1;i:1;N;i:2;b:1;}','21','5','','node/%/revisions/%/view','Revisions','t','','4','','','','0',''),('user/%/notifications/update/%','a:2:{i:1;s:9:\"user_load\";i:4;N;}','','notifications_access_user','a:2:{i:0;i:1;i:1;s:8:\"maintain\";}','drupal_get_form','a:3:{i:0;s:39:\"notifications_update_user_subscriptions\";i:1;i:1;i:2;i:4;}','22','5','','user/%/notifications/update/%','Update subscriptions','t','','4','','','','0','sites/all/modules/notifications/notifications.pages.inc'),('user/%/notifications/add/grouptype','a:1:{i:1;s:9:\"user_load\";}','','notifications_content_access','a:2:{i:0;i:1;i:1;s:30:\"subscribe to content in groups\";}','og_notifications_user_page','a:1:{i:0;i:1;}','23','5','user/%/notifications','user/%','Group notifications','t','','128','','','','10','sites/all/modules/og/modules/og_notifications/og_notifications.pages.inc'),('node/%/revisions/%/delete','a:2:{i:1;a:1:{s:9:\"node_load\";a:1:{i:0;i:3;}}i:3;N;}','','_node_revision_access','a:2:{i:0;i:1;i:1;s:6:\"delete\";}','drupal_get_form','a:2:{i:0;s:28:\"node_revision_delete_confirm\";i:1;i:1;}','21','5','','node/%/revisions/%/delete','Delete earlier revision','t','','4','','','','0','modules/node/node.pages.inc'),('node/%/revisions/%/revert','a:2:{i:1;a:1:{s:9:\"node_load\";a:1:{i:0;i:3;}}i:3;N;}','','_node_revision_access','a:2:{i:0;i:1;i:1;s:6:\"update\";}','drupal_get_form','a:2:{i:0;s:28:\"node_revision_revert_confirm\";i:1;i:1;}','21','5','','node/%/revisions/%/revert','Revert to earlier revision','t','','4','','','','0','modules/node/node.pages.inc');
INSERT INTO `menu_router` VALUES ('admin/content/node-type/community/display/basic','','','user_access','a:1:{i:0;s:24:\"administer content types\";}','drupal_get_form','a:3:{i:0;s:29:\"content_display_overview_form\";i:1;s:9:\"community\";i:2;s:5:\"basic\";}','63','6','admin/content/node-type/community/display','admin/content/node-type/community','Basic','t','','136','','','','0','sites/all/modules/cck/includes/content.admin.inc'),('admin/content/node-type/community-project/display/basic','','','user_access','a:1:{i:0;s:24:\"administer content types\";}','drupal_get_form','a:3:{i:0;s:29:\"content_display_overview_form\";i:1;s:17:\"community_project\";i:2;s:5:\"basic\";}','63','6','admin/content/node-type/community-project/display','admin/content/node-type/community-project','Basic','t','','136','','','','0','sites/all/modules/cck/includes/content.admin.inc'),('admin/content/node-type/faq/display/basic','','','user_access','a:1:{i:0;s:24:\"administer content types\";}','drupal_get_form','a:3:{i:0;s:29:\"content_display_overview_form\";i:1;s:3:\"faq\";i:2;s:5:\"basic\";}','63','6','admin/content/node-type/faq/display','admin/content/node-type/faq','Basic','t','','136','','','','0','sites/all/modules/cck/includes/content.admin.inc'),('admin/content/node-type/news/display/basic','','','user_access','a:1:{i:0;s:24:\"administer content types\";}','drupal_get_form','a:3:{i:0;s:29:\"content_display_overview_form\";i:1;s:4:\"news\";i:2;s:5:\"basic\";}','63','6','admin/content/node-type/news/display','admin/content/node-type/news','Basic','t','','136','','','','0','sites/all/modules/cck/includes/content.admin.inc'),('admin/content/node-type/page/display/basic','','','user_access','a:1:{i:0;s:24:\"administer content types\";}','drupal_get_form','a:3:{i:0;s:29:\"content_display_overview_form\";i:1;s:4:\"page\";i:2;s:5:\"basic\";}','63','6','admin/content/node-type/page/display','admin/content/node-type/page','Basic','t','','136','','','','0','sites/all/modules/cck/includes/content.admin.inc'),('admin/content/node-type/profile/display/basic','','','user_access','a:1:{i:0;s:24:\"administer content types\";}','drupal_get_form','a:3:{i:0;s:29:\"content_display_overview_form\";i:1;s:7:\"profile\";i:2;s:5:\"basic\";}','63','6','admin/content/node-type/profile/display','admin/content/node-type/profile','Basic','t','','136','','','','0','sites/all/modules/cck/includes/content.admin.inc');
INSERT INTO `menu_router` VALUES ('admin/content/node-type/project/display/basic','','','user_access','a:1:{i:0;s:24:\"administer content types\";}','drupal_get_form','a:3:{i:0;s:29:\"content_display_overview_form\";i:1;s:7:\"project\";i:2;s:5:\"basic\";}','63','6','admin/content/node-type/project/display','admin/content/node-type/project','Basic','t','','136','','','','0','sites/all/modules/cck/includes/content.admin.inc'),('admin/content/node-type/project-code/display/basic','','','user_access','a:1:{i:0;s:24:\"administer content types\";}','drupal_get_form','a:3:{i:0;s:29:\"content_display_overview_form\";i:1;s:12:\"project_code\";i:2;s:5:\"basic\";}','63','6','admin/content/node-type/project-code/display','admin/content/node-type/project-code','Basic','t','','136','','','','0','sites/all/modules/cck/includes/content.admin.inc'),('admin/content/node-type/story/display/basic','','','user_access','a:1:{i:0;s:24:\"administer content types\";}','drupal_get_form','a:3:{i:0;s:29:\"content_display_overview_form\";i:1;s:5:\"story\";i:2;s:5:\"basic\";}','63','6','admin/content/node-type/story/display','admin/content/node-type/story','Basic','t','','136','','','','0','sites/all/modules/cck/includes/content.admin.inc'),('admin/content/node-type/community/display/rss','','','user_access','a:1:{i:0;s:24:\"administer content types\";}','drupal_get_form','a:3:{i:0;s:29:\"content_display_overview_form\";i:1;s:9:\"community\";i:2;s:3:\"rss\";}','63','6','admin/content/node-type/community/display','admin/content/node-type/community','RSS','t','','128','','','','1','sites/all/modules/cck/includes/content.admin.inc'),('admin/content/node-type/community-project/display/rss','','','user_access','a:1:{i:0;s:24:\"administer content types\";}','drupal_get_form','a:3:{i:0;s:29:\"content_display_overview_form\";i:1;s:17:\"community_project\";i:2;s:3:\"rss\";}','63','6','admin/content/node-type/community-project/display','admin/content/node-type/community-project','RSS','t','','128','','','','1','sites/all/modules/cck/includes/content.admin.inc');
INSERT INTO `menu_router` VALUES ('admin/content/node-type/faq/display/rss','','','user_access','a:1:{i:0;s:24:\"administer content types\";}','drupal_get_form','a:3:{i:0;s:29:\"content_display_overview_form\";i:1;s:3:\"faq\";i:2;s:3:\"rss\";}','63','6','admin/content/node-type/faq/display','admin/content/node-type/faq','RSS','t','','128','','','','1','sites/all/modules/cck/includes/content.admin.inc'),('admin/content/node-type/news/display/rss','','','user_access','a:1:{i:0;s:24:\"administer content types\";}','drupal_get_form','a:3:{i:0;s:29:\"content_display_overview_form\";i:1;s:4:\"news\";i:2;s:3:\"rss\";}','63','6','admin/content/node-type/news/display','admin/content/node-type/news','RSS','t','','128','','','','1','sites/all/modules/cck/includes/content.admin.inc'),('admin/content/node-type/page/display/rss','','','user_access','a:1:{i:0;s:24:\"administer content types\";}','drupal_get_form','a:3:{i:0;s:29:\"content_display_overview_form\";i:1;s:4:\"page\";i:2;s:3:\"rss\";}','63','6','admin/content/node-type/page/display','admin/content/node-type/page','RSS','t','','128','','','','1','sites/all/modules/cck/includes/content.admin.inc'),('admin/content/node-type/profile/display/rss','','','user_access','a:1:{i:0;s:24:\"administer content types\";}','drupal_get_form','a:3:{i:0;s:29:\"content_display_overview_form\";i:1;s:7:\"profile\";i:2;s:3:\"rss\";}','63','6','admin/content/node-type/profile/display','admin/content/node-type/profile','RSS','t','','128','','','','1','sites/all/modules/cck/includes/content.admin.inc'),('admin/content/node-type/project/display/rss','','','user_access','a:1:{i:0;s:24:\"administer content types\";}','drupal_get_form','a:3:{i:0;s:29:\"content_display_overview_form\";i:1;s:7:\"project\";i:2;s:3:\"rss\";}','63','6','admin/content/node-type/project/display','admin/content/node-type/project','RSS','t','','128','','','','1','sites/all/modules/cck/includes/content.admin.inc'),('admin/content/node-type/project-code/display/rss','','','user_access','a:1:{i:0;s:24:\"administer content types\";}','drupal_get_form','a:3:{i:0;s:29:\"content_display_overview_form\";i:1;s:12:\"project_code\";i:2;s:3:\"rss\";}','63','6','admin/content/node-type/project-code/display','admin/content/node-type/project-code','RSS','t','','128','','','','1','sites/all/modules/cck/includes/content.admin.inc');
INSERT INTO `menu_router` VALUES ('admin/content/node-type/story/display/rss','','','user_access','a:1:{i:0;s:24:\"administer content types\";}','drupal_get_form','a:3:{i:0;s:29:\"content_display_overview_form\";i:1;s:5:\"story\";i:2;s:3:\"rss\";}','63','6','admin/content/node-type/story/display','admin/content/node-type/story','RSS','t','','128','','','','1','sites/all/modules/cck/includes/content.admin.inc'),('admin/content/node-type/community/display/search','','','user_access','a:1:{i:0;s:24:\"administer content types\";}','drupal_get_form','a:3:{i:0;s:29:\"content_display_overview_form\";i:1;s:9:\"community\";i:2;s:6:\"search\";}','63','6','admin/content/node-type/community/display','admin/content/node-type/community','Search','t','','128','','','','1','sites/all/modules/cck/includes/content.admin.inc'),('admin/content/node-type/faq/display/search','','','user_access','a:1:{i:0;s:24:\"administer content types\";}','drupal_get_form','a:3:{i:0;s:29:\"content_display_overview_form\";i:1;s:3:\"faq\";i:2;s:6:\"search\";}','63','6','admin/content/node-type/faq/display','admin/content/node-type/faq','Search','t','','128','','','','1','sites/all/modules/cck/includes/content.admin.inc'),('admin/content/node-type/news/display/search','','','user_access','a:1:{i:0;s:24:\"administer content types\";}','drupal_get_form','a:3:{i:0;s:29:\"content_display_overview_form\";i:1;s:4:\"news\";i:2;s:6:\"search\";}','63','6','admin/content/node-type/news/display','admin/content/node-type/news','Search','t','','128','','','','1','sites/all/modules/cck/includes/content.admin.inc'),('admin/content/node-type/page/display/search','','','user_access','a:1:{i:0;s:24:\"administer content types\";}','drupal_get_form','a:3:{i:0;s:29:\"content_display_overview_form\";i:1;s:4:\"page\";i:2;s:6:\"search\";}','63','6','admin/content/node-type/page/display','admin/content/node-type/page','Search','t','','128','','','','1','sites/all/modules/cck/includes/content.admin.inc'),('admin/build/views/tools/export/results','','','user_access','a:1:{i:0;s:18:\"use views exporter\";}','views_export_export','a:0:{}','63','6','','admin/build/views/tools/export/results','','t','','4','','','','0','');
INSERT INTO `menu_router` VALUES ('admin/content/node-type/community-project/display/search','','','user_access','a:1:{i:0;s:24:\"administer content types\";}','drupal_get_form','a:3:{i:0;s:29:\"content_display_overview_form\";i:1;s:17:\"community_project\";i:2;s:6:\"search\";}','63','6','admin/content/node-type/community-project/display','admin/content/node-type/community-project','Search','t','','128','','','','1','sites/all/modules/cck/includes/content.admin.inc'),('admin/content/node-type/profile/display/search','','','user_access','a:1:{i:0;s:24:\"administer content types\";}','drupal_get_form','a:3:{i:0;s:29:\"content_display_overview_form\";i:1;s:7:\"profile\";i:2;s:6:\"search\";}','63','6','admin/content/node-type/profile/display','admin/content/node-type/profile','Search','t','','128','','','','1','sites/all/modules/cck/includes/content.admin.inc'),('admin/content/node-type/project/display/search','','','user_access','a:1:{i:0;s:24:\"administer content types\";}','drupal_get_form','a:3:{i:0;s:29:\"content_display_overview_form\";i:1;s:7:\"project\";i:2;s:6:\"search\";}','63','6','admin/content/node-type/project/display','admin/content/node-type/project','Search','t','','128','','','','1','sites/all/modules/cck/includes/content.admin.inc'),('admin/content/node-type/project-code/display/search','','','user_access','a:1:{i:0;s:24:\"administer content types\";}','drupal_get_form','a:3:{i:0;s:29:\"content_display_overview_form\";i:1;s:12:\"project_code\";i:2;s:6:\"search\";}','63','6','admin/content/node-type/project-code/display','admin/content/node-type/project-code','Search','t','','128','','','','1','sites/all/modules/cck/includes/content.admin.inc'),('admin/content/node-type/story/display/search','','','user_access','a:1:{i:0;s:24:\"administer content types\";}','drupal_get_form','a:3:{i:0;s:29:\"content_display_overview_form\";i:1;s:5:\"story\";i:2;s:6:\"search\";}','63','6','admin/content/node-type/story/display','admin/content/node-type/story','Search','t','','128','','','','1','sites/all/modules/cck/includes/content.admin.inc');
INSERT INTO `menu_router` VALUES ('admin/content/node-type/community/display/token','','','user_access','a:1:{i:0;s:24:\"administer content types\";}','drupal_get_form','a:3:{i:0;s:29:\"content_display_overview_form\";i:1;s:9:\"community\";i:2;s:5:\"token\";}','63','6','admin/content/node-type/community/display','admin/content/node-type/community','Token','t','','128','','','','1','sites/all/modules/cck/includes/content.admin.inc'),('admin/content/node-type/community-project/display/token','','','user_access','a:1:{i:0;s:24:\"administer content types\";}','drupal_get_form','a:3:{i:0;s:29:\"content_display_overview_form\";i:1;s:17:\"community_project\";i:2;s:5:\"token\";}','63','6','admin/content/node-type/community-project/display','admin/content/node-type/community-project','Token','t','','128','','','','1','sites/all/modules/cck/includes/content.admin.inc'),('admin/content/node-type/faq/display/token','','','user_access','a:1:{i:0;s:24:\"administer content types\";}','drupal_get_form','a:3:{i:0;s:29:\"content_display_overview_form\";i:1;s:3:\"faq\";i:2;s:5:\"token\";}','63','6','admin/content/node-type/faq/display','admin/content/node-type/faq','Token','t','','128','','','','1','sites/all/modules/cck/includes/content.admin.inc'),('admin/content/node-type/news/display/token','','','user_access','a:1:{i:0;s:24:\"administer content types\";}','drupal_get_form','a:3:{i:0;s:29:\"content_display_overview_form\";i:1;s:4:\"news\";i:2;s:5:\"token\";}','63','6','admin/content/node-type/news/display','admin/content/node-type/news','Token','t','','128','','','','1','sites/all/modules/cck/includes/content.admin.inc'),('admin/content/node-type/page/display/token','','','user_access','a:1:{i:0;s:24:\"administer content types\";}','drupal_get_form','a:3:{i:0;s:29:\"content_display_overview_form\";i:1;s:4:\"page\";i:2;s:5:\"token\";}','63','6','admin/content/node-type/page/display','admin/content/node-type/page','Token','t','','128','','','','1','sites/all/modules/cck/includes/content.admin.inc'),('admin/content/node-type/profile/display/token','','','user_access','a:1:{i:0;s:24:\"administer content types\";}','drupal_get_form','a:3:{i:0;s:29:\"content_display_overview_form\";i:1;s:7:\"profile\";i:2;s:5:\"token\";}','63','6','admin/content/node-type/profile/display','admin/content/node-type/profile','Token','t','','128','','','','1','sites/all/modules/cck/includes/content.admin.inc');
INSERT INTO `menu_router` VALUES ('admin/content/node-type/project/display/token','','','user_access','a:1:{i:0;s:24:\"administer content types\";}','drupal_get_form','a:3:{i:0;s:29:\"content_display_overview_form\";i:1;s:7:\"project\";i:2;s:5:\"token\";}','63','6','admin/content/node-type/project/display','admin/content/node-type/project','Token','t','','128','','','','1','sites/all/modules/cck/includes/content.admin.inc'),('admin/content/node-type/project-code/display/token','','','user_access','a:1:{i:0;s:24:\"administer content types\";}','drupal_get_form','a:3:{i:0;s:29:\"content_display_overview_form\";i:1;s:12:\"project_code\";i:2;s:5:\"token\";}','63','6','admin/content/node-type/project-code/display','admin/content/node-type/project-code','Token','t','','128','','','','1','sites/all/modules/cck/includes/content.admin.inc'),('admin/content/node-type/story/display/token','','','user_access','a:1:{i:0;s:24:\"administer content types\";}','drupal_get_form','a:3:{i:0;s:29:\"content_display_overview_form\";i:1;s:5:\"story\";i:2;s:5:\"token\";}','63','6','admin/content/node-type/story/display','admin/content/node-type/story','Token','t','','128','','','','1','sites/all/modules/cck/includes/content.admin.inc'),('admin/content/backup_migrate/destination/list/files','','','user_access','a:1:{i:0;s:19:\"access backup files\";}','backup_migrate_menu_callback','a:3:{i:0;s:12:\"destinations\";i:1;s:43:\"backup_migrate_ui_destination_display_files\";i:2;b:1;}','63','6','admin/content/backup_migrate/destination/list','admin/content/backup_migrate','Destination Files','t','','128','','','','0',''),('admin/content/node-type/community/groups/%','a:1:{i:5;N;}','','user_access','a:1:{i:0;s:24:\"administer content types\";}','drupal_get_form','a:3:{i:0;s:26:\"fieldgroup_group_edit_form\";i:1;s:9:\"community\";i:2;i:5;}','62','6','','admin/content/node-type/community/groups/%','Edit group','t','','4','','','','0',''),('admin/content/node-type/community-project/groups/%','a:1:{i:5;N;}','','user_access','a:1:{i:0;s:24:\"administer content types\";}','drupal_get_form','a:3:{i:0;s:26:\"fieldgroup_group_edit_form\";i:1;s:17:\"community_project\";i:2;i:5;}','62','6','','admin/content/node-type/community-project/groups/%','Edit group','t','','4','','','','0','');
INSERT INTO `menu_router` VALUES ('admin/content/node-type/faq/groups/%','a:1:{i:5;N;}','','user_access','a:1:{i:0;s:24:\"administer content types\";}','drupal_get_form','a:3:{i:0;s:26:\"fieldgroup_group_edit_form\";i:1;s:3:\"faq\";i:2;i:5;}','62','6','','admin/content/node-type/faq/groups/%','Edit group','t','','4','','','','0',''),('admin/content/node-type/news/groups/%','a:1:{i:5;N;}','','user_access','a:1:{i:0;s:24:\"administer content types\";}','drupal_get_form','a:3:{i:0;s:26:\"fieldgroup_group_edit_form\";i:1;s:4:\"news\";i:2;i:5;}','62','6','','admin/content/node-type/news/groups/%','Edit group','t','','4','','','','0',''),('admin/content/node-type/page/groups/%','a:1:{i:5;N;}','','user_access','a:1:{i:0;s:24:\"administer content types\";}','drupal_get_form','a:3:{i:0;s:26:\"fieldgroup_group_edit_form\";i:1;s:4:\"page\";i:2;i:5;}','62','6','','admin/content/node-type/page/groups/%','Edit group','t','','4','','','','0',''),('admin/content/node-type/profile/groups/%','a:1:{i:5;N;}','','user_access','a:1:{i:0;s:24:\"administer content types\";}','drupal_get_form','a:3:{i:0;s:26:\"fieldgroup_group_edit_form\";i:1;s:7:\"profile\";i:2;i:5;}','62','6','','admin/content/node-type/profile/groups/%','Edit group','t','','4','','','','0',''),('admin/content/node-type/project/groups/%','a:1:{i:5;N;}','','user_access','a:1:{i:0;s:24:\"administer content types\";}','drupal_get_form','a:3:{i:0;s:26:\"fieldgroup_group_edit_form\";i:1;s:7:\"project\";i:2;i:5;}','62','6','','admin/content/node-type/project/groups/%','Edit group','t','','4','','','','0',''),('admin/content/node-type/project-code/groups/%','a:1:{i:5;N;}','','user_access','a:1:{i:0;s:24:\"administer content types\";}','drupal_get_form','a:3:{i:0;s:26:\"fieldgroup_group_edit_form\";i:1;s:12:\"project_code\";i:2;i:5;}','62','6','','admin/content/node-type/project-code/groups/%','Edit group','t','','4','','','','0',''),('admin/content/node-type/story/groups/%','a:1:{i:5;N;}','','user_access','a:1:{i:0;s:24:\"administer content types\";}','drupal_get_form','a:3:{i:0;s:26:\"fieldgroup_group_edit_form\";i:1;s:5:\"story\";i:2;i:5;}','62','6','','admin/content/node-type/story/groups/%','Edit group','t','','4','','','','0','');
INSERT INTO `menu_router` VALUES ('admin/content/node-type/community-project/fields/field_analysislang','','','user_access','a:1:{i:0;s:24:\"administer content types\";}','drupal_get_form','a:3:{i:0;s:23:\"content_field_edit_form\";i:1;s:17:\"community_project\";i:2;s:18:\"field_analysislang\";}','63','6','admin/content/node-type/community-project/fields','admin/content/node-type/community-project','Analysis Language','t','','128','','','','0','sites/all/modules/cck/includes/content.admin.inc'),('admin/content/node-type/project/fields/field_analysislang','','','user_access','a:1:{i:0;s:24:\"administer content types\";}','drupal_get_form','a:3:{i:0;s:23:\"content_field_edit_form\";i:1;s:7:\"project\";i:2;s:18:\"field_analysislang\";}','63','6','admin/content/node-type/project/fields','admin/content/node-type/project','Analysis Language','t','','128','','','','0','sites/all/modules/cck/includes/content.admin.inc'),('admin/content/node-type/project-code/fields/field_analysislang','','','user_access','a:1:{i:0;s:24:\"administer content types\";}','drupal_get_form','a:3:{i:0;s:23:\"content_field_edit_form\";i:1;s:12:\"project_code\";i:2;s:18:\"field_analysislang\";}','63','6','admin/content/node-type/project-code/fields','admin/content/node-type/project-code','Analysis Language','t','','128','','','','0','sites/all/modules/cck/includes/content.admin.inc'),('admin/content/backup_migrate/destination/list/delete','','','user_access','a:1:{i:0;s:29:\"administer backup and migrate\";}','backup_migrate_menu_callback','a:3:{i:0;s:4:\"crud\";i:1;s:29:\"backup_migrate_crud_ui_delete\";i:2;b:1;}','63','6','admin/content/backup_migrate/destination/list','admin/content/backup_migrate','Delete !type','t','a:1:{s:5:\"!type\";s:11:\"Destination\";}','128','','','','0',''),('admin/content/backup_migrate/profile/list/delete','','','user_access','a:1:{i:0;s:29:\"administer backup and migrate\";}','backup_migrate_menu_callback','a:3:{i:0;s:4:\"crud\";i:1;s:29:\"backup_migrate_crud_ui_delete\";i:2;b:1;}','63','6','admin/content/backup_migrate/profile/list','admin/content/backup_migrate','Delete !type','t','a:1:{s:5:\"!type\";s:7:\"Profile\";}','128','','','','0','');
INSERT INTO `menu_router` VALUES ('admin/content/backup_migrate/schedule/list/delete','','','user_access','a:1:{i:0;s:29:\"administer backup and migrate\";}','backup_migrate_menu_callback','a:3:{i:0;s:4:\"crud\";i:1;s:29:\"backup_migrate_crud_ui_delete\";i:2;b:1;}','63','6','admin/content/backup_migrate/schedule/list','admin/content/backup_migrate','Delete !type','t','a:1:{s:5:\"!type\";s:8:\"Schedule\";}','128','','','','0',''),('admin/content/backup_migrate/destination/list/deletefile','','','user_access','a:1:{i:0;s:19:\"delete backup files\";}','backup_migrate_menu_callback','a:3:{i:0;s:12:\"destinations\";i:1;s:41:\"backup_migrate_ui_destination_delete_file\";i:2;b:1;}','63','6','admin/content/backup_migrate/destination/list','admin/content/backup_migrate','Delete File','t','','128','','Delete a backup file','','0',''),('admin/build/menu/item/%/delete','a:1:{i:4;s:14:\"menu_link_load\";}','','user_access','a:1:{i:0;s:15:\"administer menu\";}','menu_item_delete_page','a:1:{i:0;i:4;}','61','6','','admin/build/menu/item/%/delete','Delete menu item','t','','4','','','','0','modules/menu/menu.admin.inc'),('admin/content/backup_migrate/destination/list/edit','','','user_access','a:1:{i:0;s:29:\"administer backup and migrate\";}','backup_migrate_menu_callback','a:3:{i:0;s:4:\"crud\";i:1;s:27:\"backup_migrate_crud_ui_edit\";i:2;b:1;}','63','6','admin/content/backup_migrate/destination/list','admin/content/backup_migrate','Edit !type','t','a:1:{s:5:\"!type\";s:11:\"Destination\";}','128','','','','0',''),('admin/content/backup_migrate/profile/list/edit','','','user_access','a:1:{i:0;s:29:\"administer backup and migrate\";}','backup_migrate_menu_callback','a:3:{i:0;s:4:\"crud\";i:1;s:27:\"backup_migrate_crud_ui_edit\";i:2;b:1;}','63','6','admin/content/backup_migrate/profile/list','admin/content/backup_migrate','Edit !type','t','a:1:{s:5:\"!type\";s:7:\"Profile\";}','128','','','','0',''),('admin/content/backup_migrate/schedule/list/edit','','','user_access','a:1:{i:0;s:29:\"administer backup and migrate\";}','backup_migrate_menu_callback','a:3:{i:0;s:4:\"crud\";i:1;s:27:\"backup_migrate_crud_ui_edit\";i:2;b:1;}','63','6','admin/content/backup_migrate/schedule/list','admin/content/backup_migrate','Edit !type','t','a:1:{s:5:\"!type\";s:8:\"Schedule\";}','128','','','','0','');
INSERT INTO `menu_router` VALUES ('admin/build/menu/item/%/edit','a:1:{i:4;s:14:\"menu_link_load\";}','','user_access','a:1:{i:0;s:15:\"administer menu\";}','drupal_get_form','a:4:{i:0;s:14:\"menu_edit_item\";i:1;s:4:\"edit\";i:2;i:4;i:3;N;}','61','6','','admin/build/menu/item/%/edit','Edit menu item','t','','4','','','','0','modules/menu/menu.admin.inc'),('admin/content/taxonomy/edit/vocabulary/%','a:1:{i:5;s:24:\"taxonomy_vocabulary_load\";}','','user_access','a:1:{i:0;s:19:\"administer taxonomy\";}','taxonomy_admin_vocabulary_edit','a:1:{i:0;i:5;}','62','6','','admin/content/taxonomy/edit/vocabulary/%','Edit vocabulary','t','','4','','','','0','modules/taxonomy/taxonomy.admin.inc'),('admin/content/backup_migrate/destination/list/export','','','user_access','a:1:{i:0;s:29:\"administer backup and migrate\";}','backup_migrate_menu_callback','a:3:{i:0;s:4:\"crud\";i:1;s:29:\"backup_migrate_crud_ui_export\";i:2;b:1;}','63','6','admin/content/backup_migrate/destination/list','admin/content/backup_migrate','Export !type','t','a:1:{s:5:\"!type\";s:11:\"Destination\";}','128','','','','0',''),('admin/content/backup_migrate/profile/list/export','','','user_access','a:1:{i:0;s:29:\"administer backup and migrate\";}','backup_migrate_menu_callback','a:3:{i:0;s:4:\"crud\";i:1;s:29:\"backup_migrate_crud_ui_export\";i:2;b:1;}','63','6','admin/content/backup_migrate/profile/list','admin/content/backup_migrate','Export !type','t','a:1:{s:5:\"!type\";s:7:\"Profile\";}','128','','','','0',''),('admin/content/backup_migrate/schedule/list/export','','','user_access','a:1:{i:0;s:29:\"administer backup and migrate\";}','backup_migrate_menu_callback','a:3:{i:0;s:4:\"crud\";i:1;s:29:\"backup_migrate_crud_ui_export\";i:2;b:1;}','63','6','admin/content/backup_migrate/schedule/list','admin/content/backup_migrate','Export !type','t','a:1:{s:5:\"!type\";s:8:\"Schedule\";}','128','','','','0',''),('admin/content/node-type/project-code/fields/field_password','','','user_access','a:1:{i:0;s:24:\"administer content types\";}','drupal_get_form','a:3:{i:0;s:23:\"content_field_edit_form\";i:1;s:12:\"project_code\";i:2;s:14:\"field_password\";}','63','6','admin/content/node-type/project-code/fields','admin/content/node-type/project-code','Password','t','','128','','','','0','sites/all/modules/cck/includes/content.admin.inc');
INSERT INTO `menu_router` VALUES ('admin/content/node-type/project-code/fields/field_projectcode','','','user_access','a:1:{i:0;s:24:\"administer content types\";}','drupal_get_form','a:3:{i:0;s:23:\"content_field_edit_form\";i:1;s:12:\"project_code\";i:2;s:17:\"field_projectcode\";}','63','6','admin/content/node-type/project-code/fields','admin/content/node-type/project-code','Project Code','t','','128','','','','0','sites/all/modules/cck/includes/content.admin.inc'),('admin/content/node-type/community-project/fields/field_projectname','','','user_access','a:1:{i:0;s:24:\"administer content types\";}','drupal_get_form','a:3:{i:0;s:23:\"content_field_edit_form\";i:1;s:17:\"community_project\";i:2;s:17:\"field_projectname\";}','63','6','admin/content/node-type/community-project/fields','admin/content/node-type/community-project','Project Name','t','','128','','','','0','sites/all/modules/cck/includes/content.admin.inc'),('admin/build/menu/item/%/reset','a:1:{i:4;s:14:\"menu_link_load\";}','','user_access','a:1:{i:0;s:15:\"administer menu\";}','drupal_get_form','a:2:{i:0;s:23:\"menu_reset_item_confirm\";i:1;i:4;}','61','6','','admin/build/menu/item/%/reset','Reset menu item','t','','4','','','','0','modules/menu/menu.admin.inc'),('admin/content/backup_migrate/destination/list/restorefile','','','user_access','a:1:{i:0;s:19:\"restore from backup\";}','backup_migrate_menu_callback','a:3:{i:0;s:12:\"destinations\";i:1;s:42:\"backup_migrate_ui_destination_restore_file\";i:2;b:1;}','63','6','admin/content/backup_migrate/destination/list','admin/content/backup_migrate','Restore from backup','t','','128','','Restore database from a backup file on the server','','0',''),('admin/content/node-type/project-code/fields/field_username','','','user_access','a:1:{i:0;s:24:\"administer content types\";}','drupal_get_form','a:3:{i:0;s:23:\"content_field_edit_form\";i:1;s:12:\"project_code\";i:2;s:14:\"field_username\";}','63','6','admin/content/node-type/project-code/fields','admin/content/node-type/project-code','User Name','t','','128','','','','0','sites/all/modules/cck/includes/content.admin.inc');
INSERT INTO `menu_router` VALUES ('admin/build/views/%/add-display/%','a:2:{i:3;s:16:\"views_ui_js_load\";i:5;s:19:\"views_ui_cache_load\";}','','user_access','a:1:{i:0;s:16:\"administer views\";}','views_ui_add_display','a:2:{i:0;i:3;i:1;i:5;}','58','6','','admin/build/views/%/add-display/%','','t','','4','','','','0','sites/all/modules/views/includes/admin.inc'),('user/%/notifications/subscriptions/delete/%','a:2:{i:1;s:9:\"user_load\";i:5;s:31:\"notifications_subscription_load\";}','','notifications_subscription_access','a:2:{i:0;s:11:\"unsubscribe\";i:1;i:5;}','drupal_get_form','a:2:{i:0;s:38:\"notifications_form_unsubscribe_confirm\";i:1;i:5;}','46','6','user/%/notifications/subscriptions','user/%','Delete subscription','t','','128','','','','0','sites/all/modules/notifications/notifications.pages.inc'),('user/%/notifications/subscriptions/edit/%','a:2:{i:1;s:9:\"user_load\";i:5;s:31:\"notifications_subscription_load\";}','','notifications_subscription_access','a:2:{i:0;s:4:\"edit\";i:1;i:5;}','drupal_get_form','a:2:{i:0;s:31:\"notifications_subscription_form\";i:1;i:5;}','46','6','user/%/notifications/subscriptions','user/%','Edit subscription','t','','128','','','','0','sites/all/modules/notifications/notifications.pages.inc'),('admin/build/views/%/%/%','a:3:{i:3;s:16:\"views_ui_js_load\";i:4;N;i:5;s:19:\"views_ui_cache_load\";}','','user_access','a:1:{i:0;s:16:\"administer views\";}','views_ui_ajax_form','a:3:{i:0;i:3;i:1;i:4;i:2;i:5;}','56','6','','admin/build/views/%/%/%','','t','','4','','','','0','sites/all/modules/views/includes/admin.inc'),('admin/content/taxonomy/%/add/term','a:1:{i:3;s:24:\"taxonomy_vocabulary_load\";}','','user_access','a:1:{i:0;s:19:\"administer taxonomy\";}','taxonomy_add_term_page','a:1:{i:0;i:3;}','59','6','admin/content/taxonomy/%','admin/content/taxonomy/%','Add term','t','','128','','','','0','modules/taxonomy/taxonomy.admin.inc'),('admin/build/views/%/preview/%','a:2:{i:3;s:16:\"views_ui_js_load\";i:5;s:19:\"views_ui_cache_load\";}','','user_access','a:1:{i:0;s:16:\"administer views\";}','views_ui_preview','a:2:{i:0;i:3;i:1;i:5;}','58','6','','admin/build/views/%/preview/%','','t','','4','','','','0','sites/all/modules/views/includes/admin.inc');
INSERT INTO `menu_router` VALUES ('admin/build/activity/batch/%/%','a:2:{i:4;s:19:\"activity_batch_load\";i:5;N;}','','activity_batch_access','a:2:{i:0;i:4;i:1;i:5;}','activity_batch_regenerate','a:1:{i:0;i:4;}','60','6','','admin/build/activity/batch/%/%','Batch Update','t','','4','','','','0','sites/all/modules/activity/activity.admin.inc'),('admin/build/views/%/analyze/%','a:2:{i:3;s:16:\"views_ui_js_load\";i:5;s:19:\"views_ui_cache_load\";}','','user_access','a:1:{i:0;s:16:\"administer views\";}','views_ui_analyze_view','a:2:{i:0;i:3;i:1;i:5;}','58','6','','admin/build/views/%/analyze/%','','t','','4','','','','0','sites/all/modules/views/includes/admin.inc'),('admin/build/views/%/details/%','a:2:{i:3;s:16:\"views_ui_js_load\";i:5;s:19:\"views_ui_cache_load\";}','','user_access','a:1:{i:0;s:16:\"administer views\";}','views_ui_edit_details','a:2:{i:0;i:3;i:1;i:5;}','58','6','','admin/build/views/%/details/%','','t','','4','','','','0','sites/all/modules/views/includes/admin.inc'),('admin/content/node-type/community/groups/%/remove','a:1:{i:5;N;}','','user_access','a:1:{i:0;s:24:\"administer content types\";}','drupal_get_form','a:3:{i:0;s:23:\"fieldgroup_remove_group\";i:1;s:9:\"community\";i:2;i:5;}','125','7','','admin/content/node-type/community/groups/%/remove','Edit group','t','','4','','','','0',''),('admin/content/node-type/community-project/groups/%/remove','a:1:{i:5;N;}','','user_access','a:1:{i:0;s:24:\"administer content types\";}','drupal_get_form','a:3:{i:0;s:23:\"fieldgroup_remove_group\";i:1;s:17:\"community_project\";i:2;i:5;}','125','7','','admin/content/node-type/community-project/groups/%/remove','Edit group','t','','4','','','','0',''),('admin/content/node-type/faq/groups/%/remove','a:1:{i:5;N;}','','user_access','a:1:{i:0;s:24:\"administer content types\";}','drupal_get_form','a:3:{i:0;s:23:\"fieldgroup_remove_group\";i:1;s:3:\"faq\";i:2;i:5;}','125','7','','admin/content/node-type/faq/groups/%/remove','Edit group','t','','4','','','','0',''),('admin/content/node-type/news/groups/%/remove','a:1:{i:5;N;}','','user_access','a:1:{i:0;s:24:\"administer content types\";}','drupal_get_form','a:3:{i:0;s:23:\"fieldgroup_remove_group\";i:1;s:4:\"news\";i:2;i:5;}','125','7','','admin/content/node-type/news/groups/%/remove','Edit group','t','','4','','','','0','');
INSERT INTO `menu_router` VALUES ('admin/content/node-type/page/groups/%/remove','a:1:{i:5;N;}','','user_access','a:1:{i:0;s:24:\"administer content types\";}','drupal_get_form','a:3:{i:0;s:23:\"fieldgroup_remove_group\";i:1;s:4:\"page\";i:2;i:5;}','125','7','','admin/content/node-type/page/groups/%/remove','Edit group','t','','4','','','','0',''),('admin/content/node-type/profile/groups/%/remove','a:1:{i:5;N;}','','user_access','a:1:{i:0;s:24:\"administer content types\";}','drupal_get_form','a:3:{i:0;s:23:\"fieldgroup_remove_group\";i:1;s:7:\"profile\";i:2;i:5;}','125','7','','admin/content/node-type/profile/groups/%/remove','Edit group','t','','4','','','','0',''),('admin/content/node-type/project/groups/%/remove','a:1:{i:5;N;}','','user_access','a:1:{i:0;s:24:\"administer content types\";}','drupal_get_form','a:3:{i:0;s:23:\"fieldgroup_remove_group\";i:1;s:7:\"project\";i:2;i:5;}','125','7','','admin/content/node-type/project/groups/%/remove','Edit group','t','','4','','','','0',''),('admin/content/node-type/project-code/groups/%/remove','a:1:{i:5;N;}','','user_access','a:1:{i:0;s:24:\"administer content types\";}','drupal_get_form','a:3:{i:0;s:23:\"fieldgroup_remove_group\";i:1;s:12:\"project_code\";i:2;i:5;}','125','7','','admin/content/node-type/project-code/groups/%/remove','Edit group','t','','4','','','','0',''),('admin/content/node-type/story/groups/%/remove','a:1:{i:5;N;}','','user_access','a:1:{i:0;s:24:\"administer content types\";}','drupal_get_form','a:3:{i:0;s:23:\"fieldgroup_remove_group\";i:1;s:5:\"story\";i:2;i:5;}','125','7','','admin/content/node-type/story/groups/%/remove','Edit group','t','','4','','','','0',''),('admin/content/node-type/community-project/fields/field_analysislang/remove','','','user_access','a:1:{i:0;s:24:\"administer content types\";}','drupal_get_form','a:3:{i:0;s:25:\"content_field_remove_form\";i:1;s:17:\"community_project\";i:2;s:18:\"field_analysislang\";}','127','7','','admin/content/node-type/community-project/fields/field_analysislang/remove','Remove field','t','','4','','','','0','sites/all/modules/cck/includes/content.admin.inc');
INSERT INTO `menu_router` VALUES ('admin/content/node-type/community-project/fields/field_projectname/remove','','','user_access','a:1:{i:0;s:24:\"administer content types\";}','drupal_get_form','a:3:{i:0;s:25:\"content_field_remove_form\";i:1;s:17:\"community_project\";i:2;s:17:\"field_projectname\";}','127','7','','admin/content/node-type/community-project/fields/field_projectname/remove','Remove field','t','','4','','','','0','sites/all/modules/cck/includes/content.admin.inc'),('admin/content/node-type/project/fields/field_analysislang/remove','','','user_access','a:1:{i:0;s:24:\"administer content types\";}','drupal_get_form','a:3:{i:0;s:25:\"content_field_remove_form\";i:1;s:7:\"project\";i:2;s:18:\"field_analysislang\";}','127','7','','admin/content/node-type/project/fields/field_analysislang/remove','Remove field','t','','4','','','','0','sites/all/modules/cck/includes/content.admin.inc'),('admin/content/node-type/project-code/fields/field_analysislang/remove','','','user_access','a:1:{i:0;s:24:\"administer content types\";}','drupal_get_form','a:3:{i:0;s:25:\"content_field_remove_form\";i:1;s:12:\"project_code\";i:2;s:18:\"field_analysislang\";}','127','7','','admin/content/node-type/project-code/fields/field_analysislang/remove','Remove field','t','','4','','','','0','sites/all/modules/cck/includes/content.admin.inc'),('admin/content/node-type/project-code/fields/field_password/remove','','','user_access','a:1:{i:0;s:24:\"administer content types\";}','drupal_get_form','a:3:{i:0;s:25:\"content_field_remove_form\";i:1;s:12:\"project_code\";i:2;s:14:\"field_password\";}','127','7','','admin/content/node-type/project-code/fields/field_password/remove','Remove field','t','','4','','','','0','sites/all/modules/cck/includes/content.admin.inc'),('admin/content/node-type/project-code/fields/field_projectcode/remove','','','user_access','a:1:{i:0;s:24:\"administer content types\";}','drupal_get_form','a:3:{i:0;s:25:\"content_field_remove_form\";i:1;s:12:\"project_code\";i:2;s:17:\"field_projectcode\";}','127','7','','admin/content/node-type/project-code/fields/field_projectcode/remove','Remove field','t','','4','','','','0','sites/all/modules/cck/includes/content.admin.inc');
INSERT INTO `menu_router` VALUES ('admin/content/node-type/project-code/fields/field_username/remove','','','user_access','a:1:{i:0;s:24:\"administer content types\";}','drupal_get_form','a:3:{i:0;s:25:\"content_field_remove_form\";i:1;s:12:\"project_code\";i:2;s:14:\"field_username\";}','127','7','','admin/content/node-type/project-code/fields/field_username/remove','Remove field','t','','4','','','','0','sites/all/modules/cck/includes/content.admin.inc');

-- --------------------------------------------------------

--
-- Table structure for table `messaging_message_parts`
--

CREATE TABLE IF NOT EXISTS `messaging_message_parts` (
  `type` varchar(100) NOT NULL DEFAULT '',
  `method` varchar(50) NOT NULL DEFAULT '',
  `msgkey` varchar(100) NOT NULL DEFAULT '',
  `module` varchar(255) NOT NULL DEFAULT '',
  `message` longtext NOT NULL,
  KEY `type` (`type`),
  KEY `method` (`method`),
  KEY `msgkey` (`msgkey`)
) ENGINE=MyISAM DEFAULT CHARSET=utf8;

--
-- Dumping data for table `messaging_message_parts`
--


-- --------------------------------------------------------

--
-- Table structure for table `messaging_store`
--

CREATE TABLE IF NOT EXISTS `messaging_store` (
  `mqid` int(10) unsigned NOT NULL AUTO_INCREMENT,
  `uid` int(10) unsigned NOT NULL DEFAULT '0',
  `sender` int(10) unsigned NOT NULL DEFAULT '0',
  `method` varchar(255) NOT NULL DEFAULT '',
  `destination` varchar(255) NOT NULL DEFAULT '',
  `subject` varchar(255) NOT NULL DEFAULT '',
  `body` longtext NOT NULL,
  `params` longtext NOT NULL,
  `created` int(11) NOT NULL DEFAULT '0',
  `sent` int(11) NOT NULL DEFAULT '0',
  `cron` tinyint(4) NOT NULL DEFAULT '0',
  `queue` tinyint(4) NOT NULL DEFAULT '0',
  `log` tinyint(4) NOT NULL DEFAULT '0',
  PRIMARY KEY (`mqid`),
  KEY `cron` (`cron`),
  KEY `queue` (`queue`),
  KEY `log` (`log`)
) ENGINE=MyISAM  DEFAULT CHARSET=utf8 AUTO_INCREMENT=57 ;

--
-- Dumping data for table `messaging_store`
--

INSERT INTO `messaging_store` (`mqid`, `uid`, `sender`, `method`, `destination`, `subject`, `body`, `params`, `created`, `sent`, `cron`, `queue`, `log`) VALUES
(1, 4, 0, 'privatemsg', 'user:4', 'You are now an administrator for the group ''newcommunity''', 'Greetings, newuser.\nnewuser, you are now an administrator for the group ''newcommunity''.\n\nYou can administer this group by logging in here:\nhttp://languageforge.local/web/node/19\nThis is an automatic message from Language Forge  LF Dictionary\nTo manage your subscriptions, browse to  \nhttp://languageforge.local/web/user/4/notifications\n\n', 'a:1:{s:12:"destinations";a:1:{i:0;s:1:"4";}}', 1306402502, 0, 0, 0, 1),
(2, 3, 0, 'privatemsg', 'user:3', 'You are now an administrator for the group ''Thai''', 'Greetings, arivusudar.nc.\n\narivusudar.nc, you are now an administrator for the group ''Thai''. You can  \nadminister this group by logging in here:  \nhttp://languageforge.local/web/node/24\n\nThis is an automatic message from Language Forge  LF Dictionary\nTo manage your subscriptions, browse to  \nhttp://languageforge.local/web/user/3/notifications\n\n', 'a:1:{s:12:"destinations";a:1:{i:0;s:1:"3";}}', 1306411501, 0, 0, 0, 1),
(3, 4, 0, 'privatemsg', 'user:4', 'You are now an administrator for the group ''Tamil''', 'Greetings, newuser.\n\nnewuser, you are now an administrator for the group ''Tamil''. You can  \nadminister this group by logging in here:  \nhttp://languageforge.local/web/node/26\n\nThis is an automatic message from Language Forge  LF Dictionary\nTo manage your subscriptions, browse to  \nhttp://languageforge.local/web/user/4/notifications\n\n', 'a:1:{s:12:"destinations";a:1:{i:0;s:1:"4";}}', 1306413001, 0, 0, 0, 1),
(4, 3, 0, 'privatemsg', 'user:3', 'You are now an administrator for the group ''Enter Name Here''', 'Greetings, arivusudar.nc.\n\narivusudar.nc, you are now an administrator for the group ''Enter Name Here''.  \nYou can administer this group by logging in here:  \nhttp://languageforge.local/web/node/29\n\nThis is an automatic message from Language Forge  LF Dictionary\nTo manage your subscriptions, browse to  \nhttp://languageforge.local/web/user/3/notifications\n\n', 'a:1:{s:12:"destinations";a:1:{i:0;s:1:"3";}}', 1306480502, 0, 0, 0, 1),
(5, 3, 0, 'privatemsg', 'user:3', 'You are now an administrator for the group ''taa''', 'Greetings, arivusudar.nc.\n\narivusudar.nc, you are now an administrator for the group ''taa''. You can  \nadminister this group by logging in here:  \nhttp://languageforge.local/web/node/30\n\nThis is an automatic message from Language Forge  LF Dictionary\nTo manage your subscriptions, browse to  \nhttp://languageforge.local/web/user/3/notifications\n\n', 'a:1:{s:12:"destinations";a:1:{i:0;s:1:"3";}}', 1306493102, 0, 0, 0, 1),
(6, 3, 0, 'privatemsg', 'user:3', 'You are now an administrator for the group ''Assamese''', 'Greetings, arivusudar.nc.\n\narivusudar.nc, you are now an administrator for the group ''Assamese''. You can  \nadminister this group by logging in here:  \nhttp://languageforge.local/web/node/31\n\nThis is an automatic message from Language Forge  LF Dictionary\nTo manage your subscriptions, browse to  \nhttp://languageforge.local/web/user/3/notifications\n\n', 'a:1:{s:12:"destinations";a:1:{i:0;s:1:"3";}}', 1306493102, 0, 0, 0, 1),
(7, 3, 0, 'privatemsg', 'user:3', 'You are now an administrator for the group ''tadfsgf''', 'Greetings, arivusudar.nc.\n\narivusudar.nc, you are now an administrator for the group ''tadfsgf''. You can  \nadminister this group by logging in here:  \nhttp://languageforge.local/web/node/32\n\nThis is an automatic message from Language Forge  LF Dictionary\nTo manage your subscriptions, browse to  \nhttp://languageforge.local/web/user/3/notifications\n\n', 'a:1:{s:12:"destinations";a:1:{i:0;s:1:"3";}}', 1306493702, 0, 0, 0, 1),
(8, 8, 0, 'privatemsg', 'user:8', 'Language Forge Tamil: tamil project sample', 'Greetings, sampleuser,\nA Project has been created in group Tamil: tamil project sample\n\nRead more at http://languageforge.local/web/project/tamil-project-sample.\nThis is an automatic message from Language Forge\nTo manage your subscriptions, browse to  \nhttp://languageforge.local/web/user/8/notifications\n\n', 'a:1:{s:12:"destinations";a:1:{i:0;s:1:"8";}}', 1307005502, 0, 0, 0, 1),
(9, 3, 0, 'privatemsg', 'user:3', 'Language Forge Tamil: New project for tamil', 'Greetings, arivusudar.nc,\nA Project has been created in group Tamil: New project for tamil\n\nRead more at http://languageforge.local/web/project/new-project-tamil.\nThis is an automatic message from Language Forge\nTo manage your subscriptions, browse to  \nhttp://languageforge.local/web/user/3/notifications\n\n', 'a:1:{s:12:"destinations";a:1:{i:0;s:1:"3";}}', 1307005803, 0, 0, 0, 1),
(10, 8, 0, 'privatemsg', 'user:8', 'Language Forge Tamil: Cams Dictionary', 'Greetings, sampleuser,\nA Project has been created in group Tamil: Cams Dictionary\n\nRead more at http://languageforge.local/web/project/cams-dictionary.\nThis is an automatic message from Language Forge\nTo manage your subscriptions, browse to  \nhttp://languageforge.local/web/user/8/notifications\n\n', 'a:1:{s:12:"destinations";a:1:{i:0;s:1:"8";}}', 1307009702, 0, 0, 0, 1),
(11, 8, 0, 'privatemsg', 'user:8', 'Language Forge Tamil: project samp', 'Greetings, sampleuser,\nA Project has been created in group Tamil: project samp\n\nRead more at http://languageforge.local/web/project/project-samp.\nThis is an automatic message from Language Forge\nTo manage your subscriptions, browse to  \nhttp://languageforge.local/web/user/8/notifications\n\n', 'a:1:{s:12:"destinations";a:1:{i:0;s:1:"8";}}', 1307015101, 0, 0, 0, 1),
(12, 3, 0, 'privatemsg', 'user:3', 'You are now an administrator for the group ''Japanese''', 'Greetings, arivusudar.nc.\n\narivusudar.nc, you are now an administrator for the group ''Japanese''. You can  \nadminister this group by logging in here:  \nhttp://languageforge.local/web/node/48\n\nThis is an automatic message from Language Forge\nTo manage your subscriptions, browse to  \nhttp://languageforge.local/web/user/3/notifications\n\n', 'a:1:{s:12:"destinations";a:1:{i:0;s:1:"3";}}', 1307017803, 0, 0, 0, 1),
(13, 3, 0, 'privatemsg', 'user:3', 'You are now an administrator for the group ''Dutch''', 'Greetings, arivusudar.nc.\n\narivusudar.nc, you are now an administrator for the group ''Dutch''. You can  \nadminister this group by logging in here:  \nhttp://languageforge.local/web/node/50\n\nThis is an automatic message from Language Forge\nTo manage your subscriptions, browse to  \nhttp://languageforge.local/web/user/3/notifications\n\n', 'a:1:{s:12:"destinations";a:1:{i:0;s:1:"3";}}', 1307082036, 0, 0, 0, 1),
(14, 3, 0, 'privatemsg', 'user:3', 'You are now an administrator for the group ''Hindi''', 'Greetings, arivusudar.nc.\n\narivusudar.nc, you are now an administrator for the group ''Hindi''. You can  \nadminister this group by logging in here:  \nhttp://languageforge.local/web/node/51\n\nThis is an automatic message from Language Forge\nTo manage your subscriptions, browse to  \nhttp://languageforge.local/web/user/3/notifications\n\n', 'a:1:{s:12:"destinations";a:1:{i:0;s:1:"3";}}', 1307085303, 0, 0, 0, 1),
(15, 3, 0, 'privatemsg', 'user:3', 'You are now an administrator for the group ''English''', 'Greetings, arivusudar.nc.\n\narivusudar.nc, you are now an administrator for the group ''English''. You can  \nadminister this group by logging in here:  \nhttp://languageforge.local/web/node/53\n\nThis is an automatic message from Language Forge\nTo manage your subscriptions, browse to  \nhttp://languageforge.local/web/user/3/notifications\n\n', 'a:1:{s:12:"destinations";a:1:{i:0;s:1:"3";}}', 1307355637, 0, 0, 0, 1),
(16, 3, 0, 'privatemsg', 'user:3', 'You are now an administrator for the group ''English''', 'Greetings, arivusudar.nc.\n\narivusudar.nc, you are now an administrator for the group ''English''. You can  \nadminister this group by logging in here:  \nhttp://languageforge.local/web/node/54\n\nThis is an automatic message from Language Forge\nTo manage your subscriptions, browse to  \nhttp://languageforge.local/web/user/3/notifications\n\n', 'a:1:{s:12:"destinations";a:1:{i:0;s:1:"3";}}', 1307359203, 0, 0, 0, 1),
(17, 3, 0, 'privatemsg', 'user:3', 'Language Forge English: Project dictionary', 'Greetings, arivusudar.nc,\nA Project has been created in group English: Project dictionary\n\nRead more at http://languageforge.local/web/project/project-dictionary.\nThis is an automatic message from Language Forge\nTo manage your subscriptions, browse to  \nhttp://languageforge.local/web/user/3/notifications\n\n', 'a:1:{s:12:"destinations";a:1:{i:0;s:1:"3";}}', 1307359502, 0, 0, 0, 1),
(18, 3, 0, 'privatemsg', 'user:3', 'You are now an administrator for the group ''Tamil''', 'Greetings, arivusudar.nc.\n\narivusudar.nc, you are now an administrator for the group ''Tamil''. You can  \nadminister this group by logging in here:  \nhttp://languageforge.local/web/node/57\n\nThis is an automatic message from Language Forge\nTo manage your subscriptions, browse to  \nhttp://languageforge.local/web/user/3/notifications\n\n', 'a:1:{s:12:"destinations";a:1:{i:0;s:1:"3";}}', 1307359802, 0, 0, 0, 1),
(19, 4, 0, 'privatemsg', 'user:4', 'You are now an administrator for the group ''Thai''', 'Greetings, newuser.\n\nnewuser, you are now an administrator for the group ''Thai''. You can  \nadminister this group by logging in here:  \nhttp://languageforge.local/web/node/59\n\nThis is an automatic message from Language Forge\nTo manage your subscriptions, browse to  \nhttp://languageforge.local/web/user/4/notifications\n\n', 'a:1:{s:12:"destinations";a:1:{i:0;s:1:"4";}}', 1307361303, 0, 0, 0, 1),
(20, 4, 0, 'privatemsg', 'user:4', 'Language Forge Thai: Thai Food dictionary', 'Greetings, newuser,\nA Project has been created in group Thai: Thai Food dictionary\n\nRead more at http://languageforge.local/web/project/thai-food-dictionary.\nThis is an automatic message from Language Forge\nTo manage your subscriptions, browse to  \nhttp://languageforge.local/web/user/4/notifications\n\n', 'a:1:{s:12:"destinations";a:1:{i:0;s:1:"4";}}', 1307361603, 0, 0, 0, 1),
(21, 3, 0, 'privatemsg', 'user:3', 'You are now an administrator for the group ''Hindi''', 'Greetings, arivusudar.nc.\n\narivusudar.nc, you are now an administrator for the group ''Hindi''. You can  \nadminister this group by logging in here:  \nhttp://languageforge.local/web/node/61\n\nThis is an automatic message from Language Forge\nTo manage your subscriptions, browse to  \nhttp://languageforge.local/web/user/3/notifications\n\n', 'a:1:{s:12:"destinations";a:1:{i:0;s:1:"3";}}', 1311828603, 0, 0, 0, 1),
(22, 8, 0, 'privatemsg', 'user:8', 'Language Forge English: Project dictionary', 'Greetings, sampleuser,\nA Project has been updated in group English: Project dictionary\n\nRead more at http://languageforge.local/web/project/project-dictionary.\nThis is an automatic message from Language Forge\nTo manage your subscriptions, browse to  \nhttp://languageforge.local/web/user/8/notifications\n\n', 'a:1:{s:12:"destinations";a:1:{i:0;s:1:"8";}}', 1312201202, 0, 0, 0, 1),
(23, 8, 0, 'privatemsg', 'user:8', 'Language Forge English: Food Dictionary', 'Greetings, sampleuser,\nA Project has been updated in group English: Food Dictionary\n\nRead more at http://languageforge.local/web/project/food-dictionary.\nThis is an automatic message from Language Forge\nTo manage your subscriptions, browse to  \nhttp://languageforge.local/web/user/8/notifications\n\n', 'a:1:{s:12:"destinations";a:1:{i:0;s:1:"8";}}', 1312261503, 0, 0, 0, 1),
(24, 8, 0, 'privatemsg', 'user:8', 'Language Forge Thai: Thai Food dictionary', 'Greetings, sampleuser,\nA Project has been updated in group Thai: Thai Food dictionary\n\nRead more at http://languageforge.local/web/project/thai-food-dictionary.\nThis is an automatic message from Language Forge\nTo manage your subscriptions, browse to  \nhttp://languageforge.local/web/user/8/notifications\n\n', 'a:1:{s:12:"destinations";a:1:{i:0;s:1:"8";}}', 1312262103, 0, 0, 0, 1),
(25, 8, 0, 'privatemsg', 'user:8', 'Language Forge English: English to Tamil', 'Greetings, sampleuser,\nA Project has been created in group English: English to Tamil\n\nRead more at http://languageforge.local/web/project/english-tamil.\nThis is an automatic message from Language Forge\nTo manage your subscriptions, browse to  \nhttp://languageforge.local/web/user/8/notifications\n\n', 'a:1:{s:12:"destinations";a:1:{i:0;s:1:"8";}}', 1312350603, 0, 0, 0, 1),
(26, 8, 0, 'privatemsg', 'user:8', 'Language Forge English: Food Dictionary', 'Greetings, sampleuser,\nA Project has been updated in group English: Food Dictionary\n\nRead more at http://languageforge.local/web/project/food-dictionary.\nThis is an automatic message from Language Forge\nTo manage your subscriptions, browse to  \nhttp://languageforge.local/web/user/8/notifications\n\n', 'a:1:{s:12:"destinations";a:1:{i:0;s:1:"8";}}', 1312433103, 0, 0, 0, 1),
(27, 8, 0, 'privatemsg', 'user:8', 'Language Forge English: Project dictionary', 'Greetings, sampleuser,\nA Project has been updated in group English: Project dictionary\n\nRead more at http://languageforge.local/web/project/project-dictionary.\nThis is an automatic message from Language Forge\nTo manage your subscriptions, browse to  \nhttp://languageforge.local/web/user/8/notifications\n\n', 'a:1:{s:12:"destinations";a:1:{i:0;s:1:"8";}}', 1312433103, 0, 0, 0, 1),
(28, 8, 0, 'privatemsg', 'user:8', 'Language Forge English: English to Tamil', 'Greetings, sampleuser,\nA Project has been updated in group English: English to Tamil\n\nRead more at http://languageforge.local/web/project/english-tamil.\nThis is an automatic message from Language Forge\nTo manage your subscriptions, browse to  \nhttp://languageforge.local/web/user/8/notifications\n\n', 'a:1:{s:12:"destinations";a:1:{i:0;s:1:"8";}}', 1312433403, 0, 0, 0, 1),
(29, 3, 0, 'privatemsg', 'user:3', 'You are now an administrator for the group ''Thirunelveli Slang''', 'Greetings, arivusudar.nc.\n\narivusudar.nc, you are now an administrator for the group ''Thirunelveli  \nSlang''. You can administer this group by logging in here:  \nhttp://demo.languageforge.org/node/65\n\nThis is an automatic message from Language Forge\nTo manage your subscriptions, browse to  \nhttp://demo.languageforge.org/user/3/notifications\n\n', 'a:1:{s:12:"destinations";a:1:{i:0;s:1:"3";}}', 1313582417, 0, 0, 0, 1),
(30, 9, 0, 'privatemsg', 'user:9', 'Language Forge Thai: Thai Food', 'Greetings, cambell,\nA Project has been updated in group Thai: Thai Food\n\nRead more at http://demo.languageforge.org/project/thai-food.\nThis is an automatic message from Language Forge\nTo manage your subscriptions, browse to  \nhttp://demo.languageforge.org/user/9/notifications\n\n', 'a:1:{s:12:"destinations";a:1:{i:0;s:1:"9";}}', 1314104405, 0, 0, 0, 1),
(31, 4, 0, 'privatemsg', 'user:4', 'Language Forge Thai: Thai Food', 'Greetings, newuser,\nA Project has been updated in group Thai: Thai Food\n\nRead more at http://demo.languageforge.org/project/thai-food.\nThis is an automatic message from Language Forge\nTo manage your subscriptions, browse to  \nhttp://demo.languageforge.org/user/4/notifications\n\n', 'a:1:{s:12:"destinations";a:1:{i:0;s:1:"4";}}', 1314104406, 0, 0, 0, 1),
(32, 3, 0, 'privatemsg', 'user:3', 'You are now an administrator for the group ''Telugu''', 'Greetings, arivusudar.nc.\n\narivusudar.nc, you are now an administrator for the group ''Telugu''. You can  \nadminister this group by logging in here:  \nhttp://demo.languageforge.org/node/67\n\nThis is an automatic message from Language Forge\nTo manage your subscriptions, browse to  \nhttp://demo.languageforge.org/user/3/notifications\n\n', 'a:1:{s:12:"destinations";a:1:{i:0;s:1:"3";}}', 1315472425, 0, 0, 0, 1),
(33, 8, 0, 'privatemsg', 'user:8', 'You are now an administrator for the group ''Telugu''', 'Greetings, sampleuser.\n\nsampleuser, you are now an administrator for the group ''Telugu''. You can  \nadminister this group by logging in here:  \nhttp://languageforge.local/web/community/telugu\n\nThis is an automatic message from Language Forge\nTo manage your subscriptions, browse to  \nhttp://languageforge.local/web/user/8/notifications\n\n', 'a:1:{s:12:"destinations";a:1:{i:0;s:1:"8";}}', 1316065803, 0, 0, 0, 1),
(34, 7, 0, 'privatemsg', 'user:7', 'You are now an administrator for the group ''Telugu''', 'Greetings, newuser1.\n\nnewuser1, you are now an administrator for the group ''Telugu''. You can  \nadminister this group by logging in here:  \nhttp://languageforge.local/web/community/telugu\n\nThis is an automatic message from Language Forge\nTo manage your subscriptions, browse to  \nhttp://languageforge.local/web/user/7/notifications\n\n', 'a:1:{s:12:"destinations";a:1:{i:0;s:1:"7";}}', 1316066703, 0, 0, 0, 1),
(35, 3, 0, 'privatemsg', 'user:3', 'You are now an administrator for the group ''Hindi''', 'Greetings, arivusudar.nc.\n\narivusudar.nc, you are now an administrator for the group ''Hindi''. You can  \nadminister this group by logging in here:  \nhttp://languageforge.local/web/node/69\n\nThis is an automatic message from Language Forge\nTo manage your subscriptions, browse to  \nhttp://languageforge.local/web/user/3/notifications\n\n', 'a:1:{s:12:"destinations";a:1:{i:0;s:1:"3";}}', 1316498402, 0, 0, 0, 1),
(36, 8, 0, 'privatemsg', 'user:8', 'You are now an administrator for the group ''Hindi''', 'Greetings, sampleuser.\n\nsampleuser, you are now an administrator for the group ''Hindi''. You can  \nadminister this group by logging in here:  \nhttp://languageforge.local/web/community/hindi\n\nThis is an automatic message from Language Forge\nTo manage your subscriptions, browse to  \nhttp://languageforge.local/web/user/8/notifications\n\n', 'a:1:{s:12:"destinations";a:1:{i:0;s:1:"8";}}', 1316498703, 0, 0, 0, 1),
(37, 3, 0, 'privatemsg', 'user:3', 'You are now an administrator for the group ''Hindi''', 'Greetings, arivusudar.nc.\n\narivusudar.nc, you are now an administrator for the group ''Hindi''. You can  \nadminister this group by logging in here:  \nhttp://languageforge.local/web/community/hindi\n\nThis is an automatic message from Language Forge\nTo manage your subscriptions, browse to  \nhttp://languageforge.local/web/user/3/notifications\n\n', 'a:1:{s:12:"destinations";a:1:{i:0;s:1:"3";}}', 1316500803, 0, 0, 0, 1),
(38, 8, 0, 'privatemsg', 'user:8', 'You are now an administrator for the group ''Hindi''', 'Greetings, sampleuser.\n\nsampleuser, you are now an administrator for the group ''Hindi''. You can  \nadminister this group by logging in here:  \nhttp://languageforge.local/web/node/70\n\nThis is an automatic message from Language Forge\nTo manage your subscriptions, browse to  \nhttp://languageforge.local/web/user/8/notifications\n\n', 'a:1:{s:12:"destinations";a:1:{i:0;s:1:"8";}}', 1316500803, 0, 0, 0, 1),
(39, 3, 0, 'privatemsg', 'user:3', 'You are now an administrator for the group ''Chechen''', 'Greetings, arivusudar.nc.\n\narivusudar.nc, you are now an administrator for the group ''Chechen''. You can  \nadminister this group by logging in here:  \nhttp://languageforge.local/web/node/71\n\nThis is an automatic message from Language Forge\nTo manage your subscriptions, browse to  \nhttp://languageforge.local/web/user/3/notifications\n\n', 'a:1:{s:12:"destinations";a:1:{i:0;s:1:"3";}}', 1316584503, 0, 0, 0, 1),
(40, 3, 0, 'privatemsg', 'user:3', 'You are now an administrator for the group ''Telugu''', 'Greetings, arivusudar.nc.\n\narivusudar.nc, you are now an administrator for the group ''Telugu''. You can  \nadminister this group by logging in here:  \nhttp://languageforge.local/web/node/72\n\nThis is an automatic message from Language Forge\nTo manage your subscriptions, browse to  \nhttp://languageforge.local/web/user/3/notifications\n\n', 'a:1:{s:12:"destinations";a:1:{i:0;s:1:"3";}}', 1317108604, 0, 0, 0, 1),
(41, 3, 0, 'privatemsg', 'user:3', 'You are now an administrator for the group ''Telugu''', 'Greetings, arivusudar.nc.\n\narivusudar.nc, you are now an administrator for the group ''Telugu''. You can  \nadminister this group by logging in here:  \nhttp://languageforge.local/web/node/74\n\nThis is an automatic message from Language Forge\nTo manage your subscriptions, browse to  \nhttp://languageforge.local/web/user/3/notifications\n\n', 'a:1:{s:12:"destinations";a:1:{i:0;s:1:"3";}}', 1317108903, 0, 0, 0, 1),
(42, 8, 0, 'privatemsg', 'user:8', 'Language Forge Telugu: telugu food', 'Greetings, sampleuser,\nA Project has been created in group Telugu: telugu food\n\nRead more at http://languageforge.local/web/project/telugu-food.\nThis is an automatic message from Language Forge\nTo manage your subscriptions, browse to  \nhttp://languageforge.local/web/user/8/notifications\n\n', 'a:1:{s:12:"destinations";a:1:{i:0;s:1:"8";}}', 1317110402, 0, 0, 0, 1),
(43, 8, 0, 'privatemsg', 'user:8', 'You are now an administrator for the group ''Telugu''', 'Greetings, sampleuser.\n\nsampleuser, you are now an administrator for the group ''Telugu''. You can  \nadminister this group by logging in here:  \nhttp://languageforge.local/web/community/telugu\n\nThis is an automatic message from Language Forge\nTo manage your subscriptions, browse to  \nhttp://languageforge.local/web/user/8/notifications\n\n', 'a:1:{s:12:"destinations";a:1:{i:0;s:1:"8";}}', 1317116103, 0, 0, 0, 1),
(44, 8, 0, 'privatemsg', 'user:8', 'You are now an administrator for the group ''Telugu''', 'Greetings, sampleuser.\n\nsampleuser, you are now an administrator for the group ''Telugu''. You can  \nadminister this group by logging in here:  \nhttp://languageforge.local/web/community/telugu\n\nThis is an automatic message from Language Forge\nTo manage your subscriptions, browse to  \nhttp://languageforge.local/web/user/8/notifications\n\n', 'a:1:{s:12:"destinations";a:1:{i:0;s:1:"8";}}', 1317216603, 0, 0, 0, 1),
(45, 52, 0, 'privatemsg', 'user:52', 'Language Forge Telugu: telugu food', 'Greetings, newuser2,\nA Project has been created in group Telugu: telugu food\n\nRead more at http://languageforge.local/web/project/telugu-food.\nThis is an automatic message from Language Forge\nTo manage your subscriptions, browse to  \nhttp://languageforge.local/web/user/52/notifications\n\n', 'a:1:{s:12:"destinations";a:1:{i:0;s:2:"52";}}', 1317644403, 0, 0, 0, 1),
(46, 53, 0, 'privatemsg', 'user:53', 'Language Forge Telugu: telugu food', 'Greetings, newuser3,\nA Project has been created in group Telugu: telugu food\n\nRead more at http://languageforge.local/web/project/telugu-food.\nThis is an automatic message from Language Forge\nTo manage your subscriptions, browse to  \nhttp://languageforge.local/web/user/53/notifications\n\n', 'a:1:{s:12:"destinations";a:1:{i:0;s:2:"53";}}', 1317644403, 0, 0, 0, 1),
(47, 8, 0, 'privatemsg', 'user:8', 'Language Forge Telugu: telugu food', 'Greetings, sampleuser,\nA Project has been created in group Telugu: telugu food\n\nRead more at http://languageforge.local/web/project/telugu-food.\nThis is an automatic message from Language Forge\nTo manage your subscriptions, browse to  \nhttp://languageforge.local/web/user/8/notifications\n\n', 'a:1:{s:12:"destinations";a:1:{i:0;s:1:"8";}}', 1317644403, 0, 0, 0, 1),
(48, 3, 0, 'privatemsg', 'user:3', 'You are now an administrator for the group ''Telugu''', 'Greetings, arivusudar.nc.\n\narivusudar.nc, you are now an administrator for the group ''Telugu''. You can  \nadminister this group by logging in here:  \nhttp://languageforge.local/web/node/77\n\nThis is an automatic message from Language Forge\nTo manage your subscriptions, browse to  \nhttp://languageforge.local/web/user/3/notifications\n\n', 'a:1:{s:12:"destinations";a:1:{i:0;s:1:"3";}}', 1317645003, 0, 0, 0, 1),
(49, 4, 0, 'privatemsg', 'user:4', 'You are now an administrator for the group ''Telugu''', 'Greetings, newuser.\n\nnewuser, you are now an administrator for the group ''Telugu''. You can  \nadminister this group by logging in here:  \nhttp://languageforge.local/web/community/telugu\n\nThis is an automatic message from Language Forge\nTo manage your subscriptions, browse to  \nhttp://languageforge.local/web/user/4/notifications\n\n', 'a:1:{s:12:"destinations";a:1:{i:0;s:1:"4";}}', 1317727204, 0, 0, 0, 1),
(50, 3, 0, 'privatemsg', 'user:3', 'You are now an administrator for the group ''Telugu''', 'Greetings, arivusudar.nc.\n\narivusudar.nc, you are now an administrator for the group ''Telugu''. You can  \nadminister this group by logging in here:  \nhttp://languageforge.local/web/node/79\n\nThis is an automatic message from Language Forge\nTo manage your subscriptions, browse to  \nhttp://languageforge.local/web/user/3/notifications\n\n', 'a:1:{s:12:"destinations";a:1:{i:0;s:1:"3";}}', 1317734702, 0, 0, 0, 1),
(51, 3, 0, 'privatemsg', 'user:3', 'You are now an administrator for the group ''Telugu''', 'Greetings, arivusudar.nc.\n\narivusudar.nc, you are now an administrator for the group ''Telugu''. You can  \nadminister this group by logging in here:  \nhttp://languageforge.local/web/node/81\n\nThis is an automatic message from Language Forge\nTo manage your subscriptions, browse to  \nhttp://languageforge.local/web/user/3/notifications\n\n', 'a:1:{s:12:"destinations";a:1:{i:0;s:1:"3";}}', 1317789303, 0, 0, 0, 1),
(52, 3, 0, 'privatemsg', 'user:3', 'You are now an administrator for the group ''Telugu''', 'Greetings, arivusudar.nc.\n\narivusudar.nc, you are now an administrator for the group ''Telugu''. You can  \nadminister this group by logging in here:  \nhttp://languageforge.local/web/node/83\n\nThis is an automatic message from Language Forge\nTo manage your subscriptions, browse to  \nhttp://languageforge.local/web/user/3/notifications\n\n', 'a:1:{s:12:"destinations";a:1:{i:0;s:1:"3";}}', 1317881403, 0, 0, 0, 1),
(53, 3, 0, 'privatemsg', 'user:3', 'Language Forge Telugu: telugu food', 'Greetings, arivusudar.nc,\nA Project has been created in group Telugu: telugu food\n\nRead more at http://languageforge.local/web/project/telugu-food.\nThis is an automatic message from Language Forge\nTo manage your subscriptions, browse to  \nhttp://languageforge.local/web/user/3/notifications\n\n', 'a:1:{s:12:"destinations";a:1:{i:0;s:1:"3";}}', 1317881704, 0, 0, 0, 1),
(54, 3, 0, 'privatemsg', 'user:3', 'You are now an administrator for the group ''Telugu''', 'Greetings, arivusudar.nc.\n\narivusudar.nc, you are now an administrator for the group ''Telugu''. You can  \nadminister this group by logging in here:  \nhttp://languageforge.local/web/node/86\n\nThis is an automatic message from Language Forge\nTo manage your subscriptions, browse to  \nhttp://languageforge.local/web/user/3/notifications\n\n', 'a:1:{s:12:"destinations";a:1:{i:0;s:1:"3";}}', 1317900003, 0, 0, 0, 1),
(55, 4, 0, 'privatemsg', 'user:4', 'You are now an administrator for the group ''Telugu''', 'Greetings, newuser.\n\nnewuser, you are now an administrator for the group ''Telugu''. You can  \nadminister this group by logging in here:  \nhttp://languageforge.local/web/community/telugu\n\nThis is an automatic message from Language Forge\nTo manage your subscriptions, browse to  \nhttp://languageforge.local/web/user/4/notifications\n\n', 'a:1:{s:12:"destinations";a:1:{i:0;s:1:"4";}}', 1317900302, 0, 0, 0, 1),
(56, 8, 0, 'privatemsg', 'user:8', 'You are now an administrator for the group ''Thai''', 'Greetings, sampleuser.\n\nsampleuser, you are now an administrator for the group ''Thai''. You can  \nadminister this group by logging in here:  \nhttp://languageforge.local/web/node/88\n\nThis is an automatic message from Language Forge\nTo manage your subscriptions, browse to  \nhttp://languageforge.local/web/user/8/notifications\n\n', 'a:1:{s:12:"destinations";a:1:{i:0;s:1:"8";}}', 1317967202, 0, 0, 0, 1);

-- --------------------------------------------------------

--
-- Table structure for table `node`
--

CREATE TABLE IF NOT EXISTS `node` (
  `nid` int(10) unsigned NOT NULL AUTO_INCREMENT,
  `vid` int(10) unsigned NOT NULL DEFAULT '0',
  `type` varchar(32) NOT NULL DEFAULT '',
  `language` varchar(12) NOT NULL DEFAULT '',
  `title` varchar(255) NOT NULL DEFAULT '',
  `uid` int(11) NOT NULL DEFAULT '0',
  `status` int(11) NOT NULL DEFAULT '1',
  `created` int(11) NOT NULL DEFAULT '0',
  `changed` int(11) NOT NULL DEFAULT '0',
  `comment` int(11) NOT NULL DEFAULT '0',
  `promote` int(11) NOT NULL DEFAULT '0',
  `moderate` int(11) NOT NULL DEFAULT '0',
  `sticky` int(11) NOT NULL DEFAULT '0',
  `tnid` int(10) unsigned NOT NULL DEFAULT '0',
  `translate` int(11) NOT NULL DEFAULT '0',
  PRIMARY KEY (`nid`),
  UNIQUE KEY `vid` (`vid`),
  KEY `node_changed` (`changed`),
  KEY `node_created` (`created`),
  KEY `node_moderate` (`moderate`),
  KEY `node_promote_status` (`promote`,`status`),
  KEY `node_status_type` (`status`,`type`,`nid`),
  KEY `node_title_type` (`title`,`type`(4)),
  KEY `node_type` (`type`(4)),
  KEY `uid` (`uid`),
  KEY `tnid` (`tnid`),
  KEY `translate` (`translate`)
) ENGINE=MyISAM  DEFAULT CHARSET=utf8 AUTO_INCREMENT=92 ;

--
-- Dumping data for table `node`
--

INSERT INTO `node` (`nid`, `vid`, `type`, `language`, `title`, `uid`, `status`, `created`, `changed`, `comment`, `promote`, `moderate`, `sticky`, `tnid`, `translate`) VALUES
(23, 23, 'page', '', 'Welcome to Language Forge', 1, 1, 1306411204, 1306411247, 0, 1, 0, 0, 0, 0),
(38, 38, 'faq', 'en', 'How can I create new community?', 1, 1, 1307000213, 1307001024, 0, 1, 0, 0, 0, 0),
(39, 39, 'faq', 'en', 'How can I create new projects?', 1, 1, 1307001197, 1307001197, 0, 1, 0, 0, 0, 0),
(40, 40, 'faq', 'en', 'How can I do sign up as a User?', 1, 1, 1307001307, 1307001376, 0, 1, 0, 0, 0, 0),
(41, 41, 'page', 'en', 'About Us', 1, 1, 1307002106, 1307002148, 0, 0, 0, 0, 0, 0),
(42, 42, 'page', 'en', 'Help', 1, 1, 1307002131, 1307002249, 0, 0, 0, 0, 0, 0),
(33, 33, 'page', 'en', 'Overview', 1, 1, 1306931855, 1306932232, 0, 0, 0, 0, 0, 0),
(52, 52, 'page', 'en', 'Plans', 1, 1, 1307085577, 1307085577, 0, 0, 0, 0, 0, 0),
(86, 86, 'community', 'en', 'Telugu', 3, 1, 1317899926, 1317899926, 0, 0, 0, 0, 0, 0),
(87, 87, 'project', 'en', 'telugu food', 8, 1, 1317899967, 1317899967, 0, 0, 0, 0, 0, 0),
(90, 90, 'community', '', 'Thai', 61, 1, 1320821262, 1320821262, 0, 1, 0, 0, 0, 0),
(91, 91, 'project', 'en', 'thai food', 61, 1, 1320821262, 1320821262, 0, 0, 0, 0, 0, 0),
(96, 96, 'project', '', 'tha food', 3, 1, 1324442937, 1324442937, 0, 1, 0, 0, 0, 0);

-- --------------------------------------------------------

--
-- Table structure for table `nodeaccess`
--

CREATE TABLE IF NOT EXISTS `nodeaccess` (
  `nid` int(10) unsigned NOT NULL DEFAULT '0',
  `gid` int(10) unsigned NOT NULL DEFAULT '0',
  `realm` varchar(255) NOT NULL DEFAULT '',
  `grant_view` tinyint(3) unsigned NOT NULL DEFAULT '0',
  `grant_update` tinyint(3) unsigned NOT NULL DEFAULT '0',
  `grant_delete` tinyint(3) unsigned NOT NULL DEFAULT '0',
  PRIMARY KEY (`nid`,`gid`,`realm`)
) ENGINE=MyISAM DEFAULT CHARSET=utf8;

--
-- Dumping data for table `nodeaccess`
--

INSERT INTO `nodeaccess` (`nid`, `gid`, `realm`, `grant_view`, `grant_update`, `grant_delete`) VALUES
(87, 9, 'nodeaccess_rid', 1, 1, 0),
(87, 8, 'nodeaccess_rid', 1, 0, 1),
(87, 7, 'nodeaccess_rid', 1, 0, 0),
(87, 6, 'nodeaccess_rid', 1, 1, 1),
(87, 3, 'nodeaccess_rid', 1, 0, 0),
(87, 2, 'nodeaccess_rid', 1, 0, 0),
(87, 1, 'nodeaccess_rid', 1, 0, 0),
(87, 4, 'nodeaccess_uid', 1, 0, 0);

-- --------------------------------------------------------

--
-- Table structure for table `nodeaccess_role_alias`
--

CREATE TABLE IF NOT EXISTS `nodeaccess_role_alias` (
  `rid` int(10) unsigned NOT NULL DEFAULT '0',
  `name` varchar(50) NOT NULL DEFAULT '',
  `weight` int(11) NOT NULL DEFAULT '0',
  PRIMARY KEY (`rid`)
) ENGINE=MyISAM DEFAULT CHARSET=utf8;

--
-- Dumping data for table `nodeaccess_role_alias`
--


-- --------------------------------------------------------

--
-- Table structure for table `node_access`
--

CREATE TABLE IF NOT EXISTS `node_access` (
  `nid` int(10) unsigned NOT NULL DEFAULT '0',
  `gid` int(10) unsigned NOT NULL DEFAULT '0',
  `realm` varchar(255) NOT NULL DEFAULT '',
  `grant_view` tinyint(3) unsigned NOT NULL DEFAULT '0',
  `grant_update` tinyint(3) unsigned NOT NULL DEFAULT '0',
  `grant_delete` tinyint(3) unsigned NOT NULL DEFAULT '0',
  PRIMARY KEY (`nid`,`gid`,`realm`)
) ENGINE=MyISAM DEFAULT CHARSET=utf8;

--
-- Dumping data for table `node_access`
--

INSERT INTO `node_access` (`nid`, `gid`, `realm`, `grant_view`, `grant_update`, `grant_delete`) VALUES
(23, 1, 'nodeaccess_rid', 1, 0, 0),
(23, 2, 'nodeaccess_rid', 1, 0, 0),
(23, 1, 'nodeaccess_author', 1, 1, 1),
(33, 1, 'nodeaccess_rid', 1, 0, 0),
(33, 2, 'nodeaccess_rid', 1, 0, 0),
(33, 1, 'nodeaccess_author', 1, 1, 1),
(38, 1, 'nodeaccess_rid', 1, 0, 0),
(38, 2, 'nodeaccess_rid', 1, 0, 0),
(38, 1, 'nodeaccess_author', 1, 1, 1),
(39, 1, 'nodeaccess_rid', 1, 0, 0),
(39, 2, 'nodeaccess_rid', 1, 0, 0),
(39, 1, 'nodeaccess_author', 1, 1, 1),
(40, 1, 'nodeaccess_rid', 1, 0, 0),
(40, 2, 'nodeaccess_rid', 1, 0, 0),
(40, 1, 'nodeaccess_author', 1, 1, 1),
(41, 1, 'nodeaccess_rid', 1, 0, 0),
(41, 2, 'nodeaccess_rid', 1, 0, 0),
(41, 1, 'nodeaccess_author', 1, 1, 1),
(42, 1, 'nodeaccess_rid', 1, 0, 0),
(42, 2, 'nodeaccess_rid', 1, 0, 0),
(42, 1, 'nodeaccess_author', 1, 1, 1),
(52, 1, 'nodeaccess_rid', 1, 0, 0),
(52, 2, 'nodeaccess_rid', 1, 0, 0),
(52, 1, 'nodeaccess_author', 1, 1, 1),
(86, 1, 'nodeaccess_rid', 1, 0, 0),
(86, 2, 'nodeaccess_rid', 1, 0, 0),
(86, 3, 'nodeaccess_author', 1, 1, 1),
(86, 86, 'og_admin', 1, 1, 0),
(86, 0, 'og_public', 1, 0, 0),
(87, 1, 'nodeaccess_rid', 1, 0, 0),
(87, 2, 'nodeaccess_rid', 1, 0, 0),
(87, 3, 'nodeaccess_rid', 1, 0, 0),
(87, 4, 'nodeaccess_uid', 1, 1, 0),
(87, 6, 'nodeaccess_rid', 1, 1, 1),
(87, 7, 'nodeaccess_rid', 1, 0, 0),
(87, 8, 'nodeaccess_rid', 1, 0, 1),
(87, 9, 'nodeaccess_rid', 1, 1, 0),
(87, 8, 'nodeaccess_author', 1, 1, 1),
(87, 0, 'og_public', 1, 0, 0),
(87, 86, 'og_admin', 1, 1, 1),
(87, 86, 'og_subscriber', 1, 0, 0),
(90, 1, 'nodeaccess_rid', 1, 0, 0),
(90, 2, 'nodeaccess_rid', 1, 0, 0),
(90, 61, 'nodeaccess_author', 1, 1, 1),
(90, 90, 'og_admin', 1, 1, 0),
(90, 0, 'og_public', 1, 0, 0),
(91, 1, 'nodeaccess_rid', 1, 0, 0),
(91, 2, 'nodeaccess_rid', 1, 0, 0),
(91, 3, 'nodeaccess_rid', 1, 0, 0),
(91, 61, 'nodeaccess_author', 1, 1, 1),
(91, 0, 'og_public', 1, 0, 0),
(91, 90, 'og_admin', 1, 1, 1),
(91, 90, 'og_subscriber', 1, 0, 0),
(92, 1, 'nodeaccess_rid', 1, 0, 0),
(92, 2, 'nodeaccess_rid', 1, 0, 0),
(92, 1, 'nodeaccess_author', 1, 1, 1),
(93, 1, 'nodeaccess_rid', 1, 0, 0),
(93, 2, 'nodeaccess_rid', 1, 0, 0),
(93, 1, 'nodeaccess_author', 1, 1, 1),
(96, 86, 'og_admin', 1, 1, 1),
(96, 0, 'og_public', 1, 0, 0),
(96, 3, 'nodeaccess_author', 1, 1, 1),
(96, 3, 'nodeaccess_rid', 1, 0, 0),
(96, 2, 'nodeaccess_rid', 1, 0, 0),
(96, 1, 'nodeaccess_rid', 1, 0, 0),
(96, 86, 'og_subscriber', 1, 0, 0);

-- --------------------------------------------------------

--
-- Table structure for table `node_comment_statistics`
--

CREATE TABLE IF NOT EXISTS `node_comment_statistics` (
  `nid` int(10) unsigned NOT NULL DEFAULT '0',
  `last_comment_timestamp` int(11) NOT NULL DEFAULT '0',
  `last_comment_name` varchar(60) DEFAULT NULL,
  `last_comment_uid` int(11) NOT NULL DEFAULT '0',
  `comment_count` int(10) unsigned NOT NULL DEFAULT '0',
  PRIMARY KEY (`nid`),
  KEY `node_comment_timestamp` (`last_comment_timestamp`)
) ENGINE=MyISAM DEFAULT CHARSET=utf8;

--
-- Dumping data for table `node_comment_statistics`
--

INSERT INTO `node_comment_statistics` (`nid`, `last_comment_timestamp`, `last_comment_name`, `last_comment_uid`, `comment_count`) VALUES
(23, 1306411204, NULL, 1, 0),
(38, 1307000213, NULL, 1, 0),
(39, 1307001197, NULL, 1, 0),
(40, 1307001307, NULL, 1, 0),
(41, 1307002106, NULL, 1, 0),
(42, 1307002131, NULL, 1, 0),
(86, 1317899926, NULL, 3, 0),
(33, 1306931855, NULL, 1, 0),
(52, 1307085577, NULL, 1, 0),
(87, 1317899967, NULL, 8, 0),
(90, 1320821262, NULL, 61, 0),
(91, 1320821262, NULL, 61, 0),
(92, 1322650563, '', 0, 1),
(93, 1322634478, NULL, 1, 0),
(96, 1324442937, NULL, 3, 0);

-- --------------------------------------------------------

--
-- Table structure for table `node_counter`
--

CREATE TABLE IF NOT EXISTS `node_counter` (
  `nid` int(11) NOT NULL DEFAULT '0',
  `totalcount` bigint(20) unsigned NOT NULL DEFAULT '0',
  `daycount` mediumint(8) unsigned NOT NULL DEFAULT '0',
  `timestamp` int(10) unsigned NOT NULL DEFAULT '0',
  PRIMARY KEY (`nid`)
) ENGINE=MyISAM DEFAULT CHARSET=utf8;

--
-- Dumping data for table `node_counter`
--


-- --------------------------------------------------------

--
-- Table structure for table `node_revisions`
--

CREATE TABLE IF NOT EXISTS `node_revisions` (
  `nid` int(10) unsigned NOT NULL DEFAULT '0',
  `vid` int(10) unsigned NOT NULL AUTO_INCREMENT,
  `uid` int(11) NOT NULL DEFAULT '0',
  `title` varchar(255) NOT NULL DEFAULT '',
  `body` longtext NOT NULL,
  `teaser` longtext NOT NULL,
  `log` longtext NOT NULL,
  `timestamp` int(11) NOT NULL DEFAULT '0',
  `format` int(11) NOT NULL DEFAULT '0',
  PRIMARY KEY (`vid`),
  KEY `nid` (`nid`),
  KEY `uid` (`uid`)
) ENGINE=MyISAM  DEFAULT CHARSET=utf8 AUTO_INCREMENT=92 ;

--
-- Dumping data for table `node_revisions`
--

INSERT INTO `node_revisions` (`nid`, `vid`, `uid`, `title`, `body`, `teaser`, `log`, `timestamp`, `format`) VALUES
(23, 23, 1, 'Welcome to Language Forge', '<p>\r\n	Lorem ipsum dolor sit amet, consectetur adipiscing elit. Nam sit amet felis in lorem tincidunt adipiscing. Cras sed velit diam. Morbi luctus, lacus ut fermentum tincidunt, risus orci vehicula purus, eu venenatis felis erat quis nisl. Pellentesque sollicitudin tortor commodo libero tincidunt vulputate elementum lectus ultricies. Nullam facilisis pretium dapibus. Quisque porta massa ut lorem pharetra faucibus. In vitae massa felis. Proin tempus porta dolor, eget consectetur diam imperdiet vel. Etiam erat magna, pulvinar non sollicitudin sed, bibendum in est. Maecenas gravida tristique lacus, sed pellentesque quam laoreet non. Pellentesque nisl dolor, varius ac eleifend non, euismod eu augue. Quisque ut ante neque.</p>\r\n', '<p>\r', '', 1322565975, 2),
(92, 92, 1, 'Aliquam vestibulum bibendum malesuada', '<p>\r\n	Aliquam vestibulum bibendum malesuada. Aliquam velit urna, facilisis eu tempor eget, volutpat quis dolor. Curabitur in nisl urna, sagittis porttitor leo. Nunc in justo lacus. Suspendisse potenti. Vivamus imperdiet pretium pharetra. Nullam lorem orci, dignissim vel tincidunt ut, viverra at nunc. Vestibulum ante ipsum primis in faucibus orci luctus et ultrices posuere cubilia Curae; Nulla vitae nulla mi, ac tempor elit. Ut in nisl ut lectus viverra porttitor ac vel diam. Nullam ac metus turpis. Sed at eros lacinia erat sodales ultrices vel et velit. Etiam venenatis ipsum vel justo tristique in aliquet est tempor. Nulla quis imperdiet erat. Nulla vel ligula a urna congue luctus. Phasellus lobortis, orci vitae ultrices volutpat, augue orci volutpat sem, non eleifend urna massa ac turpis.</p>\r\n<p>\r\n	Maecenas non porttitor nibh. Aliquam diam mauris, semper eget vehicula sit amet, viverra sit amet nisi. Aliquam elit lacus, euismod a sollicitudin a, bibendum a elit. Fusce tortor neque, imperdiet et mollis id, pretium sed augue. Pellentesque id nunc augue, hendrerit dapibus turpis. Fusce sed purus nunc. Vivamus placerat tincidunt pellentesque. Aliquam erat volutpat. Donec est nisi, hendrerit sed molestie ut, dapibus vitae ipsum. Vivamus in nisl leo. Maecenas quis orci massa, a pulvinar libero. Donec diam nisi, iaculis non fringilla non, fermentum a lorem. Vestibulum a egestas quam.&nbsp;</p>\r\n', '<p>\r', '', 1322645252, 2),
(38, 38, 1, 'How can I create new community?', '<p>\r\n	Nunc justo erat, pellentesque eu hendrerit porta, elementum in metus. Vivamus id nibh ipsum. Quisque id molestie est. Nunc sit amet sodales lacus. Aliquam orci ante, luctus in hendrerit sit amet, consequat eget erat. Proin feugiat fermentum arcu, ac ullamcorper velit ultrices sit amet. Vestibulum malesuada lectus in quam cursus nec volutpat sem mattis. Quisque et ante in est fermentum facilisis. Maecenas nisl orci, scelerisque sed vehicula non, tempor ac dui. Maecenas euismod sapien molestie ligula iaculis at hendrerit ante consequat. Curabitur non massa arcu. Vivamus lorem risus, ullamcorper blandit commodo at, sagittis ut odio. Vivamus condimentum diam et purus dapibus vel porta sapien accumsan. Nulla hendrerit iaculis felis eget viverra. In hac habitasse platea dictumst.</p>\r\n', '<p>\r', '', 1307001024, 2),
(33, 33, 1, 'Overview', '<p>\r\n	Vivamus rhoncus bibendum arcu, ac convallis libero adipiscing vel. Fusce iaculis pharetra metus, ac imperdiet lacus pulvinar eget. Maecenas accumsan lobortis tellus pretium cursus. Nulla facilisi. Vestibulum consequat vulputate massa nec tempus. Nam vitae turpis at orci ullamcorper accumsan. In justo leo, pulvinar ac blandit id, pellentesque nec nulla. Sed vel enim eu orci elementum vehicula. In placerat, nulla ac elementum dapibus, felis metus pellentesque quam, nec porttitor erat turpis sit amet lacus. Curabitur eget sodales dolor. Phasellus id laoreet libero. Lorem ipsum dolor sit amet, consectetur adipiscing elit. In hac habitasse platea dictumst. Curabitur lacinia malesuada suscipit. Vivamus accumsan faucibus venenatis. Ut id neque magna, a facilisis arcu. Cras ultrices, enim non auctor viverra, nibh nunc dapibus urna, vel ullamcorper nibh enim in eros.</p>\r\n<p>\r\n	Nunc tincidunt nibh ac nunc faucibus accumsan. Pellentesque habitant morbi tristique senectus et netus et malesuada fames ac turpis egestas. Quisque ligula libero, accumsan id ultricies id, accumsan ut metus. Vivamus interdum tempor lorem, non sodales quam porta id. Suspendisse imperdiet, dolor et suscipit scelerisque, libero velit accumsan mauris, vitae rhoncus erat ipsum at lacus. Nullam bibendum blandit mauris, eu dignissim risus tempus a. Donec tincidunt, dolor id posuere hendrerit, sem nisi lobortis mi, quis pretium metus dui non diam. Sed quis est non nulla iaculis tempor. Mauris scelerisque consectetur mi, at porta tellus tincidunt et. Cum sociis natoque penatibus et magnis dis parturient montes, nascetur ridiculus mus. Aliquam eget massa turpis. Integer venenatis egestas sem non egestas. Aliquam sit amet dolor metus, ut lacinia nunc. Quisque nec cursus turpis. Curabitur pulvinar eleifend lobortis. Nulla facilisi. Nam lacinia pharetra elit, eget fermentum mi tempus eget. Cras malesuada, libero a vehicula ultrices, sem est dapibus ligula, sed pretium tellus lorem dictum enim. Suspendisse sodales quam eu odio commodo cursus. Aliquam diam ipsum, blandit at aliquet sit amet, mollis ut sapien.</p>\r\n<p>\r\n	Integer tortor velit, luctus vel commodo eu, malesuada id lacus. Curabitur dictum mauris eu augue aliquam rutrum ornare magna volutpat. Mauris sit amet felis lacus. Aenean ut risus nec eros convallis ultricies sit amet at sapien. Integer eget porttitor orci. Integer at metus at purus eleifend consectetur. Nulla at aliquet neque. In sagittis quam quis velit suscipit sollicitudin. Aenean elementum, ipsum sit amet porta aliquam, mi dui cursus velit, vitae venenatis quam nisl ut sapien. Integer odio est, semper cursus ornare in, vestibulum in quam. Nam porttitor, augue ultricies facilisis consectetur, risus lorem rutrum nulla, gravida tincidunt purus eros a neque. Aliquam tellus metus, feugiat sit amet bibendum eget, elementum quis nunc. Nam pharetra, leo quis tincidunt ultricies, tortor eros interdum nulla, eget tempus ligula nulla ac massa. Nullam at lorem odio, ac tincidunt sem. Pellentesque habitant morbi tristique senectus et netus et malesuada fames ac turpis egestas.&nbsp;</p>\r\n', '<p>\r', '', 1306932232, 2),
(39, 39, 1, 'How can I create new projects?', '<p>\r\n	Nunc rutrum, risus eu auctor pretium, turpis sem adipiscing lacus, sit amet scelerisque lacus ipsum et nulla. Ut odio mauris, laoreet non consectetur at, consectetur vel tellus. Nam at lacus nibh, sagittis adipiscing felis. Morbi lobortis ornare gravida. Donec augue turpis</p>\r\n', '<p>\r\n	Nunc rutrum, risus eu auctor pretium, turpis sem adipiscing lacus, sit amet scelerisque lacus ipsum et nulla. Ut odio mauris, laoreet non consectetur at, consectetur vel tellus. Nam at lacus nibh, sagittis adipiscing felis. Morbi lobortis ornare gravida. Donec augue turpis</p>\r\n', '', 1307001197, 2),
(40, 40, 1, 'How can I do sign up as a User?', '<p>\r\n	If you are new to languageforge.org, click the Sign-up link at the top of any page and you will be guided through the registration process.</p>\r\n', '<p>\r\n	If you are new to languageforge.org, click the Sign-up link at the top of any page and you will be guided through the registration process.</p>\r\n', '', 1307001376, 2),
(41, 41, 1, 'About Us', '<p>\r\n	Lorem ipsum dolor sit amet, consectetur adipiscing elit. Nullam arcu arcu, varius eu ultrices id, mollis sit amet ligula. Donec pretium, nulla nec consectetur congue, lacus nibh consectetur eros, quis consequat tortor lorem ut erat. Aliquam erat volutpat. Ut id est metus. Sed metus sem, tempus vel elementum eget, dictum a nisl. Duis porta rutrum justo, sed consequat lectus bibendum non. Nunc ullamcorper condimentum dictum. Aliquam enim mauris, elementum eu placerat ac, laoreet at libero. Quisque eu neque nunc, eget tristique magna. Proin urna sapien, eleifend at venenatis at, varius a arcu. Proin et mauris nisi, auctor tincidunt nulla. Vestibulum non consectetur leo. Praesent erat lorem, sagittis vel semper non, ultrices ut justo.</p>\r\n<p>\r\n	Nunc justo erat, pellentesque eu hendrerit porta, elementum in metus. Vivamus id nibh ipsum. Quisque id molestie est. Nunc sit amet sodales lacus. Aliquam orci ante, luctus in hendrerit sit amet, consequat eget erat. Proin feugiat fermentum arcu, ac ullamcorper velit ultrices sit amet. Vestibulum malesuada lectus in quam cursus nec volutpat sem mattis. Quisque et ante in est fermentum facilisis. Maecenas nisl orci, scelerisque sed vehicula non, tempor ac dui. Maecenas euismod sapien molestie ligula iaculis at hendrerit ante consequat. Curabitur non massa arcu. Vivamus lorem risus, ullamcorper blandit commodo at, sagittis ut odio. Vivamus condimentum diam et purus dapibus vel porta sapien accumsan. Nulla hendrerit iaculis felis eget viverra. In hac habitasse platea dictumst.&nbsp;</p>\r\n', '<p>\r', '', 1307002148, 2),
(42, 42, 1, 'Help', '<p>\r\n	Lorem ipsum dolor sit amet, consectetur adipiscing elit. Nullam arcu arcu, varius eu ultrices id, mollis sit amet ligula. Donec pretium, nulla nec consectetur congue, lacus nibh consectetur eros, quis consequat tortor lorem ut erat. Aliquam erat volutpat. Ut id est metus. Sed metus sem, tempus vel elementum eget, dictum a nisl. Duis porta rutrum justo, sed consequat lectus bibendum non. Nunc ullamcorper condimentum dictum. Aliquam enim mauris, elementum eu placerat ac, laoreet at libero. Quisque eu neque nunc, eget tristique magna. Proin urna sapien, eleifend at venenatis at, varius a arcu. Proin et mauris nisi, auctor tincidunt nulla. Vestibulum non consectetur leo. Praesent erat lorem, sagittis vel semper non, ultrices ut justo.</p>\r\n<p>\r\n	Nunc justo erat, pellentesque eu hendrerit porta, elementum in metus. Vivamus id nibh ipsum. Quisque id molestie est. Nunc sit amet sodales lacus. Aliquam orci ante, luctus in hendrerit sit amet, consequat eget erat. Proin feugiat fermentum arcu, ac ullamcorper velit ultrices sit amet. Vestibulum malesuada lectus in quam cursus nec volutpat sem mattis. Quisque et ante in est fermentum facilisis. Maecenas nisl orci, scelerisque sed vehicula non, tempor ac dui. Maecenas euismod sapien molestie ligula iaculis at hendrerit ante consequat. Curabitur non massa arcu. Vivamus lorem risus, ullamcorper blandit commodo at, sagittis ut odio. Vivamus condimentum diam et purus dapibus vel porta sapien accumsan. Nulla hendrerit iaculis felis eget viverra. In hac habitasse platea dictumst.&nbsp;</p>\r\n', '<p>\r', '', 1307002249, 2),
(52, 52, 1, 'Plans', '<p>\r\n	It is a long established fact that a reader will be distracted by the readable content of a page when looking at its layout. The point of using Lorem Ipsum is that it has a more-or-less normal distribution of letters, as opposed to using &#39;Content here, content here&#39;, making it look like readable English. Many desktop publishing packages and web page editors now use Lorem Ipsum as their default model text, and a search for &#39;lorem ipsum&#39; will uncover many web sites still in their infancy. Various versions have evolved over the years, sometimes by accident, sometimes on purpose (injected humour and the like).</p>\r\n<p>\r\n	It is a long established fact that a reader will be distracted by the readable content of a page when looking at its layout. The point of using Lorem Ipsum is that it has a more-or-less normal distribution of letters, as opposed to using &#39;Content here, content here&#39;, making it look like readable English. Many desktop publishing packages and web page editors now use Lorem Ipsum as their default model text, and a search for &#39;lorem ipsum&#39; will uncover many web sites still in their infancy. Various versions have evolved over the years, sometimes by accident, sometimes on purpose (injected humour and the like).</p>\r\n', '<p>\r', '', 1307085577, 2),
(87, 87, 8, 'telugu food', '', '', '', 1317899967, 0),
(86, 86, 3, 'Telugu', '', '', '', 1317899926, 0),
(90, 90, 61, 'Thai', '', '', '', 1320821262, 0),
(91, 91, 61, 'thai food', '', '', '', 1320821262, 0),
(93, 93, 1, 'Vivamus vitae lacus lectus', '<p>\r\n	Vivamus vitae lacus lectus. Phasellus fringilla cursus mauris. Cras at enim est. Pellentesque habitant morbi tristique senectus et netus et malesuada fames ac turpis egestas. Sed ornare, elit sed convallis suscipit, erat tellus tincidunt justo, vitae egestas orci ligula nec dui. Donec quis tellus sit amet magna consectetur pharetra a faucibus tortor. Mauris elementum mollis venenatis. Aenean dapibus luctus tellus, id faucibus lorem vestibulum consequat. Nullam sollicitudin hendrerit massa. Nam feugiat, ante nec lobortis blandit, sapien urna dapibus augue, sed rutrum massa nisl vitae lectus.</p>\r\n<p>\r\n	Sed non metus lectus, eu eleifend purus. Praesent in tortor justo. Ut orci risus, gravida laoreet fringilla sit amet, commodo malesuada nibh. In eget eros quis tellus luctus venenatis quis in nibh. Vestibulum laoreet tortor non lorem pellentesque dignissim. Maecenas faucibus velit sit amet lorem posuere ut tristique nisi pretium. Pellentesque malesuada metus at dui gravida vestibulum. Sed lobortis blandit velit, id consequat tortor vulputate at. Nam viverra leo ac lorem laoreet bibendum at vitae est. Nulla eget magna vel leo sodales molestie ut vel mi. Etiam non quam elit, nec mattis velit. Proin dapibus tempus ante vitae hendrerit.&nbsp;</p>\r\n', '<p>\r', '', 1322645266, 2),
(96, 96, 3, 'tha food', '', '', '', 1324442937, 0);

-- --------------------------------------------------------

--
-- Table structure for table `node_type`
--

CREATE TABLE IF NOT EXISTS `node_type` (
  `type` varchar(32) NOT NULL,
  `name` varchar(255) NOT NULL DEFAULT '',
  `module` varchar(255) NOT NULL,
  `description` mediumtext NOT NULL,
  `help` mediumtext NOT NULL,
  `has_title` tinyint(3) unsigned NOT NULL,
  `title_label` varchar(255) NOT NULL DEFAULT '',
  `has_body` tinyint(3) unsigned NOT NULL,
  `body_label` varchar(255) NOT NULL DEFAULT '',
  `min_word_count` smallint(5) unsigned NOT NULL,
  `custom` tinyint(4) NOT NULL DEFAULT '0',
  `modified` tinyint(4) NOT NULL DEFAULT '0',
  `locked` tinyint(4) NOT NULL DEFAULT '0',
  `orig_type` varchar(255) NOT NULL DEFAULT '',
  PRIMARY KEY (`type`)
) ENGINE=MyISAM DEFAULT CHARSET=utf8;

--
-- Dumping data for table `node_type`
--

INSERT INTO `node_type` (`type`, `name`, `module`, `description`, `help`, `has_title`, `title_label`, `has_body`, `body_label`, `min_word_count`, `custom`, `modified`, `locked`, `orig_type`) VALUES
('page', 'Page', 'node', 'A <em>page</em>, similar in form to a <em>story</em>, is a simple method for creating and displaying information that rarely changes, such as an "About us" section of a website. By default, a <em>page</em> entry does not allow visitor comments and is not featured on the site''s initial home page.', '', 1, 'Title', 1, 'Body', 0, 1, 1, 0, 'page'),
('story', 'Story', 'node', 'A <em>story</em>, similar in form to a <em>page</em>, is ideal for creating and displaying content that informs or engages website visitors. Press releases, site announcements, and informal blog-like entries may all be created with a <em>story</em> entry. By default, a <em>story</em> entry is automatically featured on the site''s initial home page, and provides the ability to post comments.', '', 1, 'Title', 1, 'Body', 0, 1, 1, 0, 'story'),
('community', 'Community', 'node', 'Create your community', '', 1, 'Language Name', 0, '', 0, 1, 1, 0, ''),
('project', 'Project', 'node', 'Create your project', '', 1, 'Project Name', 0, '', 0, 1, 1, 0, ''),
('faq', 'FAQ', 'faq', 'A frequently asked question and its answer.', '', 1, 'Question', 1, 'Answer', 0, 0, 1, 1, 'faq'),
('profile', 'Profile', 'node', 'A user profile built as content.', '', 1, 'Title', 1, 'Body', 0, 1, 0, 0, 'profile'),
('community_project', 'Community Project', 'node', 'Create Community with Project', '', 1, 'Language Name', 0, '', 0, 1, 1, 0, ''),
('news', 'News', 'node', 'Create news content', '', 1, 'Title', 1, 'Body', 0, 1, 1, 0, ''),
('project_code', 'Project with Code', 'node', '', '', 1, 'Project Name', 0, '', 0, 1, 1, 0, '');

-- --------------------------------------------------------

--
-- Table structure for table `notifications`
--

CREATE TABLE IF NOT EXISTS `notifications` (
  `sid` int(10) unsigned NOT NULL AUTO_INCREMENT,
  `uid` int(11) NOT NULL,
  `type` varchar(255) DEFAULT NULL,
  `event_type` varchar(255) DEFAULT NULL,
  `conditions` int(10) unsigned NOT NULL,
  `send_interval` int(11) DEFAULT NULL,
  `send_method` varchar(255) NOT NULL,
  `cron` tinyint(3) unsigned NOT NULL DEFAULT '0',
  `module` varchar(255) DEFAULT NULL,
  `status` int(11) NOT NULL DEFAULT '1',
  `destination` varchar(255) DEFAULT NULL,
  PRIMARY KEY (`sid`)
) ENGINE=MyISAM  DEFAULT CHARSET=utf8 AUTO_INCREMENT=126 ;

--
-- Dumping data for table `notifications`
--

INSERT INTO `notifications` (`sid`, `uid`, `type`, `event_type`, `conditions`, `send_interval`, `send_method`, `cron`, `module`, `status`, `destination`) VALUES
(124, 9, 'grouptype', 'node', 2, 0, 'privatemsg', 1, 'notifications', 1, ''),
(121, 4, 'grouptype', 'node', 2, 0, 'privatemsg', 1, 'notifications', 1, ''),
(120, 8, 'grouptype', 'node', 2, 0, 'privatemsg', 1, 'notifications', 1, ''),
(119, 3, 'grouptype', 'node', 2, 0, 'privatemsg', 1, 'notifications', 1, ''),
(125, 61, 'grouptype', 'node', 2, 0, 'privatemsg', 1, 'notifications', 1, '');

-- --------------------------------------------------------

--
-- Table structure for table `notifications_event`
--

CREATE TABLE IF NOT EXISTS `notifications_event` (
  `eid` int(10) unsigned NOT NULL AUTO_INCREMENT,
  `module` varchar(255) DEFAULT NULL,
  `type` varchar(255) DEFAULT NULL,
  `action` varchar(255) DEFAULT NULL,
  `oid` int(10) unsigned NOT NULL DEFAULT '0',
  `language` varchar(255) DEFAULT NULL,
  `uid` int(11) DEFAULT NULL,
  `params` text,
  `created` int(10) unsigned NOT NULL DEFAULT '0',
  `counter` int(10) unsigned NOT NULL DEFAULT '0',
  PRIMARY KEY (`eid`)
) ENGINE=MyISAM  DEFAULT CHARSET=utf8 AUTO_INCREMENT=181 ;

--
-- Dumping data for table `notifications_event`
--

INSERT INTO `notifications_event` (`eid`, `module`, `type`, `action`, `oid`, `language`, `uid`, `params`, `created`, `counter`) VALUES
(1, 'notifications', 'lite', 'default', 1, NULL, 0, 'a:3:{s:7:"for-uid";s:1:"1";s:7:"subject";s:52:"You are now an administrator for the group ''english''";s:4:"body";s:153:"admin, you are now an administrator for the group ''english''.\r\n\r\nYou can administer this group by logging in here:\r\n http://languageforge.local/web/node/2";}', 1306316165, 1),
(3, 'node', 'node', 'insert', 3, NULL, 1, 'a:1:{s:3:"nid";s:1:"3";}', 1306316270, 1),
(4, 'notifications', 'lite', 'default', 1, NULL, 0, 'a:3:{s:7:"for-uid";s:1:"1";s:7:"subject";s:52:"You are now an administrator for the group ''English''";s:4:"body";s:153:"admin, you are now an administrator for the group ''English''.\r\n\r\nYou can administer this group by logging in here:\r\n http://languageforge.local/web/node/4";}', 1306316771, 1),
(6, 'notifications', 'lite', 'default', 1, NULL, 0, 'a:3:{s:7:"for-uid";s:1:"1";s:7:"subject";s:53:"Membership request for ''English'' from ''arivusudar.nc''";s:4:"body";s:272:"To instantly approve this request, visit http://languageforge.local/web/og/approve/4/3.\r\nYou may deny this request or manage members at http://languageforge.local/web/og/users/4. \r\n\r\nPersonal message from arivusudar.nc:\r\n------------------\r\n\r\nPlease could accept this link";}', 1306316834, 1),
(7, 'notifications', 'lite', 'default', 3, NULL, 0, 'a:3:{s:7:"for-uid";s:1:"3";s:7:"subject";s:41:"Membership request approved for ''English''";s:4:"body";s:88:"You may now post messages in this group located at http://languageforge.local/web/node/4";}', 1306318688, 1),
(22, 'notifications', 'lite', 'default', 1, NULL, 0, 'a:3:{s:7:"for-uid";s:1:"1";s:7:"subject";s:50:"Membership request for ''thai'' from ''arivusudar.nc''";s:4:"body";s:247:"To instantly approve this request, visit http://languageforge.local/web/og/approve/16/3.\r\nYou may deny this request or manage members at http://languageforge.local/web/og/users/16. \r\n\r\nPersonal message from arivusudar.nc:\r\n------------------\r\n\r\nhi";}', 1306328078, 1),
(20, 'notifications', 'lite', 'default', 1, NULL, 0, 'a:3:{s:7:"for-uid";s:1:"1";s:7:"subject";s:49:"You are now an administrator for the group ''thai''";s:4:"body";s:151:"admin, you are now an administrator for the group ''thai''.\r\n\r\nYou can administer this group by logging in here:\r\n http://languageforge.local/web/node/16";}', 1306328047, 1),
(23, 'notifications', 'lite', 'default', 3, NULL, 0, 'a:3:{s:7:"for-uid";s:1:"3";s:7:"subject";s:38:"Membership request approved for ''thai''";s:4:"body";s:89:"You may now post messages in this group located at http://languageforge.local/web/node/16";}', 1306328097, 1),
(25, 'notifications', 'lite', 'default', 4, NULL, 0, 'a:3:{s:7:"for-uid";s:1:"4";s:7:"subject";s:52:"You are now an administrator for the group ''newcomm''";s:4:"body";s:156:"newuser, you are now an administrator for the group ''newcomm''.\r\n\r\nYou can administer this group by logging in here:\r\n http://languageforge.local/web/node/18";}', 1306401950, 1),
(31, 'notifications', 'lite', 'default', 3, NULL, 0, 'a:3:{s:7:"for-uid";s:1:"3";s:7:"subject";s:53:"You are now an administrator for the group ''newcomm1''";s:4:"body";s:178:"<p>\r\n	arivusudar.nc, you are now an administrator for the group &#39;newcomm1&#39;. You can administer this group by logging in here: http://languageforge.local/web/node/21</p>\r\n";}', 1306405733, 1),
(29, 'notifications', 'lite', 'default', 5, NULL, 0, 'a:3:{s:7:"for-uid";s:1:"5";s:7:"subject";s:55:"You are now an administrator for the group ''add prject''";s:4:"body";s:166:"arivusudar1.nc, you are now an administrator for the group ''add prject''.\r\n\r\nYou can administer this group by logging in here:\r\n http://languageforge.local/web/node/20";}', 1306402243, 1),
(33, 'notifications', 'lite', 'default', 6, NULL, 0, 'a:3:{s:7:"for-uid";s:1:"6";s:7:"subject";s:47:"You are now an administrator for the group ''gg''";s:4:"body";s:163:"<p>\r\n	good, you are now an administrator for the group &#39;gg&#39;. You can administer this group by logging in here: http://languageforge.local/web/node/22</p>\r\n";}', 1306405884, 1),
(65, 'notifications', 'lite', 'default', 8, NULL, 0, 'a:3:{s:7:"for-uid";s:1:"8";s:7:"subject";s:52:"You are now an administrator for the group ''English''";s:4:"body";s:174:"<p>\r\n	sampleuser, you are now an administrator for the group &#39;English&#39;. You can administer this group by logging in here: http://languageforge.local/web/node/36</p>\r\n";}', 1306993534, 1),
(43, 'notifications', 'lite', 'default', 7, NULL, 0, 'a:3:{s:7:"for-uid";s:1:"7";s:7:"subject";s:55:"You are now an administrator for the group ''samplelang''";s:4:"body";s:175:"<p>\r\n	newuser1, you are now an administrator for the group &#39;samplelang&#39;. You can administer this group by logging in here: http://languageforge.local/web/node/27</p>\r\n";}', 1306414336, 1),
(58, 'notifications', 'lite', 'default', 1, NULL, 0, 'a:3:{s:7:"for-uid";s:1:"1";s:7:"subject";s:52:"You are now an administrator for the group ''Catalan''";s:4:"body";s:169:"<p>\r\n	admin, you are now an administrator for the group &#39;Catalan&#39;. You can administer this group by logging in here: http://languageforge.local/web/node/34</p>\r\n";}', 1306992631, 1),
(62, 'notifications', 'lite', 'default', 1, NULL, 0, 'a:3:{s:7:"for-uid";s:1:"1";s:7:"subject";s:50:"You are now an administrator for the group ''Tamil''";s:4:"body";s:167:"<p>\r\n	admin, you are now an administrator for the group &#39;Tamil&#39;. You can administer this group by logging in here: http://languageforge.local/web/node/35</p>\r\n";}', 1306993384, 1),
(67, 'notifications', 'lite', 'default', 8, NULL, 0, 'a:3:{s:7:"for-uid";s:1:"8";s:7:"subject";s:50:"You are now an administrator for the group ''Tamil''";s:4:"body";s:172:"<p>\r\n	sampleuser, you are now an administrator for the group &#39;Tamil&#39;. You can administer this group by logging in here: http://languageforge.local/web/node/37</p>\r\n";}', 1306993670, 1),
(177, 'node', 'node', 'insert', 89, NULL, 4, 'a:1:{s:3:"nid";s:2:"89";}', 1317967104, 1),
(169, 'node', 'node', 'insert', 85, NULL, 8, 'a:1:{s:3:"nid";s:2:"85";}', 1317899751, 3),
(155, 'node', 'node', 'insert', 76, NULL, 3, 'a:1:{s:3:"nid";s:2:"76";}', 1317644233, 3),
(173, 'node', 'node', 'insert', 87, NULL, 8, 'a:1:{s:3:"nid";s:2:"87";}', 1317899967, 1),
(179, 'notifications', 'lite', 'default', 61, NULL, 0, 'a:3:{s:7:"for-uid";s:2:"61";s:7:"subject";s:49:"You are now an administrator for the group ''Thai''";s:4:"body";s:172:"<p>\r\n	newsampuser, you are now an administrator for the group &#39;Thai&#39;. You can administer this group by logging in here: http://languageforge.local/web/node/90</p>\r\n";}', 1320821262, 1);

-- --------------------------------------------------------

--
-- Table structure for table `notifications_fields`
--

CREATE TABLE IF NOT EXISTS `notifications_fields` (
  `sid` int(10) unsigned NOT NULL,
  `field` varchar(255) NOT NULL,
  `value` varchar(255) NOT NULL,
  `intval` int(11) NOT NULL DEFAULT '0',
  PRIMARY KEY (`sid`,`field`)
) ENGINE=MyISAM DEFAULT CHARSET=utf8;

--
-- Dumping data for table `notifications_fields`
--

INSERT INTO `notifications_fields` (`sid`, `field`, `value`, `intval`) VALUES
(124, 'type', 'project', 0),
(124, 'group', '86', 86),
(121, 'type', 'project', 0),
(121, 'group', '86', 86),
(120, 'type', 'project', 0),
(120, 'group', '86', 86),
(119, 'type', 'project', 0),
(119, 'group', '86', 86),
(125, 'group', '90', 90),
(125, 'type', 'project', 0);

-- --------------------------------------------------------

--
-- Table structure for table `notifications_queue`
--

CREATE TABLE IF NOT EXISTS `notifications_queue` (
  `sqid` int(10) unsigned NOT NULL AUTO_INCREMENT,
  `eid` int(10) unsigned NOT NULL DEFAULT '0',
  `sid` int(10) unsigned NOT NULL DEFAULT '0',
  `uid` int(11) DEFAULT NULL,
  `language` varchar(255) DEFAULT NULL,
  `type` varchar(255) DEFAULT NULL,
  `send_interval` int(11) DEFAULT NULL,
  `send_method` varchar(255) DEFAULT NULL,
  `sent` int(10) unsigned NOT NULL DEFAULT '0',
  `created` int(10) unsigned NOT NULL DEFAULT '0',
  `cron` tinyint(3) unsigned NOT NULL DEFAULT '0',
  `conditions` int(10) unsigned NOT NULL DEFAULT '0',
  `module` varchar(255) DEFAULT NULL,
  `destination` varchar(255) DEFAULT NULL,
  PRIMARY KEY (`sqid`)
) ENGINE=MyISAM  DEFAULT CHARSET=utf8 AUTO_INCREMENT=104 ;

--
-- Dumping data for table `notifications_queue`
--

INSERT INTO `notifications_queue` (`sqid`, `eid`, `sid`, `uid`, `language`, `type`, `send_interval`, `send_method`, `sent`, `created`, `cron`, `conditions`, `module`, `destination`) VALUES
(1, 1, 0, 1, NULL, NULL, NULL, 'privatemsg', 0, 1306316165, 1, 0, 'notifications', NULL),
(3, 4, 0, 1, NULL, NULL, NULL, 'privatemsg', 0, 1306316771, 1, 0, 'notifications', NULL),
(4, 6, 0, 1, NULL, NULL, NULL, 'privatemsg', 0, 1306316834, 1, 0, 'notifications', NULL),
(5, 7, 0, 3, NULL, NULL, NULL, 'privatemsg', 0, 1306318688, 1, 0, 'notifications', NULL),
(19, 23, 0, 3, NULL, NULL, NULL, 'privatemsg', 0, 1306328097, 1, 0, 'notifications', NULL),
(18, 22, 0, 1, NULL, NULL, NULL, 'privatemsg', 0, 1306328078, 1, 0, 'notifications', NULL),
(17, 20, 0, 1, NULL, NULL, NULL, 'privatemsg', 0, 1306328047, 1, 0, 'notifications', NULL),
(21, 25, 0, 4, NULL, NULL, NULL, 'privatemsg', 0, 1306401950, 1, 0, 'notifications', NULL),
(24, 31, 0, 3, NULL, NULL, NULL, 'privatemsg', 0, 1306405733, 1, 0, 'notifications', NULL),
(23, 29, 0, 5, NULL, NULL, NULL, 'privatemsg', 0, 1306402243, 1, 0, 'notifications', NULL),
(25, 33, 0, 6, NULL, NULL, NULL, 'privatemsg', 0, 1306405884, 1, 0, 'notifications', NULL),
(28, 43, 0, 7, NULL, NULL, NULL, 'privatemsg', 0, 1306414336, 1, 0, 'notifications', NULL),
(34, 62, 0, 1, NULL, NULL, NULL, 'privatemsg', 0, 1306993384, 1, 0, 'notifications', NULL),
(33, 58, 0, 1, NULL, NULL, NULL, 'privatemsg', 0, 1306992631, 1, 0, 'notifications', NULL),
(35, 65, 0, 8, NULL, NULL, NULL, 'privatemsg', 0, 1306993534, 1, 0, 'notifications', NULL),
(36, 67, 0, 8, NULL, NULL, NULL, 'privatemsg', 0, 1306993670, 1, 0, 'notifications', NULL),
(103, 179, 0, 61, NULL, NULL, NULL, 'privatemsg', 0, 1320821262, 1, 0, 'notifications', NULL);

-- --------------------------------------------------------

--
-- Table structure for table `notifications_sent`
--

CREATE TABLE IF NOT EXISTS `notifications_sent` (
  `uid` int(11) NOT NULL DEFAULT '0',
  `send_interval` int(11) NOT NULL DEFAULT '0',
  `send_method` varchar(50) NOT NULL,
  `sent` int(10) unsigned NOT NULL DEFAULT '0',
  PRIMARY KEY (`uid`,`send_interval`,`send_method`)
) ENGINE=MyISAM DEFAULT CHARSET=utf8;

--
-- Dumping data for table `notifications_sent`
--

INSERT INTO `notifications_sent` (`uid`, `send_interval`, `send_method`, `sent`) VALUES
(1, 0, 'privatemsg', 1306387505),
(3, 0, 'privatemsg', 1317900003),
(4, 0, 'privatemsg', 1317900302),
(8, 0, 'privatemsg', 1317967202),
(9, 0, 'privatemsg', 1314104406),
(7, 0, 'privatemsg', 1316066703),
(52, 0, 'privatemsg', 1317644403),
(53, 0, 'privatemsg', 1317644403);

-- --------------------------------------------------------

--
-- Table structure for table `og`
--

CREATE TABLE IF NOT EXISTS `og` (
  `nid` int(11) NOT NULL,
  `og_selective` int(11) NOT NULL DEFAULT '0',
  `og_description` varchar(255) DEFAULT NULL,
  `og_theme` varchar(255) DEFAULT NULL,
  `og_register` tinyint(4) NOT NULL DEFAULT '0',
  `og_directory` tinyint(4) NOT NULL DEFAULT '0',
  `og_language` varchar(12) NOT NULL DEFAULT '',
  `og_private` tinyint(4) NOT NULL DEFAULT '0',
  PRIMARY KEY (`nid`)
) ENGINE=MyISAM DEFAULT CHARSET=utf8;

--
-- Dumping data for table `og`
--

INSERT INTO `og` (`nid`, `og_selective`, `og_description`, `og_theme`, `og_register`, `og_directory`, `og_language`, `og_private`) VALUES
(86, 0, 'te', NULL, 0, 1, '', 0),
(90, 0, 'th', NULL, 0, 1, '', 0);

-- --------------------------------------------------------

--
-- Table structure for table `og_access_post`
--

CREATE TABLE IF NOT EXISTS `og_access_post` (
  `nid` int(11) NOT NULL,
  `og_public` tinyint(4) NOT NULL DEFAULT '1',
  PRIMARY KEY (`nid`)
) ENGINE=MyISAM DEFAULT CHARSET=utf8;

--
-- Dumping data for table `og_access_post`
--

INSERT INTO `og_access_post` (`nid`, `og_public`) VALUES
(3, 0),
(87, 1),
(91, 1),
(96, 1);

-- --------------------------------------------------------

--
-- Table structure for table `og_ancestry`
--

CREATE TABLE IF NOT EXISTS `og_ancestry` (
  `nid` int(11) NOT NULL,
  `group_nid` int(11) NOT NULL,
  PRIMARY KEY (`nid`,`group_nid`)
) ENGINE=MyISAM DEFAULT CHARSET=utf8;

--
-- Dumping data for table `og_ancestry`
--

INSERT INTO `og_ancestry` (`nid`, `group_nid`) VALUES
(87, 86),
(91, 90),
(96, 86);

-- --------------------------------------------------------

--
-- Table structure for table `og_notifications`
--

CREATE TABLE IF NOT EXISTS `og_notifications` (
  `uid` int(11) NOT NULL,
  `autosubscribe` tinyint(4) NOT NULL DEFAULT '-1',
  PRIMARY KEY (`uid`)
) ENGINE=MyISAM DEFAULT CHARSET=utf8;

--
-- Dumping data for table `og_notifications`
--

INSERT INTO `og_notifications` (`uid`, `autosubscribe`) VALUES
(1, -1),
(3, 1),
(4, 1),
(59, -1),
(8, 1),
(9, -1),
(10, 1),
(60, -1),
(61, -1);

-- --------------------------------------------------------

--
-- Table structure for table `og_project_uid`
--

CREATE TABLE IF NOT EXISTS `og_project_uid` (
  `nid` int(11) NOT NULL,
  `og_role` tinyint(4) NOT NULL DEFAULT '0',
  `is_active` tinyint(4) NOT NULL DEFAULT '0',
  `is_admin` tinyint(4) NOT NULL DEFAULT '0',
  `uid` int(11) NOT NULL,
  `created` int(11) DEFAULT '0',
  `changed` int(11) DEFAULT '0',
  PRIMARY KEY (`nid`,`uid`)
) ENGINE=MyISAM DEFAULT CHARSET=utf8;

--
-- Dumping data for table `og_project_uid`
--

INSERT INTO `og_project_uid` (`nid`, `og_role`, `is_active`, `is_admin`, `uid`, `created`, `changed`) VALUES
(87, 0, 1, 1, 8, 1317899967, 1317899967),
(87, 0, 1, 0, 4, 1317904586, 1317904586),
(91, 0, 1, 1, 61, 1320821262, 1320821262);

-- --------------------------------------------------------

--
-- Table structure for table `og_uid`
--

CREATE TABLE IF NOT EXISTS `og_uid` (
  `nid` int(11) NOT NULL,
  `og_role` tinyint(4) NOT NULL DEFAULT '0',
  `is_active` tinyint(4) NOT NULL DEFAULT '0',
  `is_admin` tinyint(4) NOT NULL DEFAULT '0',
  `uid` int(11) NOT NULL,
  `created` int(11) DEFAULT '0',
  `changed` int(11) DEFAULT '0',
  PRIMARY KEY (`nid`,`uid`)
) ENGINE=MyISAM DEFAULT CHARSET=utf8;

--
-- Dumping data for table `og_uid`
--

INSERT INTO `og_uid` (`nid`, `og_role`, `is_active`, `is_admin`, `uid`, `created`, `changed`) VALUES
(86, 0, 1, 1, 3, 1317899926, 1317899926),
(86, 0, 1, 0, 4, 1317900323, 1317900323),
(86, 0, 1, 0, 8, 1317899947, 1317899947),
(90, 0, 1, 1, 61, 1320821262, 1320821262);

-- --------------------------------------------------------

--
-- Table structure for table `permission`
--

CREATE TABLE IF NOT EXISTS `permission` (
  `pid` int(11) NOT NULL AUTO_INCREMENT,
  `rid` int(10) unsigned NOT NULL DEFAULT '0',
  `perm` longtext,
  `tid` int(10) unsigned NOT NULL DEFAULT '0',
  PRIMARY KEY (`pid`),
  KEY `rid` (`rid`)
) ENGINE=MyISAM  DEFAULT CHARSET=utf8 AUTO_INCREMENT=285 ;

--
-- Dumping data for table `permission`
--

INSERT INTO `permission` (`pid`, `rid`, `perm`, `tid`) VALUES
(282, 1, 'access site-wide contact form, edit field_analysislang, edit field_projectname, view field_analysislang, view field_projectname, view faq page, access content, create community content, create community_project content, create project content, search content, access user profiles, access all views', 0),
(283, 2, 'access ckeditor, access comments, post comments, post comments without approval, access site-wide contact form, edit field_analysislang, view field_analysislang, view faq page, access content, create community content, create project content, manage own subscriptions, read privatemsg, search content, access user profiles, access all views', 0),
(284, 3, 'access ckeditor, access comments, post comments, post comments without approval, access site-wide contact form, edit field_analysislang, view field_analysislang, view faq page, access content, create community content, create project content, delete own project content, edit own project content, grant own node permissions, manage own subscriptions, mass add and create users, read privatemsg, search content, access user profiles, access all views', 0);

-- --------------------------------------------------------

--
-- Table structure for table `pm_email_notify`
--

CREATE TABLE IF NOT EXISTS `pm_email_notify` (
  `user_id` int(10) unsigned NOT NULL,
  `email_notify_is_enabled` int(10) unsigned NOT NULL,
  UNIQUE KEY `user_id` (`user_id`)
) ENGINE=MyISAM DEFAULT CHARSET=utf8;

--
-- Dumping data for table `pm_email_notify`
--

INSERT INTO `pm_email_notify` (`user_id`, `email_notify_is_enabled`) VALUES
(4, 1),
(3, 1),
(8, 1),
(10, 1);

-- --------------------------------------------------------

--
-- Table structure for table `pm_index`
--

CREATE TABLE IF NOT EXISTS `pm_index` (
  `mid` int(10) unsigned NOT NULL,
  `thread_id` int(10) unsigned NOT NULL,
  `uid` int(10) unsigned NOT NULL,
  `is_new` int(10) unsigned NOT NULL DEFAULT '1',
  `deleted` int(10) unsigned NOT NULL DEFAULT '0',
  KEY `list` (`uid`,`deleted`,`is_new`),
  KEY `messages` (`mid`,`uid`),
  KEY `participants` (`thread_id`,`uid`,`deleted`)
) ENGINE=MyISAM DEFAULT CHARSET=utf8;

--
-- Dumping data for table `pm_index`
--

INSERT INTO `pm_index` (`mid`, `thread_id`, `uid`, `is_new`, `deleted`) VALUES
(1, 1, 1, 0, 0),
(1, 1, 1, 0, 0),
(2, 2, 1, 0, 0),
(2, 2, 1, 0, 0),
(3, 3, 3, 0, 0),
(3, 3, 1, 0, 0),
(4, 4, 1, 0, 0),
(4, 4, 1, 0, 0),
(5, 5, 1, 0, 0),
(5, 5, 1, 0, 0),
(6, 6, 1, 0, 0),
(6, 6, 1, 0, 0),
(7, 7, 1, 0, 0),
(7, 7, 1, 0, 0),
(8, 8, 1, 0, 0),
(8, 8, 1, 0, 0),
(9, 9, 1, 0, 0),
(9, 9, 1, 0, 0),
(10, 10, 3, 0, 0),
(10, 10, 1, 0, 0),
(11, 11, 1, 0, 0),
(11, 11, 1, 0, 0),
(12, 12, 1, 0, 0),
(12, 12, 1, 0, 0),
(13, 13, 8, 1, 0),
(13, 13, 1, 0, 0),
(14, 14, 8, 1, 0),
(14, 14, 1, 0, 0),
(15, 15, 8, 1, 0),
(15, 15, 1, 0, 0),
(16, 16, 3, 0, 0),
(16, 16, 1, 0, 0),
(17, 17, 3, 0, 0),
(17, 17, 1, 0, 0),
(18, 18, 3, 0, 0),
(18, 18, 1, 0, 0),
(19, 19, 4, 1, 0),
(19, 19, 1, 0, 0),
(20, 20, 8, 1, 0),
(20, 20, 1, 0, 0),
(21, 21, 3, 1, 0),
(21, 21, 1, 0, 0);

-- --------------------------------------------------------

--
-- Table structure for table `role`
--

CREATE TABLE IF NOT EXISTS `role` (
  `rid` int(10) unsigned NOT NULL AUTO_INCREMENT,
  `name` varchar(64) NOT NULL DEFAULT '',
  PRIMARY KEY (`rid`),
  UNIQUE KEY `name` (`name`)
) ENGINE=MyISAM  DEFAULT CHARSET=utf8 AUTO_INCREMENT=10 ;

--
-- Dumping data for table `role`
--

INSERT INTO `role` (`rid`, `name`) VALUES
(1, 'anonymous user'),
(2, 'authenticated user'),
(3, 'siteuser'),
(9, 'editor'),
(8, 'contributor'),
(6, 'project admin'),
(7, 'community admin');

CREATE TABLE IF NOT EXISTS `sessions` (
  `uid` int(10) unsigned NOT NULL,
  `sid` varchar(64) NOT NULL DEFAULT '',
  `hostname` varchar(128) NOT NULL DEFAULT '',
  `timestamp` int(11) NOT NULL DEFAULT '0',
  `cache` int(11) NOT NULL DEFAULT '0',
  `session` longtext,
  PRIMARY KEY (`sid`),
  KEY `timestamp` (`timestamp`),
  KEY `uid` (`uid`)
) ENGINE=MyISAM DEFAULT CHARSET=utf8;

-- --------------------------------------------------------

--
-- Table structure for table `system`
--

CREATE TABLE IF NOT EXISTS `system` (
  `filename` varchar(255) NOT NULL DEFAULT '',
  `name` varchar(255) NOT NULL DEFAULT '',
  `type` varchar(255) NOT NULL DEFAULT '',
  `owner` varchar(255) NOT NULL DEFAULT '',
  `status` int(11) NOT NULL DEFAULT '0',
  `throttle` tinyint(4) NOT NULL DEFAULT '0',
  `bootstrap` int(11) NOT NULL DEFAULT '0',
  `schema_version` smallint(6) NOT NULL DEFAULT '-1',
  `weight` int(11) NOT NULL DEFAULT '0',
  `info` text,
  PRIMARY KEY (`filename`),
  KEY `modules` (`type`(12),`status`,`weight`,`filename`),
  KEY `bootstrap` (`type`(12),`status`,`bootstrap`,`weight`,`filename`),
  KEY `type_name` (`type`(12),`name`)
) ENGINE=MyISAM DEFAULT CHARSET=utf8;

--
-- Dumping data for table `system`
--
INSERT INTO `system` VALUES ('sites/all/modules/inline_registration/inline_registration.module','inline_registration','module','','1','0','0','0','0','a:10:{s:4:\"name\";s:19:\"Inline Registration\";s:11:\"description\";s:57:\"Allows anonymous users to register via the node/add page.\";s:7:\"package\";s:5:\"Other\";s:4:\"core\";s:3:\"6.x\";s:7:\"version\";s:11:\"6.x-1.x-dev\";s:7:\"project\";s:19:\"inline_registration\";s:9:\"datestamp\";s:10:\"1298619450\";s:12:\"dependencies\";a:0:{}s:10:\"dependents\";a:0:{}s:3:\"php\";s:5:\"4.3.5\";}'),('sites/all/modules/ajax/ajax_ui/ajax_ui.module','ajax_ui','module','','0','0','0','-1','0','a:10:{s:4:\"name\";s:7:\"Ajax ui\";s:11:\"description\";s:93:\"User Interface for Ajax forms. You will not be able to manage Ajax forms without this module.\";s:7:\"package\";s:4:\"Ajax\";s:12:\"dependencies\";a:1:{i:0;s:4:\"ajax\";}s:4:\"core\";s:3:\"6.x\";s:7:\"version\";s:8:\"6.x-1.14\";s:7:\"project\";s:4:\"ajax\";s:9:\"datestamp\";s:10:\"1240859105\";s:10:\"dependents\";a:0:{}s:3:\"php\";s:5:\"4.3.5\";}'),('sites/all/modules/ajax/plugins/webform/ajax_webform.module','ajax_webform','module','','0','0','0','-1','0','a:10:{s:4:\"name\";s:21:\"Ajax plugin - webform\";s:11:\"description\";s:39:\"Enables AJAX functionality for webforms\";s:7:\"package\";s:4:\"Ajax\";s:12:\"dependencies\";a:2:{i:0;s:4:\"ajax\";i:1;s:7:\"webform\";}s:4:\"core\";s:3:\"6.x\";s:7:\"version\";s:8:\"6.x-1.14\";s:7:\"project\";s:4:\"ajax\";s:9:\"datestamp\";s:10:\"1240859105\";s:10:\"dependents\";a:0:{}s:3:\"php\";s:5:\"4.3.5\";}'),('sites/all/modules/ajax/plugins/wysiwyg/ajax_wysiwyg.module','ajax_wysiwyg','module','','0','0','0','-1','0','a:10:{s:4:\"name\";s:21:\"Ajax plugin - wysiwyg\";s:11:\"description\";s:42:\"Enables AJAX functionality for wysiwyg API\";s:7:\"package\";s:4:\"Ajax\";s:12:\"dependencies\";a:2:{i:0;s:4:\"ajax\";i:1;s:7:\"wysiwyg\";}s:4:\"core\";s:3:\"6.x\";s:7:\"version\";s:8:\"6.x-1.14\";s:7:\"project\";s:4:\"ajax\";s:9:\"datestamp\";s:10:\"1240859105\";s:10:\"dependents\";a:0:{}s:3:\"php\";s:5:\"4.3.5\";}');
INSERT INTO `system` VALUES ('sites/all/modules/thickbox/thickbox.module','thickbox','module','','0','0','0','-1','0','a:9:{s:4:\"name\";s:8:\"Thickbox\";s:11:\"description\";s:34:\"Enables Thickbox, a jQuery plugin.\";s:4:\"core\";s:3:\"6.x\";s:7:\"version\";s:7:\"6.x-1.6\";s:7:\"project\";s:8:\"thickbox\";s:9:\"datestamp\";s:10:\"1269039306\";s:12:\"dependencies\";a:0:{}s:10:\"dependents\";a:0:{}s:3:\"php\";s:5:\"4.3.5\";}'),('themes/pushbutton/pushbutton.info','pushbutton','theme','themes/engines/phptemplate/phptemplate.engine','0','0','0','-1','0','a:13:{s:4:\"name\";s:10:\"Pushbutton\";s:11:\"description\";s:52:\"Tabled, multi-column theme in blue and orange tones.\";s:7:\"version\";s:4:\"6.22\";s:4:\"core\";s:3:\"6.x\";s:6:\"engine\";s:11:\"phptemplate\";s:7:\"project\";s:6:\"drupal\";s:9:\"datestamp\";s:10:\"1306357015\";s:7:\"regions\";a:5:{s:4:\"left\";s:12:\"Left sidebar\";s:5:\"right\";s:13:\"Right sidebar\";s:7:\"content\";s:7:\"Content\";s:6:\"header\";s:6:\"Header\";s:6:\"footer\";s:6:\"Footer\";}s:8:\"features\";a:10:{i:0;s:20:\"comment_user_picture\";i:1;s:7:\"favicon\";i:2;s:7:\"mission\";i:3;s:4:\"logo\";i:4;s:4:\"name\";i:5;s:17:\"node_user_picture\";i:6;s:6:\"search\";i:7;s:6:\"slogan\";i:8;s:13:\"primary_links\";i:9;s:15:\"secondary_links\";}s:11:\"stylesheets\";a:1:{s:3:\"all\";a:1:{s:9:\"style.css\";s:27:\"themes/pushbutton/style.css\";}}s:7:\"scripts\";a:1:{s:9:\"script.js\";s:27:\"themes/pushbutton/script.js\";}s:10:\"screenshot\";s:32:\"themes/pushbutton/screenshot.png\";s:3:\"php\";s:5:\"4.3.5\";}'),('themes/garland/minnelli/minnelli.info','minnelli','theme','themes/engines/phptemplate/phptemplate.engine','0','0','0','-1','0','a:14:{s:4:\"name\";s:8:\"Minnelli\";s:11:\"description\";s:56:\"Tableless, recolorable, multi-column, fixed width theme.\";s:7:\"version\";s:4:\"6.22\";s:4:\"core\";s:3:\"6.x\";s:10:\"base theme\";s:7:\"garland\";s:11:\"stylesheets\";a:1:{s:3:\"all\";a:1:{s:12:\"minnelli.css\";s:36:\"themes/garland/minnelli/minnelli.css\";}}s:7:\"project\";s:6:\"drupal\";s:9:\"datestamp\";s:10:\"1306357015\";s:7:\"regions\";a:5:{s:4:\"left\";s:12:\"Left sidebar\";s:5:\"right\";s:13:\"Right sidebar\";s:7:\"content\";s:7:\"Content\";s:6:\"header\";s:6:\"Header\";s:6:\"footer\";s:6:\"Footer\";}s:8:\"features\";a:10:{i:0;s:20:\"comment_user_picture\";i:1;s:7:\"favicon\";i:2;s:7:\"mission\";i:3;s:4:\"logo\";i:4;s:4:\"name\";i:5;s:17:\"node_user_picture\";i:6;s:6:\"search\";i:7;s:6:\"slogan\";i:8;s:13:\"primary_links\";i:9;s:15:\"secondary_links\";}s:7:\"scripts\";a:1:{s:9:\"script.js\";s:33:\"themes/garland/minnelli/script.js\";}s:10:\"screenshot\";s:38:\"themes/garland/minnelli/screenshot.png\";s:3:\"php\";s:5:\"4.3.5\";s:6:\"engine\";s:11:\"phptemplate\";}');
INSERT INTO `system` VALUES ('themes/garland/garland.info','garland','theme','themes/engines/phptemplate/phptemplate.engine','1','0','0','-1','0','a:13:{s:4:\"name\";s:7:\"Garland\";s:11:\"description\";s:66:\"Tableless, recolorable, multi-column, fluid width theme (default).\";s:7:\"version\";s:4:\"6.22\";s:4:\"core\";s:3:\"6.x\";s:6:\"engine\";s:11:\"phptemplate\";s:11:\"stylesheets\";a:2:{s:3:\"all\";a:1:{s:9:\"style.css\";s:24:\"themes/garland/style.css\";}s:5:\"print\";a:1:{s:9:\"print.css\";s:24:\"themes/garland/print.css\";}}s:7:\"project\";s:6:\"drupal\";s:9:\"datestamp\";s:10:\"1306357015\";s:7:\"regions\";a:5:{s:4:\"left\";s:12:\"Left sidebar\";s:5:\"right\";s:13:\"Right sidebar\";s:7:\"content\";s:7:\"Content\";s:6:\"header\";s:6:\"Header\";s:6:\"footer\";s:6:\"Footer\";}s:8:\"features\";a:10:{i:0;s:20:\"comment_user_picture\";i:1;s:7:\"favicon\";i:2;s:7:\"mission\";i:3;s:4:\"logo\";i:4;s:4:\"name\";i:5;s:17:\"node_user_picture\";i:6;s:6:\"search\";i:7;s:6:\"slogan\";i:8;s:13:\"primary_links\";i:9;s:15:\"secondary_links\";}s:7:\"scripts\";a:1:{s:9:\"script.js\";s:24:\"themes/garland/script.js\";}s:10:\"screenshot\";s:29:\"themes/garland/screenshot.png\";s:3:\"php\";s:5:\"4.3.5\";}'),('themes/chameleon/marvin/marvin.info','marvin','theme','','0','0','0','-1','0','a:13:{s:4:\"name\";s:6:\"Marvin\";s:11:\"description\";s:31:\"Boxy tabled theme in all grays.\";s:7:\"regions\";a:2:{s:4:\"left\";s:12:\"Left sidebar\";s:5:\"right\";s:13:\"Right sidebar\";}s:7:\"version\";s:4:\"6.22\";s:4:\"core\";s:3:\"6.x\";s:10:\"base theme\";s:9:\"chameleon\";s:7:\"project\";s:6:\"drupal\";s:9:\"datestamp\";s:10:\"1306357015\";s:8:\"features\";a:10:{i:0;s:20:\"comment_user_picture\";i:1;s:7:\"favicon\";i:2;s:7:\"mission\";i:3;s:4:\"logo\";i:4;s:4:\"name\";i:5;s:17:\"node_user_picture\";i:6;s:6:\"search\";i:7;s:6:\"slogan\";i:8;s:13:\"primary_links\";i:9;s:15:\"secondary_links\";}s:11:\"stylesheets\";a:1:{s:3:\"all\";a:1:{s:9:\"style.css\";s:33:\"themes/chameleon/marvin/style.css\";}}s:7:\"scripts\";a:1:{s:9:\"script.js\";s:33:\"themes/chameleon/marvin/script.js\";}s:10:\"screenshot\";s:38:\"themes/chameleon/marvin/screenshot.png\";s:3:\"php\";s:5:\"4.3.5\";}');
INSERT INTO `system` VALUES ('themes/chameleon/chameleon.info','chameleon','theme','themes/chameleon/chameleon.theme','0','0','0','-1','0','a:12:{s:4:\"name\";s:9:\"Chameleon\";s:11:\"description\";s:42:\"Minimalist tabled theme with light colors.\";s:7:\"regions\";a:2:{s:4:\"left\";s:12:\"Left sidebar\";s:5:\"right\";s:13:\"Right sidebar\";}s:8:\"features\";a:4:{i:0;s:4:\"logo\";i:1;s:7:\"favicon\";i:2;s:4:\"name\";i:3;s:6:\"slogan\";}s:11:\"stylesheets\";a:1:{s:3:\"all\";a:2:{s:9:\"style.css\";s:26:\"themes/chameleon/style.css\";s:10:\"common.css\";s:27:\"themes/chameleon/common.css\";}}s:7:\"version\";s:4:\"6.22\";s:4:\"core\";s:3:\"6.x\";s:7:\"project\";s:6:\"drupal\";s:9:\"datestamp\";s:10:\"1306357015\";s:7:\"scripts\";a:1:{s:9:\"script.js\";s:26:\"themes/chameleon/script.js\";}s:10:\"screenshot\";s:31:\"themes/chameleon/screenshot.png\";s:3:\"php\";s:5:\"4.3.5\";}'),('modules/system/system.module','system','module','','1','0','0','6055','0','a:10:{s:4:\"name\";s:6:\"System\";s:11:\"description\";s:54:\"Handles general site configuration for administrators.\";s:7:\"package\";s:15:\"Core - required\";s:7:\"version\";s:4:\"6.22\";s:4:\"core\";s:3:\"6.x\";s:7:\"project\";s:6:\"drupal\";s:9:\"datestamp\";s:10:\"1306357015\";s:12:\"dependencies\";a:0:{}s:10:\"dependents\";a:0:{}s:3:\"php\";s:5:\"4.3.5\";}'),('modules/aggregator/aggregator.module','aggregator','module','','0','0','0','-1','0','a:10:{s:4:\"name\";s:10:\"Aggregator\";s:11:\"description\";s:57:\"Aggregates syndicated content (RSS, RDF, and Atom feeds).\";s:7:\"package\";s:15:\"Core - optional\";s:7:\"version\";s:4:\"6.22\";s:4:\"core\";s:3:\"6.x\";s:7:\"project\";s:6:\"drupal\";s:9:\"datestamp\";s:10:\"1306357015\";s:12:\"dependencies\";a:0:{}s:10:\"dependents\";a:0:{}s:3:\"php\";s:5:\"4.3.5\";}'),('modules/block/block.module','block','module','','1','0','0','0','0','a:10:{s:4:\"name\";s:5:\"Block\";s:11:\"description\";s:62:\"Controls the boxes that are displayed around the main content.\";s:7:\"package\";s:15:\"Core - required\";s:7:\"version\";s:4:\"6.22\";s:4:\"core\";s:3:\"6.x\";s:7:\"project\";s:6:\"drupal\";s:9:\"datestamp\";s:10:\"1306357015\";s:12:\"dependencies\";a:0:{}s:10:\"dependents\";a:0:{}s:3:\"php\";s:5:\"4.3.5\";}');
INSERT INTO `system` VALUES ('modules/blog/blog.module','blog','module','','0','0','0','-1','0','a:10:{s:4:\"name\";s:4:\"Blog\";s:11:\"description\";s:69:\"Enables keeping easily and regularly updated user web pages or blogs.\";s:7:\"package\";s:15:\"Core - optional\";s:7:\"version\";s:4:\"6.22\";s:4:\"core\";s:3:\"6.x\";s:7:\"project\";s:6:\"drupal\";s:9:\"datestamp\";s:10:\"1306357015\";s:12:\"dependencies\";a:0:{}s:10:\"dependents\";a:0:{}s:3:\"php\";s:5:\"4.3.5\";}'),('modules/blogapi/blogapi.module','blogapi','module','','0','0','0','-1','0','a:10:{s:4:\"name\";s:8:\"Blog API\";s:11:\"description\";s:79:\"Allows users to post content using applications that support XML-RPC blog APIs.\";s:7:\"package\";s:15:\"Core - optional\";s:7:\"version\";s:4:\"6.22\";s:4:\"core\";s:3:\"6.x\";s:7:\"project\";s:6:\"drupal\";s:9:\"datestamp\";s:10:\"1306357015\";s:12:\"dependencies\";a:0:{}s:10:\"dependents\";a:0:{}s:3:\"php\";s:5:\"4.3.5\";}'),('modules/book/book.module','book','module','','0','0','0','-1','0','a:10:{s:4:\"name\";s:4:\"Book\";s:11:\"description\";s:63:\"Allows users to structure site pages in a hierarchy or outline.\";s:7:\"package\";s:15:\"Core - optional\";s:7:\"version\";s:4:\"6.22\";s:4:\"core\";s:3:\"6.x\";s:7:\"project\";s:6:\"drupal\";s:9:\"datestamp\";s:10:\"1306357015\";s:12:\"dependencies\";a:0:{}s:10:\"dependents\";a:0:{}s:3:\"php\";s:5:\"4.3.5\";}'),('modules/color/color.module','color','module','','1','0','0','6001','0','a:10:{s:4:\"name\";s:5:\"Color\";s:11:\"description\";s:61:\"Allows the user to change the color scheme of certain themes.\";s:7:\"package\";s:15:\"Core - optional\";s:7:\"version\";s:4:\"6.22\";s:4:\"core\";s:3:\"6.x\";s:7:\"project\";s:6:\"drupal\";s:9:\"datestamp\";s:10:\"1306357015\";s:12:\"dependencies\";a:0:{}s:10:\"dependents\";a:0:{}s:3:\"php\";s:5:\"4.3.5\";}'),('modules/comment/comment.module','comment','module','','1','0','0','6003','0','a:10:{s:4:\"name\";s:7:\"Comment\";s:11:\"description\";s:57:\"Allows users to comment on and discuss published content.\";s:7:\"package\";s:15:\"Core - optional\";s:7:\"version\";s:4:\"6.22\";s:4:\"core\";s:3:\"6.x\";s:7:\"project\";s:6:\"drupal\";s:9:\"datestamp\";s:10:\"1306357015\";s:12:\"dependencies\";a:0:{}s:10:\"dependents\";a:0:{}s:3:\"php\";s:5:\"4.3.5\";}');
INSERT INTO `system` VALUES ('modules/contact/contact.module','contact','module','','1','0','0','0','0','a:10:{s:4:\"name\";s:7:\"Contact\";s:11:\"description\";s:61:\"Enables the use of both personal and site-wide contact forms.\";s:7:\"package\";s:15:\"Core - optional\";s:7:\"version\";s:4:\"6.22\";s:4:\"core\";s:3:\"6.x\";s:7:\"project\";s:6:\"drupal\";s:9:\"datestamp\";s:10:\"1306357015\";s:12:\"dependencies\";a:0:{}s:10:\"dependents\";a:0:{}s:3:\"php\";s:5:\"4.3.5\";}'),('modules/dblog/dblog.module','dblog','module','','1','0','0','6000','0','a:10:{s:4:\"name\";s:16:\"Database logging\";s:11:\"description\";s:47:\"Logs and records system events to the database.\";s:7:\"package\";s:15:\"Core - optional\";s:7:\"version\";s:4:\"6.22\";s:4:\"core\";s:3:\"6.x\";s:7:\"project\";s:6:\"drupal\";s:9:\"datestamp\";s:10:\"1306357015\";s:12:\"dependencies\";a:0:{}s:10:\"dependents\";a:0:{}s:3:\"php\";s:5:\"4.3.5\";}'),('modules/filter/filter.module','filter','module','','1','0','0','0','0','a:10:{s:4:\"name\";s:6:\"Filter\";s:11:\"description\";s:60:\"Handles the filtering of content in preparation for display.\";s:7:\"package\";s:15:\"Core - required\";s:7:\"version\";s:4:\"6.22\";s:4:\"core\";s:3:\"6.x\";s:7:\"project\";s:6:\"drupal\";s:9:\"datestamp\";s:10:\"1306357015\";s:12:\"dependencies\";a:0:{}s:10:\"dependents\";a:0:{}s:3:\"php\";s:5:\"4.3.5\";}'),('modules/forum/forum.module','forum','module','','0','0','0','-1','0','a:10:{s:4:\"name\";s:5:\"Forum\";s:11:\"description\";s:50:\"Enables threaded discussions about general topics.\";s:12:\"dependencies\";a:2:{i:0;s:8:\"taxonomy\";i:1;s:7:\"comment\";}s:7:\"package\";s:15:\"Core - optional\";s:7:\"version\";s:4:\"6.22\";s:4:\"core\";s:3:\"6.x\";s:7:\"project\";s:6:\"drupal\";s:9:\"datestamp\";s:10:\"1306357015\";s:10:\"dependents\";a:0:{}s:3:\"php\";s:5:\"4.3.5\";}'),('modules/help/help.module','help','module','','1','0','0','0','0','a:10:{s:4:\"name\";s:4:\"Help\";s:11:\"description\";s:35:\"Manages the display of online help.\";s:7:\"package\";s:15:\"Core - optional\";s:7:\"version\";s:4:\"6.22\";s:4:\"core\";s:3:\"6.x\";s:7:\"project\";s:6:\"drupal\";s:9:\"datestamp\";s:10:\"1306357015\";s:12:\"dependencies\";a:0:{}s:10:\"dependents\";a:0:{}s:3:\"php\";s:5:\"4.3.5\";}');
INSERT INTO `system` VALUES ('modules/locale/locale.module','locale','module','','0','0','0','-1','0','a:10:{s:4:\"name\";s:6:\"Locale\";s:11:\"description\";s:119:\"Adds language handling functionality and enables the translation of the user interface to languages other than English.\";s:7:\"package\";s:15:\"Core - optional\";s:7:\"version\";s:4:\"6.22\";s:4:\"core\";s:3:\"6.x\";s:7:\"project\";s:6:\"drupal\";s:9:\"datestamp\";s:10:\"1306357015\";s:12:\"dependencies\";a:0:{}s:10:\"dependents\";a:0:{}s:3:\"php\";s:5:\"4.3.5\";}'),('modules/menu/menu.module','menu','module','','1','0','0','0','0','a:10:{s:4:\"name\";s:4:\"Menu\";s:11:\"description\";s:60:\"Allows administrators to customize the site navigation menu.\";s:7:\"package\";s:15:\"Core - optional\";s:7:\"version\";s:4:\"6.22\";s:4:\"core\";s:3:\"6.x\";s:7:\"project\";s:6:\"drupal\";s:9:\"datestamp\";s:10:\"1306357015\";s:12:\"dependencies\";a:0:{}s:10:\"dependents\";a:0:{}s:3:\"php\";s:5:\"4.3.5\";}'),('modules/node/node.module','node','module','','1','0','0','0','0','a:10:{s:4:\"name\";s:4:\"Node\";s:11:\"description\";s:66:\"Allows content to be submitted to the site and displayed on pages.\";s:7:\"package\";s:15:\"Core - required\";s:7:\"version\";s:4:\"6.22\";s:4:\"core\";s:3:\"6.x\";s:7:\"project\";s:6:\"drupal\";s:9:\"datestamp\";s:10:\"1306357015\";s:12:\"dependencies\";a:0:{}s:10:\"dependents\";a:0:{}s:3:\"php\";s:5:\"4.3.5\";}'),('modules/openid/openid.module','openid','module','','0','0','0','-1','0','a:10:{s:4:\"name\";s:6:\"OpenID\";s:11:\"description\";s:48:\"Allows users to log into your site using OpenID.\";s:7:\"version\";s:4:\"6.22\";s:7:\"package\";s:15:\"Core - optional\";s:4:\"core\";s:3:\"6.x\";s:7:\"project\";s:6:\"drupal\";s:9:\"datestamp\";s:10:\"1306357015\";s:12:\"dependencies\";a:0:{}s:10:\"dependents\";a:0:{}s:3:\"php\";s:5:\"4.3.5\";}'),('modules/path/path.module','path','module','','1','0','0','0','0','a:10:{s:4:\"name\";s:4:\"Path\";s:11:\"description\";s:28:\"Allows users to rename URLs.\";s:7:\"package\";s:15:\"Core - optional\";s:7:\"version\";s:4:\"6.22\";s:4:\"core\";s:3:\"6.x\";s:7:\"project\";s:6:\"drupal\";s:9:\"datestamp\";s:10:\"1306357015\";s:12:\"dependencies\";a:0:{}s:10:\"dependents\";a:0:{}s:3:\"php\";s:5:\"4.3.5\";}');
INSERT INTO `system` VALUES ('modules/php/php.module','php','module','','1','0','0','0','0','a:10:{s:4:\"name\";s:10:\"PHP filter\";s:11:\"description\";s:50:\"Allows embedded PHP code/snippets to be evaluated.\";s:7:\"package\";s:15:\"Core - optional\";s:7:\"version\";s:4:\"6.22\";s:4:\"core\";s:3:\"6.x\";s:7:\"project\";s:6:\"drupal\";s:9:\"datestamp\";s:10:\"1306357015\";s:12:\"dependencies\";a:0:{}s:10:\"dependents\";a:0:{}s:3:\"php\";s:5:\"4.3.5\";}'),('modules/ping/ping.module','ping','module','','0','0','0','-1','0','a:10:{s:4:\"name\";s:4:\"Ping\";s:11:\"description\";s:51:\"Alerts other sites when your site has been updated.\";s:7:\"package\";s:15:\"Core - optional\";s:7:\"version\";s:4:\"6.22\";s:4:\"core\";s:3:\"6.x\";s:7:\"project\";s:6:\"drupal\";s:9:\"datestamp\";s:10:\"1306357015\";s:12:\"dependencies\";a:0:{}s:10:\"dependents\";a:0:{}s:3:\"php\";s:5:\"4.3.5\";}'),('modules/poll/poll.module','poll','module','','0','0','0','-1','0','a:10:{s:4:\"name\";s:4:\"Poll\";s:11:\"description\";s:95:\"Allows your site to capture votes on different topics in the form of multiple choice questions.\";s:7:\"package\";s:15:\"Core - optional\";s:7:\"version\";s:4:\"6.22\";s:4:\"core\";s:3:\"6.x\";s:7:\"project\";s:6:\"drupal\";s:9:\"datestamp\";s:10:\"1306357015\";s:12:\"dependencies\";a:0:{}s:10:\"dependents\";a:0:{}s:3:\"php\";s:5:\"4.3.5\";}'),('modules/profile/profile.module','profile','module','','0','0','0','-1','0','a:10:{s:4:\"name\";s:7:\"Profile\";s:11:\"description\";s:36:\"Supports configurable user profiles.\";s:7:\"package\";s:15:\"Core - optional\";s:7:\"version\";s:4:\"6.22\";s:4:\"core\";s:3:\"6.x\";s:7:\"project\";s:6:\"drupal\";s:9:\"datestamp\";s:10:\"1306357015\";s:12:\"dependencies\";a:0:{}s:10:\"dependents\";a:0:{}s:3:\"php\";s:5:\"4.3.5\";}'),('modules/search/search.module','search','module','','1','0','0','0','0','a:10:{s:4:\"name\";s:6:\"Search\";s:11:\"description\";s:36:\"Enables site-wide keyword searching.\";s:7:\"package\";s:15:\"Core - optional\";s:7:\"version\";s:4:\"6.22\";s:4:\"core\";s:3:\"6.x\";s:7:\"project\";s:6:\"drupal\";s:9:\"datestamp\";s:10:\"1306357015\";s:12:\"dependencies\";a:0:{}s:10:\"dependents\";a:0:{}s:3:\"php\";s:5:\"4.3.5\";}');
INSERT INTO `system` VALUES ('modules/statistics/statistics.module','statistics','module','','0','0','0','-1','0','a:10:{s:4:\"name\";s:10:\"Statistics\";s:11:\"description\";s:37:\"Logs access statistics for your site.\";s:7:\"package\";s:15:\"Core - optional\";s:7:\"version\";s:4:\"6.22\";s:4:\"core\";s:3:\"6.x\";s:7:\"project\";s:6:\"drupal\";s:9:\"datestamp\";s:10:\"1306357015\";s:12:\"dependencies\";a:0:{}s:10:\"dependents\";a:0:{}s:3:\"php\";s:5:\"4.3.5\";}'),('modules/syslog/syslog.module','syslog','module','','0','0','0','-1','0','a:10:{s:4:\"name\";s:6:\"Syslog\";s:11:\"description\";s:41:\"Logs and records system events to syslog.\";s:7:\"package\";s:15:\"Core - optional\";s:7:\"version\";s:4:\"6.22\";s:4:\"core\";s:3:\"6.x\";s:7:\"project\";s:6:\"drupal\";s:9:\"datestamp\";s:10:\"1306357015\";s:12:\"dependencies\";a:0:{}s:10:\"dependents\";a:0:{}s:3:\"php\";s:5:\"4.3.5\";}'),('modules/taxonomy/taxonomy.module','taxonomy','module','','1','0','0','0','0','a:10:{s:4:\"name\";s:8:\"Taxonomy\";s:11:\"description\";s:38:\"Enables the categorization of content.\";s:7:\"package\";s:15:\"Core - optional\";s:7:\"version\";s:4:\"6.22\";s:4:\"core\";s:3:\"6.x\";s:7:\"project\";s:6:\"drupal\";s:9:\"datestamp\";s:10:\"1306357015\";s:12:\"dependencies\";a:0:{}s:10:\"dependents\";a:0:{}s:3:\"php\";s:5:\"4.3.5\";}'),('modules/throttle/throttle.module','throttle','module','','0','0','0','-1','0','a:10:{s:4:\"name\";s:8:\"Throttle\";s:11:\"description\";s:66:\"Handles the auto-throttling mechanism, to control site congestion.\";s:7:\"package\";s:15:\"Core - optional\";s:7:\"version\";s:4:\"6.22\";s:4:\"core\";s:3:\"6.x\";s:7:\"project\";s:6:\"drupal\";s:9:\"datestamp\";s:10:\"1306357015\";s:12:\"dependencies\";a:0:{}s:10:\"dependents\";a:0:{}s:3:\"php\";s:5:\"4.3.5\";}'),('modules/tracker/tracker.module','tracker','module','','0','0','0','-1','0','a:10:{s:4:\"name\";s:7:\"Tracker\";s:11:\"description\";s:43:\"Enables tracking of recent posts for users.\";s:12:\"dependencies\";a:1:{i:0;s:7:\"comment\";}s:7:\"package\";s:15:\"Core - optional\";s:7:\"version\";s:4:\"6.22\";s:4:\"core\";s:3:\"6.x\";s:7:\"project\";s:6:\"drupal\";s:9:\"datestamp\";s:10:\"1306357015\";s:10:\"dependents\";a:0:{}s:3:\"php\";s:5:\"4.3.5\";}');
INSERT INTO `system` VALUES ('modules/translation/translation.module','translation','module','','0','0','0','-1','0','a:10:{s:4:\"name\";s:19:\"Content translation\";s:11:\"description\";s:57:\"Allows content to be translated into different languages.\";s:12:\"dependencies\";a:1:{i:0;s:6:\"locale\";}s:7:\"package\";s:15:\"Core - optional\";s:7:\"version\";s:4:\"6.22\";s:4:\"core\";s:3:\"6.x\";s:7:\"project\";s:6:\"drupal\";s:9:\"datestamp\";s:10:\"1306357015\";s:10:\"dependents\";a:0:{}s:3:\"php\";s:5:\"4.3.5\";}'),('modules/trigger/trigger.module','trigger','module','','1','0','0','0','2','a:10:{s:4:\"name\";s:7:\"Trigger\";s:11:\"description\";s:90:\"Enables actions to be fired on certain system events, such as when new content is created.\";s:7:\"package\";s:15:\"Core - optional\";s:7:\"version\";s:4:\"6.22\";s:4:\"core\";s:3:\"6.x\";s:7:\"project\";s:6:\"drupal\";s:9:\"datestamp\";s:10:\"1306357015\";s:12:\"dependencies\";a:0:{}s:10:\"dependents\";a:0:{}s:3:\"php\";s:5:\"4.3.5\";}'),('modules/update/update.module','update','module','','1','0','0','6000','0','a:10:{s:4:\"name\";s:13:\"Update status\";s:11:\"description\";s:88:\"Checks the status of available updates for Drupal and your installed modules and themes.\";s:7:\"version\";s:4:\"6.22\";s:7:\"package\";s:15:\"Core - optional\";s:4:\"core\";s:3:\"6.x\";s:7:\"project\";s:6:\"drupal\";s:9:\"datestamp\";s:10:\"1306357015\";s:12:\"dependencies\";a:0:{}s:10:\"dependents\";a:0:{}s:3:\"php\";s:5:\"4.3.5\";}'),('modules/upload/upload.module','upload','module','','0','0','0','-1','0','a:10:{s:4:\"name\";s:6:\"Upload\";s:11:\"description\";s:51:\"Allows users to upload and attach files to content.\";s:7:\"package\";s:15:\"Core - optional\";s:7:\"version\";s:4:\"6.22\";s:4:\"core\";s:3:\"6.x\";s:7:\"project\";s:6:\"drupal\";s:9:\"datestamp\";s:10:\"1306357015\";s:12:\"dependencies\";a:0:{}s:10:\"dependents\";a:0:{}s:3:\"php\";s:5:\"4.3.5\";}'),('modules/user/user.module','user','module','','1','0','0','0','0','a:10:{s:4:\"name\";s:4:\"User\";s:11:\"description\";s:47:\"Manages the user registration and login system.\";s:7:\"package\";s:15:\"Core - required\";s:7:\"version\";s:4:\"6.22\";s:4:\"core\";s:3:\"6.x\";s:7:\"project\";s:6:\"drupal\";s:9:\"datestamp\";s:10:\"1306357015\";s:12:\"dependencies\";a:0:{}s:10:\"dependents\";a:0:{}s:3:\"php\";s:5:\"4.3.5\";}');
INSERT INTO `system` VALUES ('sites/all/modules/openid_provider/openid_provider.module','openid_provider','module','','0','0','0','-1','0','a:10:{s:4:\"name\";s:15:\"Openid Provider\";s:11:\"description\";s:111:\"OpenID Provider (or server) support allows you to login to other OpenID enabled sites using your local account.\";s:4:\"core\";s:3:\"6.x\";s:3:\"php\";s:3:\"5.2\";s:12:\"dependencies\";a:1:{i:0;s:11:\"xrds_simple\";}s:7:\"package\";s:6:\"OpenID\";s:7:\"version\";s:13:\"6.x-1.0-beta3\";s:7:\"project\";s:15:\"openid_provider\";s:9:\"datestamp\";s:10:\"1305745317\";s:10:\"dependents\";a:0:{}}'),('sites/all/modules/xrds_simple/xrds_simple.module','xrds_simple','module','','0','0','0','0','0','a:9:{s:4:\"name\";s:11:\"XRDS Simple\";s:11:\"description\";s:56:\"Implements the XRDS-Simple spec for discovering services\";s:4:\"core\";s:3:\"6.x\";s:7:\"version\";s:7:\"6.x-1.0\";s:7:\"project\";s:11:\"xrds_simple\";s:9:\"datestamp\";s:10:\"1266164110\";s:12:\"dependencies\";a:0:{}s:10:\"dependents\";a:0:{}s:3:\"php\";s:5:\"4.3.5\";}'),('sites/all/modules/gauth/gauth.module','gauth','module','','0','0','0','0','0','a:9:{s:4:\"name\";s:11:\"Google Auth\";s:11:\"description\";s:41:\"Google Authentication module - uses OAuth\";s:4:\"core\";s:3:\"6.x\";s:12:\"dependencies\";a:1:{i:0;s:12:\"oauth_common\";}s:7:\"version\";s:11:\"6.x-1.x-dev\";s:7:\"project\";s:5:\"gauth\";s:9:\"datestamp\";s:10:\"1298619322\";s:10:\"dependents\";a:0:{}s:3:\"php\";s:5:\"4.3.5\";}'),('sites/all/modules/oauth_common/oauth_common.module','oauth_common','module','','0','0','0','-1','0','a:9:{s:4:\"name\";s:12:\"OAuth Common\";s:11:\"description\";s:35:\"Provides common OAuth functionality\";s:12:\"dependencies\";a:3:{i:0;s:8:\"autoload\";i:1;s:11:\"inputstream\";i:2;s:6:\"ctools\";}s:4:\"core\";s:3:\"6.x\";s:3:\"php\";s:3:\"5.2\";s:7:\"version\";s:13:\"6.x-2.0-beta2\";s:7:\"project\";s:12:\"oauth_common\";s:9:\"datestamp\";s:10:\"1266706506\";s:10:\"dependents\";a:0:{}}'),('sites/all/modules/ctools/bulk_export/bulk_export.module','bulk_export','module','','0','0','0','-1','0','a:10:{s:4:\"name\";s:11:\"Bulk Export\";s:11:\"description\";s:67:\"Performs bulk exporting of data objects known about by Chaos tools.\";s:4:\"core\";s:3:\"6.x\";s:12:\"dependencies\";a:1:{i:0;s:6:\"ctools\";}s:7:\"package\";s:16:\"Chaos tool suite\";s:7:\"version\";s:7:\"6.x-1.8\";s:7:\"project\";s:6:\"ctools\";s:9:\"datestamp\";s:10:\"1288393844\";s:10:\"dependents\";a:0:{}s:3:\"php\";s:5:\"4.3.5\";}');
INSERT INTO `system` VALUES ('sites/all/modules/ctools/ctools.module','ctools','module','','0','0','0','-1','0','a:10:{s:4:\"name\";s:11:\"Chaos tools\";s:11:\"description\";s:46:\"A library of helpful tools by Merlin of Chaos.\";s:4:\"core\";s:3:\"6.x\";s:7:\"package\";s:16:\"Chaos tool suite\";s:7:\"version\";s:7:\"6.x-1.8\";s:7:\"project\";s:6:\"ctools\";s:9:\"datestamp\";s:10:\"1288393844\";s:12:\"dependencies\";a:0:{}s:10:\"dependents\";a:0:{}s:3:\"php\";s:5:\"4.3.5\";}'),('sites/all/modules/ctools/ctools_access_ruleset/ctools_access_ruleset.module','ctools_access_ruleset','module','','0','0','0','-1','0','a:10:{s:4:\"name\";s:15:\"Custom rulesets\";s:11:\"description\";s:81:\"Create custom, exportable, reusable access rulesets for applications like Panels.\";s:4:\"core\";s:3:\"6.x\";s:7:\"package\";s:16:\"Chaos tool suite\";s:12:\"dependencies\";a:1:{i:0;s:6:\"ctools\";}s:7:\"version\";s:7:\"6.x-1.8\";s:7:\"project\";s:6:\"ctools\";s:9:\"datestamp\";s:10:\"1288393844\";s:10:\"dependents\";a:0:{}s:3:\"php\";s:5:\"4.3.5\";}'),('sites/all/modules/ctools/ctools_ajax_sample/ctools_ajax_sample.module','ctools_ajax_sample','module','','0','0','0','-1','0','a:10:{s:4:\"name\";s:33:\"Chaos Tools (CTools) AJAX Example\";s:11:\"description\";s:41:\"Shows how to use the power of Chaos AJAX.\";s:7:\"package\";s:16:\"Chaos tool suite\";s:12:\"dependencies\";a:1:{i:0;s:6:\"ctools\";}s:7:\"version\";s:7:\"6.x-1.8\";s:4:\"core\";s:3:\"6.x\";s:7:\"project\";s:6:\"ctools\";s:9:\"datestamp\";s:10:\"1288393844\";s:10:\"dependents\";a:0:{}s:3:\"php\";s:5:\"4.3.5\";}'),('sites/all/modules/ctools/ctools_custom_content/ctools_custom_content.module','ctools_custom_content','module','','0','0','0','-1','0','a:10:{s:4:\"name\";s:20:\"Custom content panes\";s:11:\"description\";s:79:\"Create custom, exportable, reusable content panes for applications like Panels.\";s:4:\"core\";s:3:\"6.x\";s:7:\"package\";s:16:\"Chaos tool suite\";s:12:\"dependencies\";a:1:{i:0;s:6:\"ctools\";}s:7:\"version\";s:7:\"6.x-1.8\";s:7:\"project\";s:6:\"ctools\";s:9:\"datestamp\";s:10:\"1288393844\";s:10:\"dependents\";a:0:{}s:3:\"php\";s:5:\"4.3.5\";}');
INSERT INTO `system` VALUES ('sites/all/modules/ctools/ctools_plugin_example/ctools_plugin_example.module','ctools_plugin_example','module','','0','0','0','-1','0','a:10:{s:4:\"name\";s:35:\"Chaos Tools (CTools) Plugin Example\";s:11:\"description\";s:75:\"Shows how an external module can provide ctools plugins (for Panels, etc.).\";s:7:\"package\";s:16:\"Chaos tool suite\";s:12:\"dependencies\";a:4:{i:0;s:6:\"ctools\";i:1;s:6:\"panels\";i:2;s:12:\"page_manager\";i:3;s:13:\"advanced_help\";}s:4:\"core\";s:3:\"6.x\";s:7:\"version\";s:7:\"6.x-1.8\";s:7:\"project\";s:6:\"ctools\";s:9:\"datestamp\";s:10:\"1288393844\";s:10:\"dependents\";a:0:{}s:3:\"php\";s:5:\"4.3.5\";}'),('sites/all/modules/ctools/page_manager/page_manager.module','page_manager','module','','0','0','0','-1','0','a:10:{s:4:\"name\";s:12:\"Page manager\";s:11:\"description\";s:54:\"Provides a UI and API to manage pages within the site.\";s:4:\"core\";s:3:\"6.x\";s:12:\"dependencies\";a:1:{i:0;s:6:\"ctools\";}s:7:\"package\";s:16:\"Chaos tool suite\";s:7:\"version\";s:7:\"6.x-1.8\";s:7:\"project\";s:6:\"ctools\";s:9:\"datestamp\";s:10:\"1288393844\";s:10:\"dependents\";a:0:{}s:3:\"php\";s:5:\"4.3.5\";}'),('sites/all/modules/ctools/stylizer/stylizer.module','stylizer','module','','0','0','0','-1','0','a:10:{s:4:\"name\";s:8:\"Stylizer\";s:11:\"description\";s:53:\"Create custom styles for applications such as Panels.\";s:4:\"core\";s:3:\"6.x\";s:7:\"package\";s:16:\"Chaos tool suite\";s:12:\"dependencies\";a:1:{i:0;s:6:\"ctools\";}s:7:\"version\";s:7:\"6.x-1.8\";s:7:\"project\";s:6:\"ctools\";s:9:\"datestamp\";s:10:\"1288393844\";s:10:\"dependents\";a:0:{}s:3:\"php\";s:5:\"4.3.5\";}'),('sites/all/modules/ctools/views_content/views_content.module','views_content','module','','0','0','0','-1','0','a:10:{s:4:\"name\";s:19:\"Views content panes\";s:11:\"description\";s:104:\"Allows Views content to be used in Panels, Dashboard and other modules which use the CTools Content API.\";s:7:\"package\";s:16:\"Chaos tool suite\";s:12:\"dependencies\";a:2:{i:0;s:6:\"ctools\";i:1;s:5:\"views\";}s:4:\"core\";s:3:\"6.x\";s:7:\"version\";s:7:\"6.x-1.8\";s:7:\"project\";s:6:\"ctools\";s:9:\"datestamp\";s:10:\"1288393844\";s:10:\"dependents\";a:0:{}s:3:\"php\";s:5:\"4.3.5\";}');
INSERT INTO `system` VALUES ('sites/all/modules/inputstream/inputstream.module','inputstream','module','','0','0','0','0','0','a:9:{s:4:\"name\";s:19:\"Input stream helper\";s:11:\"description\";s:87:\"Provides a stream-wrapper for drupal://input that should be used instead of php://input\";s:4:\"core\";s:3:\"6.x\";s:3:\"php\";s:3:\"5.2\";s:7:\"version\";s:7:\"6.x-1.0\";s:7:\"project\";s:11:\"inputstream\";s:9:\"datestamp\";s:10:\"1242123338\";s:12:\"dependencies\";a:0:{}s:10:\"dependents\";a:0:{}}'),('sites/all/modules/autoload/autoload.module','autoload','module','','0','0','0','-1','-100','a:9:{s:4:\"name\";s:8:\"Autoload\";s:11:\"description\";s:46:\"Helper module to autoload classes under PHP 5.\";s:3:\"php\";s:5:\"5.1.2\";s:4:\"core\";s:3:\"6.x\";s:7:\"version\";s:7:\"6.x-2.1\";s:7:\"project\";s:8:\"autoload\";s:9:\"datestamp\";s:10:\"1303486914\";s:12:\"dependencies\";a:0:{}s:10:\"dependents\";a:0:{}}'),('sites/all/modules/gigya/gigya.module','gigya','module','','0','0','0','-1','5','a:9:{s:4:\"name\";s:27:\"Gigya - Social optimization\";s:11:\"description\";s:84:\"Allows sites to utilize the Gigya API for authentication and social network updates.\";s:4:\"core\";s:3:\"6.x\";s:3:\"php\";s:3:\"5.2\";s:7:\"version\";s:7:\"6.x-3.0\";s:7:\"project\";s:5:\"gigya\";s:9:\"datestamp\";s:10:\"1295871140\";s:12:\"dependencies\";a:0:{}s:10:\"dependents\";a:0:{}}'),('sites/all/modules/backup_migrate/backup_migrate.module','backup_migrate','module','','1','0','0','2005','0','a:9:{s:4:\"name\";s:18:\"Backup and Migrate\";s:11:\"description\";s:75:\"Backup or migrate the Drupal Database quickly and without unnecessary data.\";s:4:\"core\";s:3:\"6.x\";s:7:\"version\";s:7:\"6.x-2.4\";s:7:\"project\";s:14:\"backup_migrate\";s:9:\"datestamp\";s:10:\"1289012136\";s:12:\"dependencies\";a:0:{}s:10:\"dependents\";a:0:{}s:3:\"php\";s:5:\"4.3.5\";}'),('sites/all/modules/schema/schema.module','schema','module','','0','0','0','-1','0','a:10:{s:4:\"name\";s:6:\"Schema\";s:11:\"description\";s:65:\"The Schema module provides functionality built on the Schema API.\";s:7:\"package\";s:8:\"Database\";s:4:\"core\";s:3:\"6.x\";s:7:\"version\";s:7:\"6.x-1.7\";s:7:\"project\";s:6:\"schema\";s:9:\"datestamp\";s:10:\"1265576106\";s:12:\"dependencies\";a:0:{}s:10:\"dependents\";a:0:{}s:3:\"php\";s:5:\"4.3.5\";}');
INSERT INTO `system` VALUES ('sites/all/modules/rpx/rpx.module','rpx','module','','1','0','0','6005','0','a:9:{s:4:\"name\";s:3:\"RPX\";s:11:\"description\";s:40:\"Adds the RPX Sign In widget to your site\";s:4:\"core\";s:3:\"6.x\";s:3:\"php\";s:3:\"5.2\";s:7:\"version\";s:7:\"6.x-1.4\";s:7:\"project\";s:3:\"rpx\";s:9:\"datestamp\";s:10:\"1295449008\";s:12:\"dependencies\";a:0:{}s:10:\"dependents\";a:0:{}}'),('sites/all/modules/fb_social/fb_social.module','fb_social','module','','0','0','0','-1','0','a:10:{s:4:\"name\";s:17:\"fb social plugins\";s:11:\"description\";s:23:\"facebook social plugins\";s:7:\"package\";s:15:\"Facebook Social\";s:4:\"core\";s:3:\"6.x\";s:7:\"version\";s:13:\"6.x-1.0-beta6\";s:7:\"project\";s:9:\"fb_social\";s:9:\"datestamp\";s:10:\"1301195468\";s:12:\"dependencies\";a:0:{}s:10:\"dependents\";a:0:{}s:3:\"php\";s:5:\"4.3.5\";}'),('sites/all/modules/fb_social/modules/fb_social_comments/fb_social_comments.module','fb_social_comments','module','','0','0','0','-1','0','a:10:{s:4:\"name\";s:18:\"fb social comments\";s:11:\"description\";s:18:\"fb social comments\";s:7:\"package\";s:15:\"Facebook Social\";s:12:\"dependencies\";a:1:{i:0;s:9:\"fb_social\";}s:4:\"core\";s:3:\"6.x\";s:7:\"version\";s:13:\"6.x-1.0-beta6\";s:7:\"project\";s:9:\"fb_social\";s:9:\"datestamp\";s:10:\"1301195468\";s:10:\"dependents\";a:0:{}s:3:\"php\";s:5:\"4.3.5\";}'),('sites/all/modules/fb_social/modules/fb_social_like/fb_social_like.module','fb_social_like','module','','0','0','0','-1','0','a:10:{s:4:\"name\";s:14:\"fb social like\";s:11:\"description\";s:14:\"fb social like\";s:12:\"dependencies\";a:1:{i:0;s:9:\"fb_social\";}s:7:\"package\";s:15:\"Facebook Social\";s:4:\"core\";s:3:\"6.x\";s:7:\"version\";s:13:\"6.x-1.0-beta6\";s:7:\"project\";s:9:\"fb_social\";s:9:\"datestamp\";s:10:\"1301195468\";s:10:\"dependents\";a:0:{}s:3:\"php\";s:5:\"4.3.5\";}'),('sites/all/modules/fb_social/modules/fb_social_likebox/fb_social_likebox.module','fb_social_likebox','module','','0','0','0','-1','0','a:10:{s:4:\"name\";s:18:\"fb social like box\";s:11:\"description\";s:18:\"fb social like box\";s:12:\"dependencies\";a:1:{i:0;s:9:\"fb_social\";}s:7:\"package\";s:15:\"Facebook Social\";s:4:\"core\";s:3:\"6.x\";s:7:\"version\";s:13:\"6.x-1.0-beta6\";s:7:\"project\";s:9:\"fb_social\";s:9:\"datestamp\";s:10:\"1301195468\";s:10:\"dependents\";a:0:{}s:3:\"php\";s:5:\"4.3.5\";}');
INSERT INTO `system` VALUES ('sites/all/modules/fb_social/modules/fb_social_share/fb_social_share.module','fb_social_share','module','','0','0','0','-1','0','a:10:{s:4:\"name\";s:15:\"fb social share\";s:11:\"description\";s:15:\"fb social share\";s:12:\"dependencies\";a:1:{i:0;s:9:\"fb_social\";}s:7:\"package\";s:15:\"Facebook Social\";s:4:\"core\";s:3:\"6.x\";s:7:\"version\";s:13:\"6.x-1.0-beta6\";s:7:\"project\";s:9:\"fb_social\";s:9:\"datestamp\";s:10:\"1301195468\";s:10:\"dependents\";a:0:{}s:3:\"php\";s:5:\"4.3.5\";}'),('sites/all/modules/og/og.module','og','module','','1','0','1','6203','0','a:10:{s:4:\"name\";s:14:\"Organic groups\";s:11:\"description\";s:106:\"Enable users to create and manage groups.  OG Views integration module is recommended for best experience.\";s:7:\"package\";s:14:\"Organic groups\";s:4:\"core\";s:3:\"6.x\";s:7:\"version\";s:7:\"6.x-2.1\";s:7:\"project\";s:2:\"og\";s:9:\"datestamp\";s:10:\"1268751911\";s:12:\"dependencies\";a:0:{}s:10:\"dependents\";a:0:{}s:3:\"php\";s:5:\"4.3.5\";}'),('sites/all/modules/og/modules/og_access/og_access.module','og_access','module','','1','0','0','6201','1','a:10:{s:4:\"name\";s:29:\"Organic groups access control\";s:11:\"description\";s:59:\"Enable access control for private posts and private groups.\";s:7:\"package\";s:14:\"Organic groups\";s:12:\"dependencies\";a:1:{i:0;s:2:\"og\";}s:4:\"core\";s:3:\"6.x\";s:7:\"version\";s:7:\"6.x-2.1\";s:7:\"project\";s:2:\"og\";s:9:\"datestamp\";s:10:\"1268751911\";s:10:\"dependents\";a:0:{}s:3:\"php\";s:5:\"4.3.5\";}'),('sites/all/modules/og/modules/og_actions/og_actions.module','og_actions','module','','1','0','0','0','0','a:10:{s:4:\"name\";s:22:\"Organic groups actions\";s:11:\"description\";s:57:\"Provides actions for use with Organic Groups and Trigger.\";s:7:\"package\";s:14:\"Organic groups\";s:12:\"dependencies\";a:1:{i:0;s:2:\"og\";}s:4:\"core\";s:3:\"6.x\";s:7:\"version\";s:7:\"6.x-2.1\";s:7:\"project\";s:2:\"og\";s:9:\"datestamp\";s:10:\"1268751911\";s:10:\"dependents\";a:0:{}s:3:\"php\";s:5:\"4.3.5\";}');
INSERT INTO `system` VALUES ('sites/all/modules/og/modules/og_notifications/og_notifications.module','og_notifications','module','','1','0','0','6001','0','a:10:{s:4:\"name\";s:28:\"Organic Groups Notifications\";s:11:\"description\";s:69:\"Allows users to receive notifications and subscribe to group content.\";s:7:\"package\";s:14:\"Organic groups\";s:12:\"dependencies\";a:6:{i:0;s:2:\"og\";i:1;s:13:\"notifications\";i:2;s:21:\"notifications_content\";i:3;s:18:\"notifications_lite\";i:4;s:9:\"messaging\";i:5;s:5:\"token\";}s:4:\"core\";s:3:\"6.x\";s:7:\"version\";s:7:\"6.x-2.1\";s:7:\"project\";s:2:\"og\";s:9:\"datestamp\";s:10:\"1268751911\";s:10:\"dependents\";a:0:{}s:3:\"php\";s:5:\"4.3.5\";}'),('sites/all/modules/og/modules/og_views/og_views.module','og_views','module','','1','0','0','0','0','a:10:{s:4:\"name\";s:32:\"Organic groups Views integration\";s:11:\"description\";s:85:\"<strong>Highly recommended.</strong>. Use Views to search and display organic groups.\";s:7:\"package\";s:14:\"Organic groups\";s:12:\"dependencies\";a:2:{i:0;s:2:\"og\";i:1;s:5:\"views\";}s:4:\"core\";s:3:\"6.x\";s:7:\"version\";s:7:\"6.x-2.1\";s:7:\"project\";s:2:\"og\";s:9:\"datestamp\";s:10:\"1268751911\";s:10:\"dependents\";a:0:{}s:3:\"php\";s:5:\"4.3.5\";}'),('sites/all/modules/notifications/notifications.module','notifications','module','','1','0','1','6004','0','a:10:{s:4:\"name\";s:13:\"Notifications\";s:11:\"description\";s:33:\"The basic notifications framework\";s:7:\"package\";s:13:\"Notifications\";s:12:\"dependencies\";a:2:{i:0;s:9:\"messaging\";i:1;s:5:\"token\";}s:4:\"core\";s:3:\"6.x\";s:3:\"php\";s:3:\"5.0\";s:7:\"version\";s:7:\"6.x-2.3\";s:7:\"project\";s:13:\"notifications\";s:9:\"datestamp\";s:10:\"1287647170\";s:10:\"dependents\";a:0:{}}'),('sites/all/modules/notifications/notifications_autosubscribe/notifications_autosubscribe.module','notifications_autosubscribe','module','','0','0','0','-1','0','a:10:{s:4:\"name\";s:27:\"Notifications Autosubscribe\";s:11:\"description\";s:33:\"Provides automatic notifications.\";s:7:\"package\";s:13:\"Notifications\";s:12:\"dependencies\";a:2:{i:0;s:13:\"notifications\";i:1;s:21:\"notifications_content\";}s:4:\"core\";s:3:\"6.x\";s:7:\"version\";s:7:\"6.x-2.3\";s:7:\"project\";s:13:\"notifications\";s:9:\"datestamp\";s:10:\"1287647170\";s:10:\"dependents\";a:0:{}s:3:\"php\";s:5:\"4.3.5\";}');
INSERT INTO `system` VALUES ('sites/all/modules/notifications/notifications_content/notifications_content.module','notifications_content','module','','1','0','0','6001','100','a:10:{s:4:\"name\";s:21:\"Content Notifications\";s:11:\"description\";s:52:\"Allows users to subscribe to content related events.\";s:7:\"package\";s:13:\"Notifications\";s:12:\"dependencies\";a:1:{i:0;s:13:\"notifications\";}s:4:\"core\";s:3:\"6.x\";s:7:\"version\";s:7:\"6.x-2.3\";s:7:\"project\";s:13:\"notifications\";s:9:\"datestamp\";s:10:\"1287647170\";s:10:\"dependents\";a:0:{}s:3:\"php\";s:5:\"4.3.5\";}'),('sites/all/modules/notifications/notifications_lite/notifications_lite.module','notifications_lite','module','','1','0','0','0','0','a:10:{s:4:\"name\";s:18:\"Notifications Lite\";s:11:\"description\";s:75:\"Extra Simple Notifications API. Enable only when required by other modules.\";s:7:\"package\";s:13:\"Notifications\";s:4:\"core\";s:3:\"6.x\";s:7:\"version\";s:7:\"6.x-2.3\";s:7:\"project\";s:13:\"notifications\";s:9:\"datestamp\";s:10:\"1287647170\";s:12:\"dependencies\";a:0:{}s:10:\"dependents\";a:0:{}s:3:\"php\";s:5:\"4.3.5\";}'),('sites/all/modules/notifications/notifications_tags/notifications_tags.module','notifications_tags','module','','0','0','0','-1','0','a:10:{s:4:\"name\";s:22:\"Taxonomy Notifications\";s:11:\"description\";s:44:\"Allows users to subscribe to taxonomy terms.\";s:7:\"package\";s:13:\"Notifications\";s:12:\"dependencies\";a:2:{i:0;s:21:\"notifications_content\";i:1;s:8:\"taxonomy\";}s:4:\"core\";s:3:\"6.x\";s:7:\"version\";s:7:\"6.x-2.3\";s:7:\"project\";s:13:\"notifications\";s:9:\"datestamp\";s:10:\"1287647170\";s:10:\"dependents\";a:0:{}s:3:\"php\";s:5:\"4.3.5\";}'),('sites/all/modules/notifications/notifications_ui/notifications_ui.module','notifications_ui','module','','0','0','0','-1','0','a:10:{s:4:\"name\";s:16:\"Notifications UI\";s:11:\"description\";s:31:\"Provides an UI to notifications\";s:7:\"package\";s:13:\"Notifications\";s:12:\"dependencies\";a:1:{i:0;s:13:\"notifications\";}s:4:\"core\";s:3:\"6.x\";s:7:\"version\";s:7:\"6.x-2.3\";s:7:\"project\";s:13:\"notifications\";s:9:\"datestamp\";s:10:\"1287647170\";s:10:\"dependents\";a:0:{}s:3:\"php\";s:5:\"4.3.5\";}');
INSERT INTO `system` VALUES ('sites/all/modules/notifications/notifications_views/notifications_views.module','notifications_views','module','','0','0','0','-1','0','a:10:{s:4:\"name\";s:19:\"Notifications Views\";s:11:\"description\";s:36:\"Views integration for Notifications.\";s:7:\"package\";s:13:\"Notifications\";s:12:\"dependencies\";a:2:{i:0;s:5:\"views\";i:1;s:13:\"notifications\";}s:4:\"core\";s:3:\"6.x\";s:7:\"version\";s:7:\"6.x-2.3\";s:7:\"project\";s:13:\"notifications\";s:9:\"datestamp\";s:10:\"1287647170\";s:10:\"dependents\";a:0:{}s:3:\"php\";s:5:\"4.3.5\";}'),('sites/all/modules/messaging/messaging.module','messaging','module','','1','0','0','6005','0','a:10:{s:4:\"name\";s:9:\"Messaging\";s:11:\"description\";s:69:\"Messaging system. This is the base module for the Messaging Framework\";s:7:\"package\";s:9:\"Messaging\";s:4:\"core\";s:3:\"6.x\";s:7:\"version\";s:7:\"6.x-2.4\";s:7:\"project\";s:9:\"messaging\";s:9:\"datestamp\";s:10:\"1297899425\";s:12:\"dependencies\";a:0:{}s:10:\"dependents\";a:0:{}s:3:\"php\";s:5:\"4.3.5\";}'),('sites/all/modules/messaging/messaging_debug/messaging_debug.module','messaging_debug','module','','0','0','0','-1','0','a:10:{s:4:\"name\";s:15:\"Messaging debug\";s:11:\"description\";s:58:\"Debugging and development utilities for messaging package.\";s:7:\"package\";s:11:\"Development\";s:12:\"dependencies\";a:1:{i:0;s:9:\"messaging\";}s:4:\"core\";s:3:\"6.x\";s:7:\"version\";s:7:\"6.x-2.4\";s:7:\"project\";s:9:\"messaging\";s:9:\"datestamp\";s:10:\"1297899425\";s:10:\"dependents\";a:0:{}s:3:\"php\";s:5:\"4.3.5\";}'),('sites/all/modules/messaging/messaging_mail/messaging_mail.module','messaging_mail','module','','0','0','0','-1','0','a:10:{s:4:\"name\";s:11:\"Simple Mail\";s:11:\"description\";s:53:\"Mail Sending Method: Integration with Drupal mail API\";s:7:\"package\";s:9:\"Messaging\";s:12:\"dependencies\";a:1:{i:0;s:9:\"messaging\";}s:4:\"core\";s:3:\"6.x\";s:7:\"version\";s:7:\"6.x-2.4\";s:7:\"project\";s:9:\"messaging\";s:9:\"datestamp\";s:10:\"1297899425\";s:10:\"dependents\";a:0:{}s:3:\"php\";s:5:\"4.3.5\";}');
INSERT INTO `system` VALUES ('sites/all/modules/messaging/messaging_mime_mail/messaging_mime_mail.module','messaging_mime_mail','module','','0','0','0','-1','0','a:10:{s:4:\"name\";s:19:\"Messaging Mime Mail\";s:11:\"description\";s:61:\"Mail Sending Method: Integration with Mime Mail module (Beta)\";s:7:\"package\";s:9:\"Messaging\";s:12:\"dependencies\";a:2:{i:0;s:9:\"messaging\";i:1;s:8:\"mimemail\";}s:4:\"core\";s:3:\"6.x\";s:7:\"version\";s:7:\"6.x-2.4\";s:7:\"project\";s:9:\"messaging\";s:9:\"datestamp\";s:10:\"1297899425\";s:10:\"dependents\";a:0:{}s:3:\"php\";s:5:\"4.3.5\";}'),('sites/all/modules/messaging/messaging_phpmailer/messaging_phpmailer.module','messaging_phpmailer','module','','0','0','0','-1','0','a:10:{s:4:\"name\";s:19:\"Messaging PHPMailer\";s:11:\"description\";s:61:\"Mail Sending Method: Integration with PHPMailer for HTML Mail\";s:7:\"package\";s:9:\"Messaging\";s:12:\"dependencies\";a:1:{i:0;s:9:\"messaging\";}s:4:\"core\";s:3:\"6.x\";s:7:\"version\";s:7:\"6.x-2.4\";s:7:\"project\";s:9:\"messaging\";s:9:\"datestamp\";s:10:\"1297899425\";s:10:\"dependents\";a:0:{}s:3:\"php\";s:5:\"4.3.5\";}'),('sites/all/modules/messaging/messaging_privatemsg/messaging_privatemsg.module','messaging_privatemsg','module','','1','0','0','0','0','a:10:{s:4:\"name\";s:20:\"Messaging Privatemsg\";s:11:\"description\";s:50:\"Sending Method: Integration with Privatemsg (Beta)\";s:7:\"package\";s:9:\"Messaging\";s:12:\"dependencies\";a:2:{i:0;s:9:\"messaging\";i:1;s:10:\"privatemsg\";}s:4:\"core\";s:3:\"6.x\";s:7:\"version\";s:7:\"6.x-2.4\";s:7:\"project\";s:9:\"messaging\";s:9:\"datestamp\";s:10:\"1297899425\";s:10:\"dependents\";a:0:{}s:3:\"php\";s:5:\"4.3.5\";}'),('sites/all/modules/messaging/messaging_simple/messaging_simple.module','messaging_simple','module','','0','0','0','-1','0','a:10:{s:4:\"name\";s:16:\"Simple messaging\";s:11:\"description\";s:44:\"Sending Method: Show messages on user\'s page\";s:7:\"package\";s:9:\"Messaging\";s:12:\"dependencies\";a:1:{i:0;s:9:\"messaging\";}s:4:\"core\";s:3:\"6.x\";s:7:\"version\";s:7:\"6.x-2.4\";s:7:\"project\";s:9:\"messaging\";s:9:\"datestamp\";s:10:\"1297899425\";s:10:\"dependents\";a:0:{}s:3:\"php\";s:5:\"4.3.5\";}');
INSERT INTO `system` VALUES ('sites/all/modules/messaging/messaging_sms/messaging_sms.module','messaging_sms','module','','0','0','0','-1','0','a:10:{s:4:\"name\";s:13:\"SMS Messaging\";s:11:\"description\";s:19:\"Sending Method: SMS\";s:7:\"package\";s:9:\"Messaging\";s:12:\"dependencies\";a:2:{i:0;s:9:\"messaging\";i:1;s:3:\"sms\";}s:4:\"core\";s:3:\"6.x\";s:7:\"version\";s:7:\"6.x-2.4\";s:7:\"project\";s:9:\"messaging\";s:9:\"datestamp\";s:10:\"1297899425\";s:10:\"dependents\";a:0:{}s:3:\"php\";s:5:\"4.3.5\";}'),('sites/all/modules/messaging/messaging_twitter/messaging_twitter.module','messaging_twitter','module','','0','0','0','-1','0','a:10:{s:4:\"name\";s:17:\"Twitter Messaging\";s:11:\"description\";s:46:\"Sending method for messaging that uses Twitter\";s:7:\"package\";s:9:\"Messaging\";s:12:\"dependencies\";a:2:{i:0;s:9:\"messaging\";i:1;s:7:\"twitter\";}s:4:\"core\";s:3:\"6.x\";s:7:\"version\";s:7:\"6.x-2.4\";s:7:\"project\";s:9:\"messaging\";s:9:\"datestamp\";s:10:\"1297899425\";s:10:\"dependents\";a:0:{}s:3:\"php\";s:5:\"4.3.5\";}'),('sites/all/modules/messaging/messaging_xmpp/messaging_xmpp.module','messaging_xmpp','module','','0','0','0','-1','0','a:10:{s:4:\"name\";s:14:\"Messaging XMPP\";s:11:\"description\";s:52:\"XMPP Sending Method: Integration with XMPP Framework\";s:7:\"package\";s:9:\"Messaging\";s:12:\"dependencies\";a:3:{i:0;s:9:\"messaging\";i:1;s:13:\"xmppframework\";i:2;s:9:\"xmpp_user\";}s:4:\"core\";s:3:\"6.x\";s:7:\"version\";s:7:\"6.x-2.4\";s:7:\"project\";s:9:\"messaging\";s:9:\"datestamp\";s:10:\"1297899425\";s:10:\"dependents\";a:0:{}s:3:\"php\";s:5:\"4.3.5\";}'),('sites/all/modules/views/views.module','views','module','','1','0','0','6009','10','a:10:{s:4:\"name\";s:5:\"Views\";s:11:\"description\";s:55:\"Create customized lists and queries from your database.\";s:7:\"package\";s:5:\"Views\";s:4:\"core\";s:3:\"6.x\";s:7:\"version\";s:8:\"6.x-2.12\";s:7:\"project\";s:5:\"views\";s:9:\"datestamp\";s:10:\"1292446272\";s:12:\"dependencies\";a:0:{}s:10:\"dependents\";a:0:{}s:3:\"php\";s:5:\"4.3.5\";}');
INSERT INTO `system` VALUES ('sites/all/modules/views/views_export/views_export.module','views_export','module','','1','0','0','0','0','a:10:{s:4:\"name\";s:14:\"Views exporter\";s:11:\"description\";s:40:\"Allows exporting multiple views at once.\";s:7:\"package\";s:5:\"Views\";s:12:\"dependencies\";a:1:{i:0;s:5:\"views\";}s:4:\"core\";s:3:\"6.x\";s:7:\"version\";s:8:\"6.x-2.12\";s:7:\"project\";s:5:\"views\";s:9:\"datestamp\";s:10:\"1292446272\";s:10:\"dependents\";a:0:{}s:3:\"php\";s:5:\"4.3.5\";}'),('sites/all/modules/views/views_ui.module','views_ui','module','','1','0','0','0','0','a:10:{s:4:\"name\";s:8:\"Views UI\";s:11:\"description\";s:93:\"Administrative interface to views. Without this module, you cannot create or edit your views.\";s:7:\"package\";s:5:\"Views\";s:4:\"core\";s:3:\"6.x\";s:12:\"dependencies\";a:1:{i:0;s:5:\"views\";}s:7:\"version\";s:8:\"6.x-2.12\";s:7:\"project\";s:5:\"views\";s:9:\"datestamp\";s:10:\"1292446272\";s:10:\"dependents\";a:0:{}s:3:\"php\";s:5:\"4.3.5\";}'),('sites/all/modules/token/token.module','token','module','','1','0','0','1','10','a:9:{s:4:\"name\";s:5:\"Token\";s:11:\"description\";s:79:\"Provides a shared API for replacement of textual placeholders with actual data.\";s:4:\"core\";s:3:\"6.x\";s:7:\"version\";s:8:\"6.x-1.16\";s:7:\"project\";s:5:\"token\";s:9:\"datestamp\";s:10:\"1305745318\";s:12:\"dependencies\";a:0:{}s:10:\"dependents\";a:0:{}s:3:\"php\";s:5:\"4.3.5\";}'),('sites/all/modules/token/tokenSTARTER.module','tokenSTARTER','module','','0','0','0','-1','0','a:9:{s:4:\"name\";s:12:\"TokenSTARTER\";s:11:\"description\";s:72:\"Provides additional tokens and a base on which to build your own tokens.\";s:12:\"dependencies\";a:1:{i:0;s:5:\"token\";}s:4:\"core\";s:3:\"6.x\";s:7:\"version\";s:8:\"6.x-1.16\";s:7:\"project\";s:5:\"token\";s:9:\"datestamp\";s:10:\"1305745318\";s:10:\"dependents\";a:0:{}s:3:\"php\";s:5:\"4.3.5\";}'),('sites/all/modules/token/token_actions.module','token_actions','module','','0','0','0','-1','0','a:9:{s:4:\"name\";s:13:\"Token actions\";s:11:\"description\";s:73:\"Provides enhanced versions of core Drupal actions using the Token module.\";s:12:\"dependencies\";a:1:{i:0;s:5:\"token\";}s:4:\"core\";s:3:\"6.x\";s:7:\"version\";s:8:\"6.x-1.16\";s:7:\"project\";s:5:\"token\";s:9:\"datestamp\";s:10:\"1305745318\";s:10:\"dependents\";a:0:{}s:3:\"php\";s:5:\"4.3.5\";}');
INSERT INTO `system` VALUES ('sites/all/modules/token/tests/token_test.module','token_test','module','','0','0','0','-1','0','a:12:{s:4:\"name\";s:10:\"Token Test\";s:11:\"description\";s:39:\"Testing module for token functionality.\";s:7:\"package\";s:7:\"Testing\";s:4:\"core\";s:3:\"6.x\";s:5:\"files\";a:1:{i:0;s:17:\"token_test.module\";}s:6:\"hidden\";b:1;s:7:\"version\";s:8:\"6.x-1.16\";s:7:\"project\";s:5:\"token\";s:9:\"datestamp\";s:10:\"1305745318\";s:12:\"dependencies\";a:0:{}s:10:\"dependents\";a:0:{}s:3:\"php\";s:5:\"4.3.5\";}'),('sites/all/modules/privatemsg/pm_block_user/pm_block_user.module','pm_block_user','module','','0','0','0','-1','0','a:10:{s:4:\"name\";s:19:\"Block user messages\";s:11:\"description\";s:61:\"Allows users to block other users from sending them messages.\";s:7:\"package\";s:4:\"Mail\";s:4:\"core\";s:3:\"6.x\";s:12:\"dependencies\";a:1:{i:0;s:10:\"privatemsg\";}s:7:\"version\";s:7:\"6.x-1.4\";s:7:\"project\";s:10:\"privatemsg\";s:9:\"datestamp\";s:10:\"1301937369\";s:10:\"dependents\";a:0:{}s:3:\"php\";s:5:\"4.3.5\";}'),('sites/all/modules/privatemsg/pm_email_notify/pm_email_notify.module','pm_email_notify','module','','1','0','0','0','0','a:10:{s:4:\"name\";s:29:\"Privatemsg Email Notification\";s:11:\"description\";s:52:\"Notifies users about new Private Messages via Email.\";s:7:\"package\";s:4:\"Mail\";s:4:\"core\";s:3:\"6.x\";s:12:\"dependencies\";a:1:{i:0;s:10:\"privatemsg\";}s:7:\"version\";s:7:\"6.x-1.4\";s:7:\"project\";s:10:\"privatemsg\";s:9:\"datestamp\";s:10:\"1301937369\";s:10:\"dependents\";a:0:{}s:3:\"php\";s:5:\"4.3.5\";}'),('sites/all/modules/privatemsg/privatemsg.module','privatemsg','module','','1','0','0','6007','0','a:10:{s:4:\"name\";s:16:\"Private messages\";s:11:\"description\";s:37:\"Allow private messages between users.\";s:7:\"package\";s:4:\"Mail\";s:4:\"core\";s:3:\"6.x\";s:7:\"version\";s:7:\"6.x-1.4\";s:7:\"project\";s:10:\"privatemsg\";s:9:\"datestamp\";s:10:\"1301937369\";s:12:\"dependencies\";a:0:{}s:10:\"dependents\";a:0:{}s:3:\"php\";s:5:\"4.3.5\";}');
INSERT INTO `system` VALUES ('sites/all/modules/privatemsg/privatemsg_filter/privatemsg_filter.module','privatemsg_filter','module','','0','0','0','-1','0','a:10:{s:4:\"name\";s:17:\"Privatemsg filter\";s:11:\"description\";s:60:\"Allow users to filter messages using tags or other criteria.\";s:7:\"package\";s:4:\"Mail\";s:4:\"core\";s:3:\"6.x\";s:12:\"dependencies\";a:1:{i:0;s:10:\"privatemsg\";}s:7:\"version\";s:7:\"6.x-1.4\";s:7:\"project\";s:10:\"privatemsg\";s:9:\"datestamp\";s:10:\"1301937369\";s:10:\"dependents\";a:0:{}s:3:\"php\";s:5:\"4.3.5\";}'),('sites/all/modules/heartbeat/modules/flag_heartbeat/flag_heartbeat.module','flag_heartbeat','module','','0','0','0','-1','0','a:10:{s:7:\"package\";s:9:\"Heartbeat\";s:7:\"project\";s:9:\"heartbeat\";s:4:\"name\";s:14:\"Flag heartbeat\";s:11:\"description\";s:46:\"Integration module between heartbeat and flag.\";s:12:\"dependencies\";a:2:{i:0;s:9:\"heartbeat\";i:1;s:4:\"flag\";}s:4:\"core\";s:3:\"6.x\";s:7:\"version\";s:8:\"6.x-4.11\";s:9:\"datestamp\";s:10:\"1295571920\";s:10:\"dependents\";a:0:{}s:3:\"php\";s:5:\"4.3.5\";}'),('sites/all/modules/heartbeat/modules/friendlist_activity/friendlist_activity.module','friendlist_activity','module','','0','0','0','-1','0','a:10:{s:7:\"package\";s:9:\"Heartbeat\";s:7:\"project\";s:9:\"heartbeat\";s:4:\"name\";s:19:\"friendlist activity\";s:11:\"description\";s:121:\"Logs activity when a friendlist event occurs. Integration module for all modules that defined rules/events with Rules ui.\";s:12:\"dependencies\";a:1:{i:0;s:9:\"heartbeat\";}s:4:\"core\";s:3:\"6.x\";s:7:\"version\";s:8:\"6.x-4.11\";s:9:\"datestamp\";s:10:\"1295571920\";s:10:\"dependents\";a:0:{}s:3:\"php\";s:5:\"4.3.5\";}'),('sites/all/modules/heartbeat/modules/hds/hds.module','hds','module','','0','0','0','-1','0','a:10:{s:4:\"name\";s:18:\"Heartbeat displays\";s:11:\"description\";s:66:\"Extended heartbeat display modes. Implementation of Display suite.\";s:4:\"core\";s:3:\"6.x\";s:12:\"dependencies\";a:2:{i:0;s:2:\"ds\";i:1;s:9:\"heartbeat\";}s:7:\"package\";s:9:\"Heartbeat\";s:7:\"version\";s:8:\"6.x-4.11\";s:7:\"project\";s:9:\"heartbeat\";s:9:\"datestamp\";s:10:\"1295571920\";s:10:\"dependents\";a:0:{}s:3:\"php\";s:5:\"4.3.5\";}');
INSERT INTO `system` VALUES ('sites/all/modules/heartbeat/heartbeat.module','heartbeat','module','','0','0','0','-1','50','a:10:{s:7:\"package\";s:9:\"Heartbeat\";s:7:\"project\";s:9:\"heartbeat\";s:4:\"name\";s:18:\"Heartbeat activity\";s:11:\"description\";s:123:\"Logs user activity when certain events occur, triggering actions. The logged data is accessable through heartbeat displays.\";s:4:\"core\";s:3:\"6.x\";s:7:\"version\";s:8:\"6.x-4.11\";s:9:\"datestamp\";s:10:\"1295571920\";s:12:\"dependencies\";a:0:{}s:10:\"dependents\";a:0:{}s:3:\"php\";s:5:\"4.3.5\";}'),('sites/all/modules/heartbeat/modules/heartbeat_comments/heartbeat_comments.module','heartbeat_comments','module','','0','0','0','-1','0','a:10:{s:4:\"name\";s:18:\"Heartbeat comments\";s:11:\"description\";s:97:\"Gives the possibility react on messages. For activity in node context, node comments can be used.\";s:7:\"package\";s:9:\"Heartbeat\";s:12:\"dependencies\";a:1:{i:0;s:9:\"heartbeat\";}s:4:\"core\";s:3:\"6.x\";s:7:\"version\";s:8:\"6.x-4.11\";s:7:\"project\";s:9:\"heartbeat\";s:9:\"datestamp\";s:10:\"1295571920\";s:10:\"dependents\";a:0:{}s:3:\"php\";s:5:\"4.3.5\";}'),('sites/all/modules/heartbeat/modules/heartbeat_example/heartbeat_example.module','heartbeat_example','module','','0','0','0','-1','0','a:10:{s:4:\"name\";s:24:\"Heartbeat example module\";s:11:\"description\";s:99:\"Advanced features of heartbeat explained and demonstrated. This module is not for production usage.\";s:7:\"package\";s:9:\"Heartbeat\";s:12:\"dependencies\";a:2:{i:0;s:9:\"heartbeat\";i:1;s:26:\"not_for_production_modules\";}s:4:\"core\";s:3:\"6.x\";s:3:\"php\";s:3:\"5.0\";s:7:\"version\";s:8:\"6.x-4.11\";s:7:\"project\";s:9:\"heartbeat\";s:9:\"datestamp\";s:10:\"1295571920\";s:10:\"dependents\";a:0:{}}'),('sites/all/modules/heartbeat/views/heartbeat_views.module','heartbeat_views','module','','0','0','0','-1','0','a:10:{s:7:\"package\";s:9:\"Heartbeat\";s:4:\"name\";s:15:\"Heartbeat views\";s:11:\"description\";s:59:\"Build your own views from heartbeat logged activity stream.\";s:12:\"dependencies\";a:2:{i:0;s:5:\"views\";i:1;s:9:\"heartbeat\";}s:4:\"core\";s:3:\"6.x\";s:7:\"version\";s:8:\"6.x-4.11\";s:7:\"project\";s:9:\"heartbeat\";s:9:\"datestamp\";s:10:\"1295571920\";s:10:\"dependents\";a:0:{}s:3:\"php\";s:5:\"4.3.5\";}');
INSERT INTO `system` VALUES ('sites/all/modules/heartbeat/tests/heartbeattest.module','heartbeattest','module','','0','0','0','-1','0','a:10:{s:4:\"name\";s:21:\"Heartbeat test helper\";s:11:\"description\";s:95:\"Heartbeat helper module used when running simpletests. This module is NOT for production usage!\";s:4:\"core\";s:3:\"6.x\";s:12:\"dependencies\";a:1:{i:0;s:9:\"heartbeat\";}s:7:\"package\";s:9:\"Heartbeat\";s:7:\"version\";s:8:\"6.x-4.11\";s:7:\"project\";s:9:\"heartbeat\";s:9:\"datestamp\";s:10:\"1295571920\";s:10:\"dependents\";a:0:{}s:3:\"php\";s:5:\"4.3.5\";}'),('sites/all/modules/heartbeat/modules/heartbeat_rules/hrules.module','hrules','module','','0','0','0','0','0','a:10:{s:4:\"name\";s:15:\"Heartbeat rules\";s:11:\"description\";s:118:\"Use rules to connect with heartbeat API. With this enabled, you can create heartbeat streams with user interface only.\";s:4:\"core\";s:3:\"6.x\";s:12:\"dependencies\";a:3:{i:0;s:5:\"rules\";i:1;s:5:\"token\";i:2;s:9:\"heartbeat\";}s:7:\"package\";s:9:\"Heartbeat\";s:7:\"version\";s:8:\"6.x-4.11\";s:7:\"project\";s:9:\"heartbeat\";s:9:\"datestamp\";s:10:\"1295571920\";s:10:\"dependents\";a:0:{}s:3:\"php\";s:5:\"4.3.5\";}'),('sites/all/modules/heartbeat/modules/og_activity/og_activity.module','og_activity','module','','0','0','0','0','51','a:10:{s:7:\"package\";s:9:\"Heartbeat\";s:7:\"project\";s:9:\"heartbeat\";s:4:\"name\";s:22:\"organic group activity\";s:11:\"description\";s:107:\"Logs activity in a group. Actions performed by administrators of a group are logged foreach member as well.\";s:12:\"dependencies\";a:2:{i:0;s:9:\"heartbeat\";i:1;s:2:\"og\";}s:4:\"core\";s:3:\"6.x\";s:7:\"version\";s:8:\"6.x-4.11\";s:9:\"datestamp\";s:10:\"1295571920\";s:10:\"dependents\";a:0:{}s:3:\"php\";s:5:\"4.3.5\";}'),('sites/all/modules/heartbeat/modules/shouts/shouts.module','shouts','module','','0','0','0','-1','0','a:10:{s:4:\"name\";s:6:\"Shouts\";s:11:\"description\";s:53:\"Gives the possibility to the user to shout a message.\";s:7:\"package\";s:9:\"Heartbeat\";s:12:\"dependencies\";a:1:{i:0;s:9:\"heartbeat\";}s:4:\"core\";s:3:\"6.x\";s:7:\"version\";s:8:\"6.x-4.11\";s:7:\"project\";s:9:\"heartbeat\";s:9:\"datestamp\";s:10:\"1295571920\";s:10:\"dependents\";a:0:{}s:3:\"php\";s:5:\"4.3.5\";}');
INSERT INTO `system` VALUES ('sites/all/modules/rules/rules/rules.module','rules','module','','0','0','0','-1','20','a:10:{s:4:\"name\";s:5:\"Rules\";s:11:\"description\";s:73:\"Lets you define conditionally executed actions based on occurring events.\";s:7:\"package\";s:5:\"Rules\";s:4:\"core\";s:3:\"6.x\";s:3:\"php\";s:3:\"5.1\";s:7:\"version\";s:7:\"6.x-1.4\";s:7:\"project\";s:5:\"rules\";s:9:\"datestamp\";s:10:\"1294236219\";s:12:\"dependencies\";a:0:{}s:10:\"dependents\";a:0:{}}'),('sites/all/modules/rules/rules_admin/rules_admin.module','rules_admin','module','','0','0','0','6002','0','a:10:{s:4:\"name\";s:23:\"Rules Administration UI\";s:11:\"description\";s:41:\"Provides the administration UI for rules.\";s:12:\"dependencies\";a:1:{i:0;s:5:\"rules\";}s:7:\"package\";s:5:\"Rules\";s:4:\"core\";s:3:\"6.x\";s:7:\"version\";s:7:\"6.x-1.4\";s:7:\"project\";s:5:\"rules\";s:9:\"datestamp\";s:10:\"1294236219\";s:10:\"dependents\";a:0:{}s:3:\"php\";s:5:\"4.3.5\";}'),('sites/all/modules/rules/rules_forms/rules_forms.module','rules_forms','module','','0','0','0','-1','0','a:10:{s:4:\"name\";s:19:\"Rules Forms support\";s:11:\"description\";s:74:\"Provides events, conditions and actions for rule-based form customization.\";s:12:\"dependencies\";a:1:{i:0;s:5:\"rules\";}s:7:\"package\";s:5:\"Rules\";s:4:\"core\";s:3:\"6.x\";s:7:\"version\";s:7:\"6.x-1.4\";s:7:\"project\";s:5:\"rules\";s:9:\"datestamp\";s:10:\"1294236219\";s:10:\"dependents\";a:0:{}s:3:\"php\";s:5:\"4.3.5\";}'),('sites/all/modules/rules/rules_scheduler/rules_scheduler.module','rules_scheduler','module','','0','0','0','-1','0','a:10:{s:4:\"name\";s:15:\"Rules Scheduler\";s:11:\"description\";s:36:\"Schedule the execution of rule sets.\";s:12:\"dependencies\";a:1:{i:0;s:5:\"rules\";}s:7:\"package\";s:5:\"Rules\";s:4:\"core\";s:3:\"6.x\";s:7:\"version\";s:7:\"6.x-1.4\";s:7:\"project\";s:5:\"rules\";s:9:\"datestamp\";s:10:\"1294236219\";s:10:\"dependents\";a:0:{}s:3:\"php\";s:5:\"4.3.5\";}'),('sites/all/modules/rules/rules_test/rules_test.module','rules_test','module','','0','0','0','-1','0','a:10:{s:4:\"name\";s:16:\"Rules Simpletest\";s:11:\"description\";s:42:\"Tests the functionality of the rule engine\";s:7:\"package\";s:5:\"Rules\";s:12:\"dependencies\";a:2:{i:0;s:10:\"simpletest\";i:1;s:5:\"rules\";}s:4:\"core\";s:3:\"6.x\";s:7:\"version\";s:7:\"6.x-1.4\";s:7:\"project\";s:5:\"rules\";s:9:\"datestamp\";s:10:\"1294236219\";s:10:\"dependents\";a:0:{}s:3:\"php\";s:5:\"4.3.5\";}');
INSERT INTO `system` VALUES ('sites/all/modules/finder/finder.module','finder','module','','0','0','0','-1','0','a:10:{s:4:\"name\";s:6:\"Finder\";s:11:\"description\";s:37:\"Create forms for users to find stuff.\";s:4:\"core\";s:3:\"6.x\";s:7:\"package\";s:6:\"Finder\";s:7:\"version\";s:8:\"6.x-1.10\";s:7:\"project\";s:6:\"finder\";s:9:\"datestamp\";s:10:\"1299114667\";s:12:\"dependencies\";a:0:{}s:10:\"dependents\";a:0:{}s:3:\"php\";s:5:\"4.3.5\";}'),('sites/all/modules/finder/modules/finder_autocomplete/finder_autocomplete.module','finder_autocomplete','module','','0','0','0','0','0','a:10:{s:4:\"name\";s:19:\"Finder Autocomplete\";s:11:\"description\";s:43:\"Enables autocomplete textfields for finder.\";s:4:\"core\";s:3:\"6.x\";s:7:\"package\";s:6:\"Finder\";s:12:\"dependencies\";a:1:{i:0;s:6:\"finder\";}s:7:\"version\";s:8:\"6.x-1.10\";s:7:\"project\";s:6:\"finder\";s:9:\"datestamp\";s:10:\"1299114667\";s:10:\"dependents\";a:0:{}s:3:\"php\";s:5:\"4.3.5\";}'),('sites/all/modules/finder/modules/finder_i18nstrings/finder_i18nstrings.module','finder_i18nstrings','module','','0','0','0','-1','0','a:10:{s:4:\"name\";s:25:\"Finder String Translation\";s:11:\"description\";s:65:\"Allows admins to localize user-defined values in Finder settings.\";s:4:\"core\";s:3:\"6.x\";s:7:\"package\";s:6:\"Finder\";s:12:\"dependencies\";a:2:{i:0;s:6:\"finder\";i:1;s:11:\"i18nstrings\";}s:7:\"version\";s:8:\"6.x-1.10\";s:7:\"project\";s:6:\"finder\";s:9:\"datestamp\";s:10:\"1299114667\";s:10:\"dependents\";a:0:{}s:3:\"php\";s:5:\"4.3.5\";}'),('sites/all/modules/finder/modules/finder_node/finder_node.module','finder_node','module','','0','0','0','0','0','a:10:{s:4:\"name\";s:11:\"Finder Node\";s:11:\"description\";s:29:\"Enables finder to find nodes.\";s:4:\"core\";s:3:\"6.x\";s:7:\"package\";s:6:\"Finder\";s:12:\"dependencies\";a:1:{i:0;s:6:\"finder\";}s:7:\"version\";s:8:\"6.x-1.10\";s:7:\"project\";s:6:\"finder\";s:9:\"datestamp\";s:10:\"1299114667\";s:10:\"dependents\";a:0:{}s:3:\"php\";s:5:\"4.3.5\";}'),('sites/all/modules/finder/modules/finder_optionwidgets/finder_optionwidgets.module','finder_optionwidgets','module','','0','0','0','-1','0','a:10:{s:4:\"name\";s:21:\"Finder Option Widgets\";s:11:\"description\";s:51:\"Enables selects, radios, and checkboxes for finder.\";s:4:\"core\";s:3:\"6.x\";s:7:\"package\";s:6:\"Finder\";s:12:\"dependencies\";a:1:{i:0;s:6:\"finder\";}s:7:\"version\";s:8:\"6.x-1.10\";s:7:\"project\";s:6:\"finder\";s:9:\"datestamp\";s:10:\"1299114667\";s:10:\"dependents\";a:0:{}s:3:\"php\";s:5:\"4.3.5\";}');
INSERT INTO `system` VALUES ('sites/all/modules/finder/modules/finder_search/finder_search.module','finder_search','module','','0','0','0','-1','0','a:10:{s:4:\"name\";s:13:\"Finder Search\";s:11:\"description\";s:59:\"Enables finder to work with results from the search module.\";s:4:\"core\";s:3:\"6.x\";s:7:\"package\";s:6:\"Finder\";s:12:\"dependencies\";a:2:{i:0;s:6:\"finder\";i:1;s:6:\"search\";}s:7:\"version\";s:8:\"6.x-1.10\";s:7:\"project\";s:6:\"finder\";s:9:\"datestamp\";s:10:\"1299114667\";s:10:\"dependents\";a:0:{}s:3:\"php\";s:5:\"4.3.5\";}'),('sites/all/modules/finder/modules/finder_text/finder_text.module','finder_text','module','','0','0','0','-1','0','a:10:{s:4:\"name\";s:11:\"Finder Text\";s:11:\"description\";s:46:\"Enables text fields and text areas for finder.\";s:4:\"core\";s:3:\"6.x\";s:7:\"package\";s:6:\"Finder\";s:12:\"dependencies\";a:1:{i:0;s:6:\"finder\";}s:7:\"version\";s:8:\"6.x-1.10\";s:7:\"project\";s:6:\"finder\";s:9:\"datestamp\";s:10:\"1299114667\";s:10:\"dependents\";a:0:{}s:3:\"php\";s:5:\"4.3.5\";}'),('sites/all/modules/finder/modules/finder_user/finder_user.module','finder_user','module','','0','0','0','-1','0','a:10:{s:4:\"name\";s:11:\"Finder User\";s:11:\"description\";s:29:\"Enables finder to find users.\";s:4:\"core\";s:3:\"6.x\";s:7:\"package\";s:6:\"Finder\";s:12:\"dependencies\";a:1:{i:0;s:6:\"finder\";}s:7:\"version\";s:8:\"6.x-1.10\";s:7:\"project\";s:6:\"finder\";s:9:\"datestamp\";s:10:\"1299114667\";s:10:\"dependents\";a:0:{}s:3:\"php\";s:5:\"4.3.5\";}'),('sites/all/modules/finder/modules/finder_views/finder_views.module','finder_views','module','','0','0','0','-1','0','a:10:{s:4:\"name\";s:12:\"Finder Views\";s:11:\"description\";s:47:\"Enables finder to work with results from views.\";s:4:\"core\";s:3:\"6.x\";s:7:\"package\";s:6:\"Finder\";s:12:\"dependencies\";a:2:{i:0;s:6:\"finder\";i:1;s:5:\"views\";}s:7:\"version\";s:8:\"6.x-1.10\";s:7:\"project\";s:6:\"finder\";s:9:\"datestamp\";s:10:\"1299114667\";s:10:\"dependents\";a:0:{}s:3:\"php\";s:5:\"4.3.5\";}');
INSERT INTO `system` VALUES ('sites/all/modules/cck/content.module','content','module','','1','0','0','6010','0','a:10:{s:4:\"name\";s:7:\"Content\";s:11:\"description\";s:50:\"Allows administrators to define new content types.\";s:7:\"package\";s:3:\"CCK\";s:4:\"core\";s:3:\"6.x\";s:7:\"version\";s:7:\"6.x-2.9\";s:7:\"project\";s:3:\"cck\";s:9:\"datestamp\";s:10:\"1294407979\";s:12:\"dependencies\";a:0:{}s:10:\"dependents\";a:0:{}s:3:\"php\";s:5:\"4.3.5\";}'),('sites/all/modules/cck/modules/content_copy/content_copy.module','content_copy','module','','1','0','0','0','0','a:10:{s:4:\"name\";s:12:\"Content Copy\";s:11:\"description\";s:51:\"Enables ability to import/export field definitions.\";s:12:\"dependencies\";a:1:{i:0;s:7:\"content\";}s:7:\"package\";s:3:\"CCK\";s:4:\"core\";s:3:\"6.x\";s:7:\"version\";s:7:\"6.x-2.9\";s:7:\"project\";s:3:\"cck\";s:9:\"datestamp\";s:10:\"1294407979\";s:10:\"dependents\";a:0:{}s:3:\"php\";s:5:\"4.3.5\";}'),('sites/all/modules/cck/modules/content_permissions/content_permissions.module','content_permissions','module','','1','0','0','0','0','a:10:{s:4:\"name\";s:19:\"Content Permissions\";s:11:\"description\";s:43:\"Set field-level permissions for CCK fields.\";s:7:\"package\";s:3:\"CCK\";s:4:\"core\";s:3:\"6.x\";s:12:\"dependencies\";a:1:{i:0;s:7:\"content\";}s:7:\"version\";s:7:\"6.x-2.9\";s:7:\"project\";s:3:\"cck\";s:9:\"datestamp\";s:10:\"1294407979\";s:10:\"dependents\";a:0:{}s:3:\"php\";s:5:\"4.3.5\";}'),('sites/all/modules/cck/modules/fieldgroup/fieldgroup.module','fieldgroup','module','','1','0','0','6007','9','a:10:{s:4:\"name\";s:10:\"Fieldgroup\";s:11:\"description\";s:37:\"Create display groups for CCK fields.\";s:12:\"dependencies\";a:1:{i:0;s:7:\"content\";}s:7:\"package\";s:3:\"CCK\";s:4:\"core\";s:3:\"6.x\";s:7:\"version\";s:7:\"6.x-2.9\";s:7:\"project\";s:3:\"cck\";s:9:\"datestamp\";s:10:\"1294407979\";s:10:\"dependents\";a:0:{}s:3:\"php\";s:5:\"4.3.5\";}'),('sites/all/modules/cck/modules/nodereference/nodereference.module','nodereference','module','','0','0','0','-1','0','a:10:{s:4:\"name\";s:14:\"Node Reference\";s:11:\"description\";s:59:\"Defines a field type for referencing one node from another.\";s:12:\"dependencies\";a:3:{i:0;s:7:\"content\";i:1;s:4:\"text\";i:2;s:13:\"optionwidgets\";}s:7:\"package\";s:3:\"CCK\";s:4:\"core\";s:3:\"6.x\";s:7:\"version\";s:7:\"6.x-2.9\";s:7:\"project\";s:3:\"cck\";s:9:\"datestamp\";s:10:\"1294407979\";s:10:\"dependents\";a:0:{}s:3:\"php\";s:5:\"4.3.5\";}');
INSERT INTO `system` VALUES ('sites/all/modules/cck/modules/number/number.module','number','module','','1','0','0','6000','0','a:10:{s:4:\"name\";s:6:\"Number\";s:11:\"description\";s:28:\"Defines numeric field types.\";s:12:\"dependencies\";a:1:{i:0;s:7:\"content\";}s:7:\"package\";s:3:\"CCK\";s:4:\"core\";s:3:\"6.x\";s:7:\"version\";s:7:\"6.x-2.9\";s:7:\"project\";s:3:\"cck\";s:9:\"datestamp\";s:10:\"1294407979\";s:10:\"dependents\";a:0:{}s:3:\"php\";s:5:\"4.3.5\";}'),('sites/all/modules/cck/modules/optionwidgets/optionwidgets.module','optionwidgets','module','','1','0','0','6001','0','a:10:{s:4:\"name\";s:14:\"Option Widgets\";s:11:\"description\";s:82:\"Defines selection, check box and radio button widgets for text and numeric fields.\";s:12:\"dependencies\";a:1:{i:0;s:7:\"content\";}s:7:\"package\";s:3:\"CCK\";s:4:\"core\";s:3:\"6.x\";s:7:\"version\";s:7:\"6.x-2.9\";s:7:\"project\";s:3:\"cck\";s:9:\"datestamp\";s:10:\"1294407979\";s:10:\"dependents\";a:0:{}s:3:\"php\";s:5:\"4.3.5\";}'),('sites/all/modules/cck/modules/text/text.module','text','module','','1','0','0','6003','0','a:10:{s:4:\"name\";s:4:\"Text\";s:11:\"description\";s:32:\"Defines simple text field types.\";s:12:\"dependencies\";a:1:{i:0;s:7:\"content\";}s:7:\"package\";s:3:\"CCK\";s:4:\"core\";s:3:\"6.x\";s:7:\"version\";s:7:\"6.x-2.9\";s:7:\"project\";s:3:\"cck\";s:9:\"datestamp\";s:10:\"1294407979\";s:10:\"dependents\";a:0:{}s:3:\"php\";s:5:\"4.3.5\";}'),('sites/all/modules/cck/modules/userreference/userreference.module','userreference','module','','0','0','0','-1','0','a:10:{s:4:\"name\";s:14:\"User Reference\";s:11:\"description\";s:56:\"Defines a field type for referencing a user from a node.\";s:12:\"dependencies\";a:3:{i:0;s:7:\"content\";i:1;s:4:\"text\";i:2;s:13:\"optionwidgets\";}s:7:\"package\";s:3:\"CCK\";s:4:\"core\";s:3:\"6.x\";s:7:\"version\";s:7:\"6.x-2.9\";s:7:\"project\";s:3:\"cck\";s:9:\"datestamp\";s:10:\"1294407979\";s:10:\"dependents\";a:0:{}s:3:\"php\";s:5:\"4.3.5\";}'),('sites/all/modules/ckeditor/ckeditor.module','ckeditor','module','','1','0','0','6100','0','a:9:{s:4:\"name\";s:8:\"CKEditor\";s:11:\"description\";s:69:\"Enables the usage of CKEditor (WYSIWYG) instead of plain text fields.\";s:4:\"core\";s:3:\"6.x\";s:7:\"version\";s:7:\"6.x-1.3\";s:7:\"project\";s:8:\"ckeditor\";s:9:\"datestamp\";s:10:\"1300351267\";s:12:\"dependencies\";a:0:{}s:10:\"dependents\";a:0:{}s:3:\"php\";s:5:\"4.3.5\";}');
INSERT INTO `system` VALUES ('sites/all/modules/imce/imce.module','imce','module','','1','0','0','6201','0','a:9:{s:4:\"name\";s:4:\"IMCE\";s:11:\"description\";s:82:\"An image/file uploader and browser supporting personal directories and user quota.\";s:4:\"core\";s:3:\"6.x\";s:7:\"version\";s:7:\"6.x-2.2\";s:7:\"project\";s:4:\"imce\";s:9:\"datestamp\";s:10:\"1307386316\";s:12:\"dependencies\";a:0:{}s:10:\"dependents\";a:0:{}s:3:\"php\";s:5:\"4.3.5\";}'),('sites/all/modules/autocomplete_widgets/autocomplete_widgets.module','autocomplete_widgets','module','','0','0','0','6001','1','a:10:{s:4:\"name\";s:20:\"Autocomplete Widgets\";s:11:\"description\";s:61:\"Provides autocomplete widgets for CCK Text and Number fields.\";s:12:\"dependencies\";a:1:{i:0;s:7:\"content\";}s:7:\"package\";s:3:\"CCK\";s:4:\"core\";s:3:\"6.x\";s:7:\"version\";s:7:\"6.x-1.3\";s:7:\"project\";s:20:\"autocomplete_widgets\";s:9:\"datestamp\";s:10:\"1262195403\";s:10:\"dependents\";a:0:{}s:3:\"php\";s:5:\"4.3.5\";}'),('sites/all/modules/autosuggest/autosuggest.module','autosuggest','module','','0','0','0','0','0','a:10:{s:4:\"name\";s:18:\"AutoSuggest Search\";s:11:\"description\";s:47:\"AutoSuggest Search for that type-ahead sexyness\";s:4:\"core\";s:3:\"6.x\";s:7:\"package\";s:11:\"AutoSuggest\";s:12:\"dependencies\";a:3:{i:0;s:4:\"path\";i:1;s:6:\"search\";i:2;s:2:\"js\";}s:7:\"version\";s:7:\"6.x-0.2\";s:7:\"project\";s:11:\"autosuggest\";s:9:\"datestamp\";s:10:\"1282127188\";s:10:\"dependents\";a:0:{}s:3:\"php\";s:5:\"4.3.5\";}'),('sites/all/modules/js/js.module','js','module','','0','0','0','0','0','a:9:{s:4:\"name\";s:27:\"JavaScript callback handler\";s:11:\"description\";s:69:\"A high-performance JavaScript callback handler for 3rd party modules.\";s:7:\"version\";s:11:\"6.x-2.x-dev\";s:4:\"core\";s:3:\"6.x\";s:7:\"project\";s:2:\"js\";s:9:\"datestamp\";s:10:\"1298619508\";s:12:\"dependencies\";a:0:{}s:10:\"dependents\";a:0:{}s:3:\"php\";s:5:\"4.3.5\";}'),('sites/all/modules/activity/activity_comments/activity_comments.module','activity_comments','module','','0','0','0','-1','0','a:10:{s:4:\"name\";s:17:\"Activity comments\";s:11:\"description\";s:36:\"Allow users to comment on activities\";s:4:\"core\";s:3:\"6.x\";s:12:\"dependencies\";a:1:{i:0;s:8:\"activity\";}s:7:\"package\";s:8:\"Activity\";s:7:\"version\";s:14:\"6.x-2.0-alpha1\";s:7:\"project\";s:8:\"activity\";s:9:\"datestamp\";s:10:\"1287329780\";s:10:\"dependents\";a:0:{}s:3:\"php\";s:5:\"4.3.5\";}');
INSERT INTO `system` VALUES ('sites/all/modules/uniquetitle/uniquetitle.module','uniquetitle','module','','1','0','0','0','0','a:9:{s:4:\"name\";s:12:\"Unique title\";s:11:\"description\";s:48:\"This module help to prevent the same node titles\";s:4:\"core\";s:3:\"6.x\";s:7:\"version\";s:11:\"6.x-1.x-dev\";s:7:\"project\";s:11:\"uniquetitle\";s:9:\"datestamp\";s:10:\"1298620549\";s:12:\"dependencies\";a:0:{}s:10:\"dependents\";a:0:{}s:3:\"php\";s:5:\"4.3.5\";}'),('sites/all/modules/role_theme_switcher/role_theme_switcher.module','role_theme_switcher','module','','1','0','0','6001','0','a:10:{s:4:\"name\";s:19:\"Role Theme Switcher\";s:11:\"description\";s:41:\"Assign separate themes to different roles\";s:7:\"package\";s:5:\"Theme\";s:4:\"core\";s:3:\"6.x\";s:7:\"version\";s:7:\"6.x-1.6\";s:7:\"project\";s:19:\"role_theme_switcher\";s:9:\"datestamp\";s:10:\"1278081011\";s:12:\"dependencies\";a:0:{}s:10:\"dependents\";a:0:{}s:3:\"php\";s:5:\"4.3.5\";}'),('themes/bluemarine/bluemarine.info','bluemarine','theme','themes/engines/phptemplate/phptemplate.engine','0','0','0','-1','0','a:13:{s:4:\"name\";s:10:\"Bluemarine\";s:11:\"description\";s:66:\"Table-based multi-column theme with a marine and ash color scheme.\";s:7:\"version\";s:4:\"6.22\";s:4:\"core\";s:3:\"6.x\";s:6:\"engine\";s:11:\"phptemplate\";s:7:\"project\";s:6:\"drupal\";s:9:\"datestamp\";s:10:\"1306357015\";s:7:\"regions\";a:5:{s:4:\"left\";s:12:\"Left sidebar\";s:5:\"right\";s:13:\"Right sidebar\";s:7:\"content\";s:7:\"Content\";s:6:\"header\";s:6:\"Header\";s:6:\"footer\";s:6:\"Footer\";}s:8:\"features\";a:10:{i:0;s:20:\"comment_user_picture\";i:1;s:7:\"favicon\";i:2;s:7:\"mission\";i:3;s:4:\"logo\";i:4;s:4:\"name\";i:5;s:17:\"node_user_picture\";i:6;s:6:\"search\";i:7;s:6:\"slogan\";i:8;s:13:\"primary_links\";i:9;s:15:\"secondary_links\";}s:11:\"stylesheets\";a:1:{s:3:\"all\";a:1:{s:9:\"style.css\";s:27:\"themes/bluemarine/style.css\";}}s:7:\"scripts\";a:1:{s:9:\"script.js\";s:27:\"themes/bluemarine/script.js\";}s:10:\"screenshot\";s:32:\"themes/bluemarine/screenshot.png\";s:3:\"php\";s:5:\"4.3.5\";}');
INSERT INTO `system` VALUES ('sites/all/modules/inline_ajax_login/inline_ajax_login.module','inline_ajax_login','module','','0','0','0','0','0','a:10:{s:4:\"name\";s:32:\"Inline Ajax Login / Registration\";s:11:\"description\";s:81:\"Provides an inline Ajax login / registration form on selected node creation forms\";s:12:\"dependencies\";a:1:{i:0;s:9:\"querypath\";}s:7:\"package\";s:14:\"User Interface\";s:4:\"core\";s:3:\"6.x\";s:7:\"version\";s:13:\"6.x-0.0-beta1\";s:7:\"project\";s:17:\"inline_ajax_login\";s:9:\"datestamp\";s:10:\"1259800246\";s:10:\"dependents\";a:0:{}s:3:\"php\";s:5:\"4.3.5\";}'),('sites/all/modules/menu_per_role/menu_per_role.module','menu_per_role','module','','1','0','0','6004','0','a:10:{s:4:\"name\";s:13:\"Menu Per Role\";s:11:\"description\";s:49:\"Allows restricting access to menu items per role.\";s:12:\"dependencies\";a:1:{i:0;s:4:\"menu\";}s:7:\"package\";s:4:\"Menu\";s:4:\"core\";s:3:\"6.x\";s:7:\"version\";s:7:\"6.x-1.9\";s:7:\"project\";s:13:\"menu_per_role\";s:9:\"datestamp\";s:10:\"1297285678\";s:10:\"dependents\";a:0:{}s:3:\"php\";s:5:\"4.3.5\";}'),('sites/all/modules/querypath/qpa/qpa.module','qpa','module','','0','0','0','0','0','a:10:{s:4:\"name\";s:20:\"QueryPath for Arrays\";s:7:\"package\";s:9:\"QueryPath\";s:11:\"description\";s:51:\"A QueryPath implementation that operates on arrays.\";s:4:\"core\";s:3:\"6.x\";s:3:\"php\";s:3:\"5.2\";s:12:\"dependencies\";a:1:{i:0;s:9:\"querypath\";}s:7:\"version\";s:7:\"6.x-1.6\";s:7:\"project\";s:9:\"querypath\";s:9:\"datestamp\";s:10:\"1295364811\";s:10:\"dependents\";a:0:{}}'),('sites/all/modules/querypath/qpcache/qpcache.module','qpcache','module','','0','0','0','-1','0','a:10:{s:4:\"name\";s:7:\"QPCache\";s:7:\"package\";s:9:\"QueryPath\";s:11:\"description\";s:50:\"An XML caching layer for QueryPath or other tools.\";s:4:\"core\";s:3:\"6.x\";s:3:\"php\";s:3:\"5.1\";s:12:\"dependencies\";a:1:{i:0;s:9:\"querypath\";}s:7:\"version\";s:7:\"6.x-1.6\";s:7:\"project\";s:9:\"querypath\";s:9:\"datestamp\";s:10:\"1295364811\";s:10:\"dependents\";a:0:{}}');
INSERT INTO `system` VALUES ('sites/all/modules/querypath/querypath.module','querypath','module','','0','0','0','0','0','a:10:{s:4:\"name\";s:9:\"QueryPath\";s:11:\"description\";s:60:\"QueryPath is a developer tool for working with HTML and XML.\";s:4:\"core\";s:3:\"6.x\";s:3:\"php\";s:3:\"5.2\";s:7:\"package\";s:9:\"QueryPath\";s:7:\"version\";s:7:\"6.x-1.6\";s:7:\"project\";s:9:\"querypath\";s:9:\"datestamp\";s:10:\"1295364811\";s:12:\"dependencies\";a:0:{}s:10:\"dependents\";a:0:{}}'),('sites/all/modules/querypath/querypath_examples.module','querypath_examples','module','','0','0','0','0','0','a:10:{s:4:\"name\";s:18:\"QueryPath Examples\";s:7:\"package\";s:9:\"QueryPath\";s:11:\"description\";s:40:\"View and run some examples of QueryPath.\";s:4:\"core\";s:3:\"6.x\";s:3:\"php\";s:3:\"5.2\";s:12:\"dependencies\";a:1:{i:0;s:9:\"querypath\";}s:7:\"version\";s:7:\"6.x-1.6\";s:7:\"project\";s:9:\"querypath\";s:9:\"datestamp\";s:10:\"1295364811\";s:10:\"dependents\";a:0:{}}'),('sites/all/modules/ajax/ajax.module','ajax','module','','0','0','0','6102','81','a:10:{s:4:\"name\";s:4:\"Ajax\";s:11:\"description\";s:63:\"Automatically validates and submits any Drupal form using AJAX.\";s:7:\"package\";s:4:\"Ajax\";s:4:\"core\";s:3:\"6.x\";s:7:\"version\";s:8:\"6.x-1.14\";s:7:\"project\";s:4:\"ajax\";s:9:\"datestamp\";s:10:\"1240859105\";s:12:\"dependencies\";a:0:{}s:10:\"dependents\";a:0:{}s:3:\"php\";s:5:\"4.3.5\";}'),('sites/all/modules/ajax/plugins/captcha/ajax_captcha.module','ajax_captcha','module','','0','0','0','-1','0','a:10:{s:4:\"name\";s:21:\"Ajax plugin - captcha\";s:11:\"description\";s:160:\"Enables AJAX functionality with CAPTCHA-enabled forms. This module requires that the patches in \'ajax/plugins/captcha/patches\' be applied to the CAPTCHA module.\";s:7:\"package\";s:4:\"Ajax\";s:12:\"dependencies\";a:2:{i:0;s:4:\"ajax\";i:1;s:7:\"captcha\";}s:4:\"core\";s:3:\"6.x\";s:7:\"version\";s:8:\"6.x-1.14\";s:7:\"project\";s:4:\"ajax\";s:9:\"datestamp\";s:10:\"1240859105\";s:10:\"dependents\";a:0:{}s:3:\"php\";s:5:\"4.3.5\";}');
INSERT INTO `system` VALUES ('sites/all/modules/ajax/plugins/comment/ajax_comment.module','ajax_comment','module','','0','0','0','-1','0','a:10:{s:4:\"name\";s:21:\"Ajax plugin - comment\";s:11:\"description\";s:44:\"Enables ajax functionality for comment forms\";s:7:\"package\";s:4:\"Ajax\";s:12:\"dependencies\";a:2:{i:0;s:4:\"ajax\";i:1;s:7:\"comment\";}s:4:\"core\";s:3:\"6.x\";s:7:\"version\";s:8:\"6.x-1.14\";s:7:\"project\";s:4:\"ajax\";s:9:\"datestamp\";s:10:\"1240859105\";s:10:\"dependents\";a:0:{}s:3:\"php\";s:5:\"4.3.5\";}'),('sites/all/modules/ajax/plugins/disable_redirect/ajax_disable_redirect.module','ajax_disable_redirect','module','','0','0','0','-1','0','a:10:{s:4:\"name\";s:30:\"Ajax plugin - disable_redirect\";s:11:\"description\";s:54:\"Allows form redirections to be disabled for Ajax forms\";s:7:\"package\";s:4:\"Ajax\";s:12:\"dependencies\";a:2:{i:0;s:4:\"ajax\";i:1;s:7:\"ajax_ui\";}s:4:\"core\";s:3:\"6.x\";s:7:\"version\";s:8:\"6.x-1.14\";s:7:\"project\";s:4:\"ajax\";s:9:\"datestamp\";s:10:\"1240859105\";s:10:\"dependents\";a:0:{}s:3:\"php\";s:5:\"4.3.5\";}'),('sites/all/modules/ajax/plugins/fckeditor/ajax_fckeditor.module','ajax_fckeditor','module','','0','0','0','-1','0','a:10:{s:4:\"name\";s:23:\"Ajax plugin - fckeditor\";s:11:\"description\";s:40:\"Enables AJAX functionality for FCKEditor\";s:7:\"package\";s:4:\"Ajax\";s:12:\"dependencies\";a:2:{i:0;s:4:\"ajax\";i:1;s:9:\"fckeditor\";}s:4:\"core\";s:3:\"6.x\";s:7:\"version\";s:8:\"6.x-1.14\";s:7:\"project\";s:4:\"ajax\";s:9:\"datestamp\";s:10:\"1240859105\";s:10:\"dependents\";a:0:{}s:3:\"php\";s:5:\"4.3.5\";}'),('sites/all/modules/ajax/plugins/loggintoboggan/ajax_logintoboggan.module','ajax_logintoboggan','module','','0','0','0','-1','0','a:10:{s:4:\"name\";s:27:\"Ajax plugin - logintoboggan\";s:11:\"description\";s:50:\"Enables AJAX functionality for LoginToboggan forms\";s:7:\"package\";s:4:\"Ajax\";s:12:\"dependencies\";a:2:{i:0;s:4:\"ajax\";i:1;s:13:\"logintoboggan\";}s:4:\"core\";s:3:\"6.x\";s:7:\"version\";s:8:\"6.x-1.14\";s:7:\"project\";s:4:\"ajax\";s:9:\"datestamp\";s:10:\"1240859105\";s:10:\"dependents\";a:0:{}s:3:\"php\";s:5:\"4.3.5\";}');
INSERT INTO `system` VALUES ('sites/all/modules/ajax/plugins/quicktabs/ajax_quicktabs.module','ajax_quicktabs','module','','0','0','0','-1','0','a:10:{s:4:\"name\";s:23:\"Ajax plugin - quicktabs\";s:11:\"description\";s:42:\"Enhances AJAX functionality for quicktabs.\";s:7:\"package\";s:4:\"Ajax\";s:12:\"dependencies\";a:2:{i:0;s:4:\"ajax\";i:1;s:9:\"quicktabs\";}s:4:\"core\";s:3:\"6.x\";s:7:\"version\";s:8:\"6.x-1.14\";s:7:\"project\";s:4:\"ajax\";s:9:\"datestamp\";s:10:\"1240859105\";s:10:\"dependents\";a:0:{}s:3:\"php\";s:5:\"4.3.5\";}'),('sites/all/modules/ajax/plugins/thickbox/ajax_thickbox.module','ajax_thickbox','module','','0','0','0','0','0','a:10:{s:4:\"name\";s:22:\"Ajax plugin - thickbox\";s:11:\"description\";s:41:\"Enhances AJAX functionality for thickbox.\";s:7:\"package\";s:4:\"Ajax\";s:12:\"dependencies\";a:1:{i:0;s:4:\"ajax\";}s:4:\"core\";s:3:\"6.x\";s:7:\"version\";s:8:\"6.x-1.14\";s:7:\"project\";s:4:\"ajax\";s:9:\"datestamp\";s:10:\"1240859105\";s:10:\"dependents\";a:0:{}s:3:\"php\";s:5:\"4.3.5\";}'),('sites/all/modules/ajax/plugins/tinymce/ajax_tinymce.module','ajax_tinymce','module','','0','0','0','-1','0','a:10:{s:4:\"name\";s:21:\"Ajax plugin - tinymce\";s:11:\"description\";s:38:\"Enables AJAX functionality for tinymce\";s:7:\"package\";s:4:\"Ajax\";s:12:\"dependencies\";a:2:{i:0;s:4:\"ajax\";i:1;s:7:\"tinymce\";}s:4:\"core\";s:3:\"6.x\";s:7:\"version\";s:8:\"6.x-1.14\";s:7:\"project\";s:4:\"ajax\";s:9:\"datestamp\";s:10:\"1240859105\";s:10:\"dependents\";a:0:{}s:3:\"php\";s:5:\"4.3.5\";}'),('sites/all/modules/pathauto/pathauto.module','pathauto','module','','1','0','0','7','1','a:10:{s:4:\"name\";s:8:\"Pathauto\";s:11:\"description\";s:95:\"Provides a mechanism for modules to automatically generate aliases for the content they manage.\";s:12:\"dependencies\";a:2:{i:0;s:4:\"path\";i:1;s:5:\"token\";}s:4:\"core\";s:3:\"6.x\";s:10:\"recommends\";a:1:{i:0;s:13:\"path_redirect\";}s:7:\"version\";s:7:\"6.x-1.5\";s:7:\"project\";s:8:\"pathauto\";s:9:\"datestamp\";s:10:\"1286469664\";s:10:\"dependents\";a:0:{}s:3:\"php\";s:5:\"4.3.5\";}');
INSERT INTO `system` VALUES ('sites/all/modules/activity/activity.module','activity','module','','1','0','0','6203','0','a:10:{s:4:\"name\";s:8:\"Activity\";s:11:\"description\";s:55:\"Allow users to see their friends\' activity on the site.\";s:4:\"core\";s:3:\"6.x\";s:12:\"dependencies\";a:2:{i:0;s:5:\"token\";i:1;s:7:\"trigger\";}s:7:\"package\";s:8:\"Activity\";s:7:\"version\";s:14:\"6.x-2.0-alpha1\";s:7:\"project\";s:8:\"activity\";s:9:\"datestamp\";s:10:\"1287329780\";s:10:\"dependents\";a:0:{}s:3:\"php\";s:5:\"4.3.5\";}'),('sites/all/modules/faq/faq.module','faq','module','','1','0','0','6003','0','a:9:{s:4:\"name\";s:26:\"Frequently Asked Questions\";s:11:\"description\";s:50:\"Manages configuration of questions for a FAQ page.\";s:4:\"core\";s:3:\"6.x\";s:7:\"version\";s:8:\"6.x-1.12\";s:7:\"project\";s:3:\"faq\";s:9:\"datestamp\";s:10:\"1288346148\";s:12:\"dependencies\";a:0:{}s:10:\"dependents\";a:0:{}s:3:\"php\";s:5:\"4.3.5\";}'),('sites/all/modules/ajax_register/ajax_register.module','ajax_register','module','','0','0','0','0','0','a:10:{s:4:\"name\";s:19:\"Ajax Login-Register\";s:11:\"description\";s:80:\"Provides a block that enables the user to register and login with an ajax popup.\";s:4:\"core\";s:3:\"6.x\";s:7:\"package\";s:4:\"Ajax\";s:12:\"dependencies\";a:2:{i:0;s:4:\"ajax\";i:1;s:13:\"ajax_thickbox\";}s:7:\"version\";s:7:\"6.x-1.5\";s:7:\"project\";s:13:\"ajax_register\";s:9:\"datestamp\";s:10:\"1263521403\";s:10:\"dependents\";a:0:{}s:3:\"php\";s:5:\"4.3.5\";}'),('sites/all/modules/og_reg_codes/og_reg_codes.module','og_reg_codes','module','','0','0','0','0','0','a:10:{s:4:\"name\";s:33:\"Organic groups registration codes\";s:11:\"description\";s:45:\"Make group codes available so users can join.\";s:12:\"dependencies\";a:1:{i:0;s:2:\"og\";}s:7:\"package\";s:14:\"Organic groups\";s:4:\"core\";s:3:\"6.x\";s:7:\"version\";s:13:\"6.x-1.0-beta1\";s:7:\"project\";s:12:\"og_reg_codes\";s:9:\"datestamp\";s:10:\"1226626223\";s:10:\"dependents\";a:0:{}s:3:\"php\";s:5:\"4.3.5\";}'),('sites/all/modules/user_feedback/user_feedback.module','user_feedback','module','','0','0','0','-1','0','a:9:{s:4:\"name\";s:13:\"User Feedback\";s:11:\"description\";s:66:\"Provides a block which contains a form for users to post feedback.\";s:7:\"version\";s:7:\"6.x-1.1\";s:4:\"core\";s:3:\"6.x\";s:7:\"project\";s:13:\"user_feedback\";s:9:\"datestamp\";s:10:\"1271125816\";s:12:\"dependencies\";a:0:{}s:10:\"dependents\";a:0:{}s:3:\"php\";s:5:\"4.3.5\";}');
INSERT INTO `system` VALUES ('sites/all/modules/ewt/ewt.module','ewt','module','','0','0','0','0','0','a:10:{s:4:\"name\";s:8:\"CoovaEWT\";s:7:\"package\";s:5:\"Other\";s:11:\"description\";s:20:\"CoovaEWT Integration\";s:7:\"version\";s:11:\"6.x-1.x-dev\";s:7:\"project\";s:3:\"ewt\";s:9:\"datestamp\";s:10:\"1309349297\";s:4:\"core\";s:3:\"6.x\";s:12:\"dependencies\";a:0:{}s:10:\"dependents\";a:0:{}s:3:\"php\";s:5:\"4.3.5\";}'),('sites/all/modules/taxonomy_csv/taxonomy_csv.module','taxonomy_csv','module','','0','0','0','-1','0','a:11:{s:4:\"name\";s:26:\"Taxonomy CSV import/export\";s:11:\"description\";s:137:\"Export and import complete taxonomies, hierarchical structure or simple lists of terms and properties to or from a CSV file, url or text.\";s:4:\"core\";s:3:\"6.x\";s:12:\"dependencies\";a:1:{i:0;s:8:\"taxonomy\";}s:7:\"package\";s:8:\"Taxonomy\";s:5:\"files\";a:14:{i:0;s:20:\"taxonomy_csv.install\";i:1;s:19:\"taxonomy_csv.module\";i:2;s:20:\"taxonomy_csv.api.inc\";i:3;s:31:\"taxonomy_csv.vocabulary.api.inc\";i:4;s:25:\"taxonomy_csv.term.api.inc\";i:5;s:23:\"taxonomy_csv.result.inc\";i:6;s:36:\"import/taxonomy_csv.import.admin.inc\";i:7;s:34:\"import/taxonomy_csv.import.api.inc\";i:8;s:41:\"import/taxonomy_csv.import.parser.api.inc\";i:9;s:39:\"import/taxonomy_csv.import.line.api.inc\";i:10;s:37:\"import/taxonomy_csv.import.result.inc\";i:11;s:36:\"export/taxonomy_csv.export.admin.inc\";i:12;s:34:\"export/taxonomy_csv.export.api.inc\";i:13;s:37:\"export/taxonomy_csv.export.result.inc\";}s:7:\"version\";s:7:\"6.x-5.6\";s:7:\"project\";s:12:\"taxonomy_csv\";s:9:\"datestamp\";s:10:\"1294396562\";s:10:\"dependents\";a:0:{}s:3:\"php\";s:5:\"4.3.5\";}'),('sites/all/modules/og_add_user_autocomplete/og_add_user_autocomplete.module','og_add_user_autocomplete','module','','0','0','0','-1','0','a:9:{s:4:\"name\";s:24:\"OG add user autocomplete\";s:11:\"description\";s:56:\"Change add user textarea into an autocomplete textfield.\";s:12:\"dependencies\";s:2:\"og\";s:7:\"package\";s:14:\"Organic groups\";s:7:\"version\";s:11:\"5.x-1.x-dev\";s:7:\"project\";s:24:\"og_add_user_autocomplete\";s:9:\"datestamp\";s:10:\"1298619795\";s:10:\"dependents\";a:0:{}s:3:\"php\";s:5:\"4.3.5\";}');
INSERT INTO `system` VALUES ('sites/all/modules/og_defaults/og_defaults.module','og_defaults','module','','0','0','0','-1','2','a:10:{s:4:\"name\";s:23:\"Organic groups defaults\";s:11:\"description\";s:45:\"Set defaults for Organic group \'group\' nodes.\";s:12:\"dependencies\";a:1:{i:0;s:2:\"og\";}s:7:\"package\";s:14:\"Organic groups\";s:7:\"version\";s:7:\"6.x-1.1\";s:4:\"core\";s:3:\"6.x\";s:7:\"project\";s:11:\"og_defaults\";s:9:\"datestamp\";s:10:\"1309913820\";s:10:\"dependents\";a:0:{}s:3:\"php\";s:5:\"4.3.5\";}'),('sites/all/modules/og_user_roles/og_user_roles.module','og_user_roles','module','','0','0','0','-1','-1','a:10:{s:4:\"name\";s:25:\"Organic groups user roles\";s:11:\"description\";s:83:\"Assign additional user roles to members of organic groups within the group context.\";s:12:\"dependencies\";a:2:{i:0;s:2:\"og\";i:1;s:8:\"og_views\";}s:7:\"package\";s:14:\"Organic groups\";s:4:\"core\";s:3:\"6.x\";s:7:\"version\";s:7:\"6.x-4.1\";s:7:\"project\";s:13:\"og_user_roles\";s:9:\"datestamp\";s:10:\"1268286609\";s:10:\"dependents\";a:0:{}s:3:\"php\";s:5:\"4.3.5\";}'),('sites/all/modules/autoassignrole/autoassignrole.module','autoassignrole','module','','1','0','0','6005','0','a:9:{s:4:\"name\";s:16:\"Auto Assign Role\";s:11:\"description\";s:44:\"Designate a role to assign all new users to.\";s:4:\"core\";s:3:\"6.x\";s:7:\"version\";s:7:\"6.x-1.2\";s:7:\"project\";s:14:\"autoassignrole\";s:9:\"datestamp\";s:10:\"1273588503\";s:12:\"dependencies\";a:0:{}s:10:\"dependents\";a:0:{}s:3:\"php\";s:5:\"4.3.5\";}'),('sites/all/modules/node_access/node_access.module','node_access','module','','0','0','0','-1','0','a:10:{s:4:\"name\";s:11:\"Node Access\";s:11:\"description\";s:38:\"Provides flexible node access control.\";s:7:\"package\";s:14:\"Access control\";s:7:\"version\";s:7:\"6.x-1.8\";s:4:\"core\";s:3:\"6.x\";s:7:\"project\";s:11:\"node_access\";s:9:\"datestamp\";s:10:\"1256789448\";s:12:\"dependencies\";a:0:{}s:10:\"dependents\";a:0:{}s:3:\"php\";s:5:\"4.3.5\";}'),('sites/all/modules/user_import_og/user_import_og.module','user_import_og','module','','0','0','0','-1','0','a:9:{s:4:\"name\";s:14:\"User Import OG\";s:11:\"description\";s:52:\"Add options for importing users into Organic Groups.\";s:12:\"dependencies\";a:2:{i:0;s:2:\"og\";i:1;s:11:\"user_import\";}s:7:\"version\";s:7:\"6.x-1.1\";s:4:\"core\";s:3:\"6.x\";s:7:\"project\";s:14:\"user_import_og\";s:9:\"datestamp\";s:10:\"1237981268\";s:10:\"dependents\";a:0:{}s:3:\"php\";s:5:\"4.3.5\";}');
INSERT INTO `system` VALUES ('sites/all/modules/user_import/user_import.module','user_import','module','','0','0','0','-1','0','a:9:{s:4:\"name\";s:11:\"User Import\";s:11:\"description\";s:41:\"Import users into Drupal from a CSV file.\";s:4:\"core\";s:3:\"6.x\";s:7:\"version\";s:7:\"6.x-2.4\";s:7:\"project\";s:11:\"user_import\";s:9:\"datestamp\";s:10:\"1290382382\";s:12:\"dependencies\";a:0:{}s:10:\"dependents\";a:0:{}s:3:\"php\";s:5:\"4.3.5\";}'),('sites/all/modules/sharedemail/sharedemail.module','sharedemail','module','','0','0','0','-1','-99','a:9:{s:4:\"name\";s:12:\"Shared Email\";s:11:\"description\";s:64:\"Allow site members to use the same email address more than once.\";s:4:\"core\";s:3:\"6.x\";s:7:\"version\";s:7:\"6.x-1.5\";s:7:\"project\";s:11:\"sharedemail\";s:9:\"datestamp\";s:10:\"1316908307\";s:12:\"dependencies\";a:0:{}s:10:\"dependents\";a:0:{}s:3:\"php\";s:5:\"4.3.5\";}'),('sites/all/modules/og_massadd/og_massadd.module','og_massadd','module','','1','0','0','0','0','a:10:{s:4:\"name\";s:23:\"Organic Groups Mass Add\";s:7:\"package\";s:14:\"Organic Groups\";s:11:\"description\";s:48:\"Allows mass-adding of users to an organic group.\";s:4:\"core\";s:3:\"6.x\";s:12:\"dependencies\";a:1:{i:0;s:2:\"og\";}s:7:\"version\";s:7:\"6.x-1.3\";s:7:\"project\";s:10:\"og_massadd\";s:9:\"datestamp\";s:10:\"1306751518\";s:10:\"dependents\";a:0:{}s:3:\"php\";s:5:\"4.3.5\";}'),('sites/all/modules/content_profile/content_profile.module','content_profile','module','','0','0','0','-1','-1','a:10:{s:4:\"name\";s:15:\"Content Profile\";s:11:\"description\";s:36:\"Use content types for user profiles.\";s:7:\"package\";s:15:\"Content Profile\";s:4:\"core\";s:3:\"6.x\";s:7:\"version\";s:7:\"6.x-1.0\";s:7:\"project\";s:15:\"content_profile\";s:9:\"datestamp\";s:10:\"1270662007\";s:12:\"dependencies\";a:0:{}s:10:\"dependents\";a:0:{}s:3:\"php\";s:5:\"4.3.5\";}'),('sites/all/modules/content_profile/modules/content_profile_registration.module','content_profile_registration','module','','0','0','0','6001','1','a:10:{s:4:\"name\";s:33:\"Content Profile User Registration\";s:11:\"description\";s:56:\"Enable content profile features during user registration\";s:7:\"package\";s:15:\"Content Profile\";s:4:\"core\";s:3:\"6.x\";s:12:\"dependencies\";a:1:{i:0;s:15:\"content_profile\";}s:7:\"version\";s:7:\"6.x-1.0\";s:7:\"project\";s:15:\"content_profile\";s:9:\"datestamp\";s:10:\"1270662007\";s:10:\"dependents\";a:0:{}s:3:\"php\";s:5:\"4.3.5\";}');
INSERT INTO `system` VALUES ('sites/all/modules/content_profile/modules/content_profile_tokens.module','content_profile_tokens','module','','0','0','0','0','0','a:10:{s:4:\"name\";s:22:\"Content Profile Tokens\";s:11:\"description\";s:37:\"Add user tokens for content profiles.\";s:7:\"package\";s:15:\"Content Profile\";s:12:\"dependencies\";a:3:{i:0;s:15:\"content_profile\";i:1;s:5:\"token\";i:2;s:7:\"content\";}s:4:\"core\";s:3:\"6.x\";s:7:\"version\";s:7:\"6.x-1.0\";s:7:\"project\";s:15:\"content_profile\";s:9:\"datestamp\";s:10:\"1270662007\";s:10:\"dependents\";a:0:{}s:3:\"php\";s:5:\"4.3.5\";}'),('sites/all/modules/sharedemail/modules/sharedemail_subuser/sharedemail_subuser.module','sharedemail_subuser','module','','0','0','0','-1','0','a:9:{s:4:\"name\";s:20:\"Shared Email Subuser\";s:11:\"description\";s:43:\"Integrate Subuser module with Shared Email.\";s:12:\"dependencies\";a:2:{i:0;s:11:\"sharedemail\";i:1;s:7:\"subuser\";}s:4:\"core\";s:3:\"6.x\";s:7:\"version\";s:7:\"6.x-1.5\";s:7:\"project\";s:11:\"sharedemail\";s:9:\"datestamp\";s:10:\"1316908307\";s:10:\"dependents\";a:0:{}s:3:\"php\";s:5:\"4.3.5\";}'),('sites/all/modules/coherent_access/coherent_access.module','coherent_access','module','','0','0','0','-1','0','a:10:{s:4:\"name\";s:15:\"Coherent Access\";s:11:\"description\";s:56:\"Provides user level node access for viewing and editing.\";s:7:\"package\";s:14:\"Access control\";s:7:\"version\";s:7:\"6.x-1.0\";s:4:\"core\";s:3:\"6.x\";s:7:\"project\";s:15:\"coherent_access\";s:9:\"datestamp\";s:10:\"1222326903\";s:12:\"dependencies\";a:0:{}s:10:\"dependents\";a:0:{}s:3:\"php\";s:5:\"4.3.5\";}'),('sites/all/modules/nodeaccess/nodeaccess.module','nodeaccess','module','','1','0','0','3','0','a:9:{s:4:\"name\";s:10:\"Nodeaccess\";s:11:\"description\";s:32:\"Provides per node access control\";s:4:\"core\";s:3:\"6.x\";s:7:\"version\";s:7:\"6.x-1.3\";s:7:\"project\";s:10:\"nodeaccess\";s:9:\"datestamp\";s:10:\"1236471659\";s:12:\"dependencies\";a:0:{}s:10:\"dependents\";a:0:{}s:3:\"php\";s:5:\"4.3.5\";}');
INSERT INTO `system` VALUES ('sites/all/modules/nodeaccess_userreference/nodeaccess_userreference.module','nodeaccess_userreference','module','','0','0','0','-1','0','a:10:{s:4:\"name\";s:26:\"Node access user reference\";s:11:\"description\";s:64:\"Provides per node access control with CCK User reference fields.\";s:4:\"core\";s:3:\"6.x\";s:7:\"package\";s:3:\"CCK\";s:12:\"dependencies\";a:1:{i:0;s:13:\"userreference\";}s:7:\"version\";s:7:\"6.x-3.3\";s:7:\"project\";s:24:\"nodeaccess_userreference\";s:9:\"datestamp\";s:10:\"1314422226\";s:10:\"dependents\";a:0:{}s:3:\"php\";s:5:\"4.3.5\";}'),('sites/all/modules/role_ownership/role_ownership.module','role_ownership','module','','0','0','0','-1','0','a:10:{s:4:\"name\";s:14:\"Role ownership\";s:11:\"description\";s:39:\"Apply ownership of the node by the role\";s:7:\"package\";s:14:\"Role ownership\";s:4:\"core\";s:3:\"6.x\";s:7:\"version\";s:13:\"6.x-1.0-beta1\";s:7:\"project\";s:14:\"role_ownership\";s:9:\"datestamp\";s:10:\"1273043409\";s:12:\"dependencies\";a:0:{}s:10:\"dependents\";a:0:{}s:3:\"php\";s:5:\"4.3.5\";}'),('sites/all/modules/cck_groups/cck_groups.module','cck_groups','module','','0','0','0','-1','10','a:10:{s:4:\"name\";s:10:\"CCK Groups\";s:11:\"description\";s:114:\"Enables a content type to serve as a group with associated users who can post content restricted to group members.\";s:12:\"dependencies\";a:1:{i:0;s:13:\"userreference\";}s:7:\"package\";s:3:\"CCK\";s:4:\"core\";s:3:\"6.x\";s:3:\"php\";s:3:\"5.1\";s:7:\"version\";s:13:\"6.x-1.0-beta1\";s:7:\"project\";s:10:\"cck_groups\";s:9:\"datestamp\";s:10:\"1262573411\";s:10:\"dependents\";a:0:{}}'),('sites/all/modules/role_ownership/role_ownership_log/role_ownership_log.module','role_ownership_log','module','','0','0','0','-1','0','a:10:{s:4:\"name\";s:18:\"Role ownership log\";s:11:\"description\";s:38:\"Add logging for role ownership changes\";s:7:\"package\";s:14:\"Role ownership\";s:12:\"dependencies\";a:1:{i:0;s:14:\"role_ownership\";}s:4:\"core\";s:3:\"6.x\";s:7:\"version\";s:13:\"6.x-1.0-beta1\";s:7:\"project\";s:14:\"role_ownership\";s:9:\"datestamp\";s:10:\"1273043409\";s:10:\"dependents\";a:0:{}s:3:\"php\";s:5:\"4.3.5\";}');
INSERT INTO `system` VALUES ('sites/all/modules/smsframework/sms.module','sms','module','','0','0','0','-1','0','a:10:{s:4:\"name\";s:13:\"SMS Framework\";s:11:\"description\";s:97:\"Provides a extensible API that facilitates communication between Drupal and various SMS gateways.\";s:7:\"package\";s:13:\"SMS Framework\";s:4:\"core\";s:3:\"6.x\";s:7:\"version\";s:7:\"6.x-1.0\";s:7:\"project\";s:12:\"smsframework\";s:9:\"datestamp\";s:10:\"1236718943\";s:12:\"dependencies\";a:0:{}s:10:\"dependents\";a:0:{}s:3:\"php\";s:5:\"4.3.5\";}'),('sites/all/modules/og_project_roles/og_project_roles.module','og_project_roles','module','','1','0','0','0','0','a:10:{s:4:\"name\";s:28:\"Organic groups project roles\";s:11:\"description\";s:50:\"This module help to prevent the permission to user\";s:4:\"core\";s:3:\"6.x\";s:12:\"dependencies\";a:1:{i:0;s:2:\"og\";}s:7:\"package\";s:14:\"Organic groups\";s:7:\"version\";s:11:\"6.x-1.x-dev\";s:7:\"project\";s:16:\"og_project_roles\";s:9:\"datestamp\";s:10:\"1298620549\";s:10:\"dependents\";a:0:{}s:3:\"php\";s:5:\"4.3.5\";}'),('sites/all/modules/simple_access/simple_access.module','simple_access','module','','0','0','0','-1','9','a:10:{s:4:\"name\";s:13:\"Simple Access\";s:11:\"description\";s:43:\"Provides simple hide/view access for nodes.\";s:4:\"core\";s:3:\"6.x\";s:7:\"package\";s:11:\"Node Access\";s:7:\"version\";s:7:\"6.x-2.0\";s:7:\"project\";s:13:\"simple_access\";s:9:\"datestamp\";s:10:\"1260789370\";s:12:\"dependencies\";a:0:{}s:10:\"dependents\";a:0:{}s:3:\"php\";s:5:\"4.3.5\";}'),('sites/all/modules/content_access/content_access.module','content_access','module','','0','0','0','-1','0','a:10:{s:4:\"name\";s:14:\"Content Access\";s:11:\"description\";s:40:\"Provides flexible content access control\";s:7:\"package\";s:14:\"Access control\";s:4:\"core\";s:3:\"6.x\";s:7:\"version\";s:7:\"6.x-1.2\";s:7:\"project\";s:14:\"content_access\";s:9:\"datestamp\";s:10:\"1249035332\";s:12:\"dependencies\";a:0:{}s:10:\"dependents\";a:0:{}s:3:\"php\";s:5:\"4.3.5\";}'),('sites/all/modules/groupadmin/groupadmin.module','groupadmin','module','','0','0','0','-1','0','a:10:{s:4:\"name\";s:11:\"Group Admin\";s:11:\"description\";s:76:\"Provides a simple administrative interface to manage membership of OG Groups\";s:12:\"dependencies\";a:1:{i:0;s:2:\"og\";}s:7:\"package\";s:14:\"Organic groups\";s:7:\"version\";s:7:\"6.x-2.1\";s:4:\"core\";s:3:\"6.x\";s:7:\"project\";s:10:\"groupadmin\";s:9:\"datestamp\";s:10:\"1268696709\";s:10:\"dependents\";a:0:{}s:3:\"php\";s:5:\"4.3.5\";}');
INSERT INTO `system` VALUES ('sites/all/modules/groupadmin/groupadmin_cp/groupadmin_cp.module','groupadmin_cp','module','','0','0','0','-1','0','a:10:{s:4:\"name\";s:14:\"Group Admin CP\";s:11:\"description\";s:164:\"Allows GroupAdmin to work with user data stored in nodes. Suitable nodes may be created using <a href=http://drupal.org/project/content_profile>Content Profile</a>.\";s:12:\"dependencies\";a:1:{i:0;s:10:\"groupadmin\";}s:7:\"package\";s:14:\"Organic groups\";s:7:\"version\";s:7:\"6.x-2.1\";s:4:\"core\";s:3:\"6.x\";s:7:\"project\";s:10:\"groupadmin\";s:9:\"datestamp\";s:10:\"1268696709\";s:10:\"dependents\";a:0:{}s:3:\"php\";s:5:\"4.3.5\";}'),('sites/all/modules/groupadmin/groupadmin_profile/groupadmin_profile.module','groupadmin_profile','module','','0','0','0','-1','0','a:10:{s:4:\"name\";s:19:\"Group Admin Profile\";s:11:\"description\";s:94:\"Allows GroupAdmin to work with user data stored in user profile using standard Profile module.\";s:12:\"dependencies\";a:2:{i:0;s:10:\"groupadmin\";i:1;s:7:\"profile\";}s:7:\"package\";s:14:\"Organic groups\";s:7:\"version\";s:7:\"6.x-2.1\";s:4:\"core\";s:3:\"6.x\";s:7:\"project\";s:10:\"groupadmin\";s:9:\"datestamp\";s:10:\"1268696709\";s:10:\"dependents\";a:0:{}s:3:\"php\";s:5:\"4.3.5\";}'),('sites/all/modules/smsframework/modules/sms_actions/sms_actions.module','sms_actions','module','','0','0','0','-1','0','a:10:{s:4:\"name\";s:11:\"SMS Actions\";s:11:\"description\";s:113:\"Provides an action for sending outgoing messages and the ability to define custom triggers for incoming messages.\";s:7:\"package\";s:13:\"SMS Framework\";s:12:\"dependencies\";a:2:{i:0;s:3:\"sms\";i:1;s:7:\"trigger\";}s:4:\"core\";s:3:\"6.x\";s:7:\"version\";s:7:\"6.x-1.0\";s:7:\"project\";s:12:\"smsframework\";s:9:\"datestamp\";s:10:\"1236718943\";s:10:\"dependents\";a:0:{}s:3:\"php\";s:5:\"4.3.5\";}'),('sites/all/modules/smsframework/modules/sms_blast/sms_blast.module','sms_blast','module','','0','0','0','-1','0','a:10:{s:4:\"name\";s:9:\"SMS Blast\";s:11:\"description\";s:57:\"Allows bulk text messages to be sent to registered users.\";s:7:\"package\";s:13:\"SMS Framework\";s:12:\"dependencies\";a:1:{i:0;s:8:\"sms_user\";}s:4:\"core\";s:3:\"6.x\";s:7:\"version\";s:7:\"6.x-1.0\";s:7:\"project\";s:12:\"smsframework\";s:9:\"datestamp\";s:10:\"1236718943\";s:10:\"dependents\";a:0:{}s:3:\"php\";s:5:\"4.3.5\";}');
INSERT INTO `system` VALUES ('sites/all/modules/smsframework/modules/sms_clickatell/sms_clickatell.module','sms_clickatell','module','','0','0','0','-1','0','a:10:{s:4:\"name\";s:10:\"Clickatell\";s:11:\"description\";s:56:\"Allows the SMS Framework to use Clickatell as a gateway.\";s:7:\"package\";s:13:\"SMS Framework\";s:12:\"dependencies\";a:1:{i:0;s:3:\"sms\";}s:4:\"core\";s:3:\"6.x\";s:7:\"version\";s:7:\"6.x-1.0\";s:7:\"project\";s:12:\"smsframework\";s:9:\"datestamp\";s:10:\"1236718943\";s:10:\"dependents\";a:0:{}s:3:\"php\";s:5:\"4.3.5\";}'),('sites/all/modules/smsframework/modules/sms_email_gateway/sms_email_gateway.module','sms_email_gateway','module','','0','0','0','-1','0','a:10:{s:4:\"name\";s:14:\"E-mail Gateway\";s:11:\"description\";s:48:\"Allows the SMS Framework to use E-mail gateways.\";s:12:\"dependencies\";a:1:{i:0;s:3:\"sms\";}s:7:\"package\";s:13:\"SMS Framework\";s:4:\"core\";s:3:\"6.x\";s:7:\"version\";s:7:\"6.x-1.0\";s:7:\"project\";s:12:\"smsframework\";s:9:\"datestamp\";s:10:\"1236718943\";s:10:\"dependents\";a:0:{}s:3:\"php\";s:5:\"4.3.5\";}'),('sites/all/modules/smsframework/modules/sms_sendtophone/sms_sendtophone.module','sms_sendtophone','module','','0','0','0','-1','0','a:10:{s:4:\"name\";s:13:\"Send to phone\";s:11:\"description\";s:63:\"Provides various tools for sending bits of information via SMS.\";s:12:\"dependencies\";a:1:{i:0;s:3:\"sms\";}s:7:\"package\";s:13:\"SMS Framework\";s:4:\"core\";s:3:\"6.x\";s:7:\"version\";s:7:\"6.x-1.0\";s:7:\"project\";s:12:\"smsframework\";s:9:\"datestamp\";s:10:\"1236718943\";s:10:\"dependents\";a:0:{}s:3:\"php\";s:5:\"4.3.5\";}'),('sites/all/modules/sms_twilio/sms_twilio.module','sms_twilio','module','','0','0','0','-1','0','a:10:{s:4:\"name\";s:6:\"Twilio\";s:11:\"description\";s:56:\"Allows the SMS Framework to use twilio.com as a gateway.\";s:7:\"package\";s:13:\"SMS Framework\";s:12:\"dependencies\";a:1:{i:0;s:3:\"sms\";}s:4:\"core\";s:3:\"6.x\";s:7:\"version\";s:7:\"6.x-1.0\";s:7:\"project\";s:10:\"sms_twilio\";s:9:\"datestamp\";s:10:\"1286091064\";s:10:\"dependents\";a:0:{}s:3:\"php\";s:5:\"4.3.5\";}');
INSERT INTO `system` VALUES ('sites/all/modules/smsframework/modules/sms_user/sms_user.module','sms_user','module','','0','0','0','-1','0','a:10:{s:4:\"name\";s:8:\"SMS User\";s:11:\"description\";s:64:\"Provides integration between the SMS Framework and Drupal users.\";s:12:\"dependencies\";a:2:{i:0;s:3:\"sms\";i:1;s:5:\"token\";}s:7:\"package\";s:13:\"SMS Framework\";s:4:\"core\";s:3:\"6.x\";s:7:\"version\";s:7:\"6.x-1.0\";s:7:\"project\";s:12:\"smsframework\";s:9:\"datestamp\";s:10:\"1236718943\";s:10:\"dependents\";a:0:{}s:3:\"php\";s:5:\"4.3.5\";}'),('sites/all/modules/sms_tropo/sms_tropo.module','sms_tropo','module','','0','0','0','-1','0','a:10:{s:4:\"name\";s:5:\"Tropo\";s:11:\"description\";s:132:\"Allows the SMS Framework to use Tropo as a gateway. Tropo supports SMS, IM (AIM, Yahoo, MSN, GTalk, Jabber), as well as phone calls.\";s:7:\"package\";s:13:\"SMS Framework\";s:12:\"dependencies\";a:4:{i:0;s:3:\"sms\";i:1;s:5:\"token\";i:2;s:13:\"notifications\";i:3;s:9:\"messaging\";}s:4:\"core\";s:3:\"6.x\";s:7:\"version\";s:7:\"6.x-1.1\";s:7:\"project\";s:9:\"sms_tropo\";s:9:\"datestamp\";s:10:\"1302544316\";s:10:\"dependents\";a:0:{}s:3:\"php\";s:5:\"4.3.5\";}'),('sites/all/modules/ahah_response/ahah_response.module','ahah_response','module','','0','0','0','-1','0','a:9:{s:4:\"name\";s:13:\"AHAH Response\";s:11:\"description\";s:119:\"Provides a themehook to allow for greater control of the response object sent by modules implementing an AHAH callback.\";s:4:\"core\";s:3:\"6.x\";s:7:\"version\";s:7:\"6.x-1.2\";s:7:\"project\";s:13:\"ahah_response\";s:9:\"datestamp\";s:10:\"1258675803\";s:12:\"dependencies\";a:0:{}s:10:\"dependents\";a:0:{}s:3:\"php\";s:5:\"4.3.5\";}'),('sites/all/modules/flexifield/flexifield.module','flexifield','module','','0','0','0','-1','0','a:10:{s:4:\"name\";s:11:\"Flexi Field\";s:11:\"description\";s:74:\"Defines a field type where each field item can be a combination of fields.\";s:12:\"dependencies\";a:2:{i:0;s:7:\"content\";i:1;s:13:\"ahah_response\";}s:7:\"package\";s:3:\"CCK\";s:4:\"core\";s:3:\"6.x\";s:7:\"version\";s:14:\"6.x-1.0-alpha5\";s:7:\"project\";s:10:\"flexifield\";s:9:\"datestamp\";s:10:\"1247009133\";s:10:\"dependents\";a:0:{}s:3:\"php\";s:5:\"4.3.5\";}');
INSERT INTO `system` VALUES ('sites/all/modules/flexifield/modules/displaycontexts/flexifield_displaycontexts.module','flexifield_displaycontexts','module','','0','0','0','-1','0','a:10:{s:4:\"name\";s:27:\"FlexiField Display Contexts\";s:11:\"description\";s:140:\"Enables an administrator to setup custom display contexts for flexifields, providing additional display control for the child fields within.\";s:12:\"dependencies\";a:1:{i:0;s:10:\"flexifield\";}s:7:\"package\";s:3:\"CCK\";s:4:\"core\";s:3:\"6.x\";s:7:\"version\";s:14:\"6.x-1.0-alpha5\";s:7:\"project\";s:10:\"flexifield\";s:9:\"datestamp\";s:10:\"1247009133\";s:10:\"dependents\";a:0:{}s:3:\"php\";s:5:\"4.3.5\";}'),('sites/all/modules/flexifield/modules/fieldgroup/flexifield_fieldgroup.module','flexifield_fieldgroup','module','','0','0','0','-1','0','a:10:{s:4:\"name\";s:33:\"FlexiField Fieldgroup Integration\";s:11:\"description\";s:56:\"Enables a field group to be used inside of a flexifield.\";s:12:\"dependencies\";a:2:{i:0;s:10:\"flexifield\";i:1;s:10:\"fieldgroup\";}s:7:\"package\";s:3:\"CCK\";s:4:\"core\";s:3:\"6.x\";s:7:\"version\";s:14:\"6.x-1.0-alpha5\";s:7:\"project\";s:10:\"flexifield\";s:9:\"datestamp\";s:10:\"1247009133\";s:10:\"dependents\";a:0:{}s:3:\"php\";s:5:\"4.3.5\";}'),('sites/all/modules/flexifield/modules/filefield/flexifield_filefield.module','flexifield_filefield','module','','0','0','0','-1','0','a:10:{s:4:\"name\";s:32:\"FlexiField FileField Integration\";s:11:\"description\";s:55:\"Enables a file field to be used inside of a flexifield.\";s:12:\"dependencies\";a:2:{i:0;s:10:\"flexifield\";i:1;s:9:\"filefield\";}s:7:\"package\";s:3:\"CCK\";s:4:\"core\";s:3:\"6.x\";s:7:\"version\";s:14:\"6.x-1.0-alpha5\";s:7:\"project\";s:10:\"flexifield\";s:9:\"datestamp\";s:10:\"1247009133\";s:10:\"dependents\";a:0:{}s:3:\"php\";s:5:\"4.3.5\";}'),('sites/all/modules/inline_community/inline_community.module','inline_community','module','','1','0','0','0','0','a:10:{s:4:\"name\";s:16:\"Inline Community\";s:11:\"description\";s:57:\"Allows anonymous users to register via the node/add page.\";s:7:\"package\";s:5:\"Other\";s:4:\"core\";s:3:\"6.x\";s:7:\"version\";s:11:\"6.x-1.x-dev\";s:7:\"project\";s:16:\"inline_community\";s:9:\"datestamp\";s:10:\"1298619450\";s:12:\"dependencies\";a:0:{}s:10:\"dependents\";a:0:{}s:3:\"php\";s:5:\"4.3.5\";}');
INSERT INTO `system` VALUES ('sites/all/modules/multi_node_edit/multi_node_edit.module','multi_node_edit','module','','0','0','0','-1','0','a:10:{s:4:\"name\";s:15:\"Multi-Node-Edit\";s:11:\"description\";s:101:\"An API designed to be passed multiple nodes and display edit screen for all of them as a single form.\";s:4:\"core\";s:3:\"6.x\";s:7:\"package\";s:21:\"Multi Node Edit Tools\";s:7:\"version\";s:11:\"6.x-1.x-dev\";s:7:\"project\";s:15:\"multi_node_edit\";s:9:\"datestamp\";s:10:\"1298619692\";s:12:\"dependencies\";a:0:{}s:10:\"dependents\";a:0:{}s:3:\"php\";s:5:\"4.3.5\";}'),('sites/all/modules/multi_node_edit/contrib/multi_node_edit_active_tags/multi_node_edit_active_tags.module','multi_node_edit_active_tags','module','','0','0','0','-1','0','a:10:{s:4:\"name\";s:27:\"Multi-Node-Edit Active Tags\";s:11:\"description\";s:47:\"Allows active tags to work with Multi Node Edit\";s:4:\"core\";s:3:\"6.x\";s:7:\"package\";s:21:\"Multi Node Edit Tools\";s:12:\"dependencies\";a:1:{i:0;s:15:\"multi_node_edit\";}s:7:\"version\";s:11:\"6.x-1.x-dev\";s:7:\"project\";s:15:\"multi_node_edit\";s:9:\"datestamp\";s:10:\"1298619692\";s:10:\"dependents\";a:0:{}s:3:\"php\";s:5:\"4.3.5\";}'),('sites/all/modules/multi_node_edit/contrib/multi_node_edit_date/multi_node_edit_date.module','multi_node_edit_date','module','','0','0','0','-1','0','a:10:{s:4:\"name\";s:24:\"Multi-Node-Edit CCK Date\";s:11:\"description\";s:36:\"CCK date support for Multi Node Edit\";s:4:\"core\";s:3:\"6.x\";s:7:\"package\";s:21:\"Multi Node Edit Tools\";s:12:\"dependencies\";a:2:{i:0;s:15:\"multi_node_edit\";i:1;s:4:\"date\";}s:7:\"version\";s:11:\"6.x-1.x-dev\";s:7:\"project\";s:15:\"multi_node_edit\";s:9:\"datestamp\";s:10:\"1298619692\";s:10:\"dependents\";a:0:{}s:3:\"php\";s:5:\"4.3.5\";}'),('sites/all/modules/multi_node_edit/contrib/multi_node_edit_maxlength/multi_node_edit_maxlength.module','multi_node_edit_maxlength','module','','0','0','0','-1','0','a:10:{s:4:\"name\";s:30:\"Multi-Node-Edit Node Maxlength\";s:11:\"description\";s:49:\"Enable Maxlength Module for Multi-Node-Edit forms\";s:4:\"core\";s:3:\"6.x\";s:7:\"package\";s:21:\"Multi Node Edit Tools\";s:12:\"dependencies\";a:1:{i:0;s:15:\"multi_node_edit\";}s:7:\"version\";s:11:\"6.x-1.x-dev\";s:7:\"project\";s:15:\"multi_node_edit\";s:9:\"datestamp\";s:10:\"1298619692\";s:10:\"dependents\";a:0:{}s:3:\"php\";s:5:\"4.3.5\";}');
INSERT INTO `system` VALUES ('sites/all/modules/multi_node_edit/contrib/multi_node_edit_reference/multi_node_edit_reference.module','multi_node_edit_reference','module','','0','0','0','-1','0','a:10:{s:4:\"name\";s:30:\"Multi-Node-Edit Node Reference\";s:11:\"description\";s:40:\"\"Edit nodes referenced by another node\",\";s:4:\"core\";s:3:\"6.x\";s:7:\"package\";s:21:\"Multi Node Edit Tools\";s:12:\"dependencies\";a:2:{i:0;s:15:\"multi_node_edit\";i:1;s:13:\"nodereference\";}s:7:\"version\";s:11:\"6.x-1.x-dev\";s:7:\"project\";s:15:\"multi_node_edit\";s:9:\"datestamp\";s:10:\"1298619692\";s:10:\"dependents\";a:0:{}s:3:\"php\";s:5:\"4.3.5\";}'),('sites/all/modules/multi_node_edit/contrib/multi_node_edit_taxonomy_super_select/multi_node_edit_taxonomy_super_select.module','multi_node_edit_taxonomy_super_select','module','','0','0','0','-1','0','a:10:{s:4:\"name\";s:37:\"Multi-Node-Edit Taxonomy Super Select\";s:11:\"description\";s:57:\"Allows taxonomy super select to work with Multi Node Edit\";s:4:\"core\";s:3:\"6.x\";s:7:\"package\";s:21:\"Multi Node Edit Tools\";s:12:\"dependencies\";a:2:{i:0;s:15:\"multi_node_edit\";i:1;s:21:\"taxonomy_super_select\";}s:7:\"version\";s:11:\"6.x-1.x-dev\";s:7:\"project\";s:15:\"multi_node_edit\";s:9:\"datestamp\";s:10:\"1298619692\";s:10:\"dependents\";a:0:{}s:3:\"php\";s:5:\"4.3.5\";}'),('sites/all/themes/languageforge/languageforge.info','languageforge','theme','themes/engines/phptemplate/phptemplate.engine','1','0','0','-1','0','a:13:{s:4:\"name\";s:13:\"Languageforge\";s:11:\"description\";s:38:\"Languageforge Original Theme(default).\";s:7:\"version\";s:4:\"6.22\";s:4:\"core\";s:3:\"6.x\";s:6:\"engine\";s:11:\"phptemplate\";s:11:\"stylesheets\";a:2:{s:3:\"all\";a:1:{s:13:\"css/style.css\";s:44:\"sites/all/themes/languageforge/css/style.css\";}s:5:\"print\";a:1:{s:9:\"print.css\";s:40:\"sites/all/themes/languageforge/print.css\";}}s:7:\"project\";s:6:\"drupal\";s:9:\"datestamp\";s:10:\"1306357015\";s:7:\"regions\";a:6:{s:12:\"primarylinks\";s:13:\"Primary Links\";s:8:\"helptext\";s:9:\"Help Text\";s:10:\"latestnews\";s:11:\"Latest News\";s:6:\"footer\";s:6:\"Footer\";s:11:\"leftsidebar\";s:13:\"Left Side Bar\";s:15:\"frontquicktasks\";s:17:\"Front Quick Tasks\";}s:8:\"features\";a:10:{i:0;s:20:\"comment_user_picture\";i:1;s:7:\"favicon\";i:2;s:7:\"mission\";i:3;s:4:\"logo\";i:4;s:4:\"name\";i:5;s:17:\"node_user_picture\";i:6;s:6:\"search\";i:7;s:6:\"slogan\";i:8;s:13:\"primary_links\";i:9;s:15:\"secondary_links\";}s:7:\"scripts\";a:1:{s:9:\"script.js\";s:40:\"sites/all/themes/languageforge/script.js\";}s:10:\"screenshot\";s:45:\"sites/all/themes/languageforge/screenshot.png\";s:3:\"php\";s:5:\"4.3.5\";}');
INSERT INTO `system` VALUES ('sites/all/themes/amity_island/amity_island.info','amity_island','theme','themes/engines/phptemplate/phptemplate.engine','1','0','0','-1','0','a:13:{s:4:\"name\";s:27:\"Amity Island for Drupal 6.x\";s:11:\"description\";s:39:\"Free Theme by ThemeShark.com (default).\";s:7:\"version\";s:7:\"6.x-1.3\";s:4:\"core\";s:3:\"6.x\";s:6:\"engine\";s:11:\"phptemplate\";s:11:\"stylesheets\";a:2:{s:3:\"all\";a:1:{s:9:\"style.css\";s:39:\"sites/all/themes/amity_island/style.css\";}s:5:\"print\";a:1:{s:9:\"print.css\";s:39:\"sites/all/themes/amity_island/print.css\";}}s:7:\"regions\";a:9:{s:4:\"left\";s:12:\"Left sidebar\";s:5:\"right\";s:13:\"Right sidebar\";s:7:\"content\";s:7:\"Content\";s:10:\"contenttop\";s:11:\"Content Top\";s:13:\"contentbottom\";s:14:\"Content Bottom\";s:6:\"footer\";s:6:\"Footer\";s:7:\"primary\";s:13:\"Primary Links\";s:9:\"secondary\";s:15:\"Secondary Links\";s:8:\"toplinks\";s:9:\"Top Links\";}s:8:\"features\";a:10:{i:0;s:4:\"logo\";i:1;s:4:\"name\";i:2;s:6:\"slogan\";i:3;s:7:\"mission\";i:4;s:17:\"node_user_picture\";i:5;s:20:\"comment_user_picture\";i:6;s:6:\"search\";i:7;s:7:\"favicon\";i:8;s:13:\"primary_links\";i:9;s:15:\"secondary_links\";}s:7:\"project\";s:12:\"amity_island\";s:9:\"datestamp\";s:10:\"1255620004\";s:7:\"scripts\";a:1:{s:9:\"script.js\";s:39:\"sites/all/themes/amity_island/script.js\";}s:10:\"screenshot\";s:44:\"sites/all/themes/amity_island/screenshot.png\";s:3:\"php\";s:5:\"4.3.5\";}');

-- --------------------------------------------------------

--
-- Table structure for table `term_data`
--

CREATE TABLE IF NOT EXISTS `term_data` (
  `tid` int(10) unsigned NOT NULL AUTO_INCREMENT,
  `vid` int(10) unsigned NOT NULL DEFAULT '0',
  `name` varchar(255) NOT NULL DEFAULT '',
  `description` longtext,
  `weight` tinyint(4) NOT NULL DEFAULT '0',
  PRIMARY KEY (`tid`),
  KEY `taxonomy_tree` (`vid`,`weight`,`name`),
  KEY `vid_name` (`vid`,`name`)
) ENGINE=MyISAM  DEFAULT CHARSET=utf8 AUTO_INCREMENT=8 ;

--
-- Dumping data for table `term_data`
--

INSERT INTO `term_data` (`tid`, `vid`, `name`, `description`, `weight`) VALUES
(1, 1, 'Dictionary', '', 0),
(2, 1, 'Translation', '', 0),
(7, 1, 'Rapid Word Collection', '', 0);

-- --------------------------------------------------------

--
-- Table structure for table `term_hierarchy`
--

CREATE TABLE IF NOT EXISTS `term_hierarchy` (
  `tid` int(10) unsigned NOT NULL DEFAULT '0',
  `parent` int(10) unsigned NOT NULL DEFAULT '0',
  PRIMARY KEY (`tid`,`parent`),
  KEY `parent` (`parent`)
) ENGINE=MyISAM DEFAULT CHARSET=utf8;

--
-- Dumping data for table `term_hierarchy`
--

INSERT INTO `term_hierarchy` (`tid`, `parent`) VALUES
(1, 0),
(2, 0),
(7, 0);

-- --------------------------------------------------------

--
-- Table structure for table `term_node`
--

CREATE TABLE IF NOT EXISTS `term_node` (
  `nid` int(10) unsigned NOT NULL DEFAULT '0',
  `vid` int(10) unsigned NOT NULL DEFAULT '0',
  `tid` int(10) unsigned NOT NULL DEFAULT '0',
  PRIMARY KEY (`tid`,`vid`),
  KEY `vid` (`vid`),
  KEY `nid` (`nid`)
) ENGINE=MyISAM DEFAULT CHARSET=utf8;

--
-- Dumping data for table `term_node`
--

INSERT INTO `term_node` (`nid`, `vid`, `tid`) VALUES
(87, 87, 1),
(91, 91, 1),
(96, 96, 1);

-- --------------------------------------------------------

--
-- Table structure for table `term_relation`
--

CREATE TABLE IF NOT EXISTS `term_relation` (
  `trid` int(11) NOT NULL AUTO_INCREMENT,
  `tid1` int(10) unsigned NOT NULL DEFAULT '0',
  `tid2` int(10) unsigned NOT NULL DEFAULT '0',
  PRIMARY KEY (`trid`),
  UNIQUE KEY `tid1_tid2` (`tid1`,`tid2`),
  KEY `tid2` (`tid2`)
) ENGINE=MyISAM DEFAULT CHARSET=utf8 AUTO_INCREMENT=1 ;

--
-- Dumping data for table `term_relation`
--


-- --------------------------------------------------------

--
-- Table structure for table `term_synonym`
--

CREATE TABLE IF NOT EXISTS `term_synonym` (
  `tsid` int(11) NOT NULL AUTO_INCREMENT,
  `tid` int(10) unsigned NOT NULL DEFAULT '0',
  `name` varchar(255) NOT NULL DEFAULT '',
  PRIMARY KEY (`tsid`),
  KEY `tid` (`tid`),
  KEY `name_tid` (`name`,`tid`)
) ENGINE=MyISAM DEFAULT CHARSET=utf8 AUTO_INCREMENT=1 ;

--
-- Dumping data for table `term_synonym`
--


-- --------------------------------------------------------

--
-- Table structure for table `trigger_assignments`
--

CREATE TABLE IF NOT EXISTS `trigger_assignments` (
  `hook` varchar(32) NOT NULL DEFAULT '',
  `op` varchar(32) NOT NULL DEFAULT '',
  `aid` varchar(255) NOT NULL DEFAULT '',
  `weight` int(11) NOT NULL DEFAULT '0',
  PRIMARY KEY (`hook`,`op`,`aid`)
) ENGINE=MyISAM DEFAULT CHARSET=utf8;

--
-- Dumping data for table `trigger_assignments`
--

INSERT INTO `trigger_assignments` (`hook`, `op`, `aid`, `weight`) VALUES
('nodeapi', 'insert', '6', 1),
('nodeapi', 'insert', '5', 1),
('og', 'user insert', '4', 1);

-- --------------------------------------------------------

--
-- Table structure for table `url_alias`
--

CREATE TABLE IF NOT EXISTS `url_alias` (
  `pid` int(10) unsigned NOT NULL AUTO_INCREMENT,
  `src` varchar(128) NOT NULL DEFAULT '',
  `dst` varchar(128) NOT NULL DEFAULT '',
  `language` varchar(12) NOT NULL DEFAULT '',
  PRIMARY KEY (`pid`),
  UNIQUE KEY `dst_language_pid` (`dst`,`language`,`pid`),
  KEY `src_language_pid` (`src`,`language`,`pid`)
) ENGINE=MyISAM  DEFAULT CHARSET=utf8 AUTO_INCREMENT=191 ;

--
-- Dumping data for table `url_alias`
--

INSERT INTO `url_alias` (`pid`, `src`, `dst`, `language`) VALUES
(1, 'user/1/contact', 'users/admin/contact', ''),
(2, 'user/3/contact', 'users/arivusudarnc/contact', ''),
(3, 'user/4/contact', 'users/newuser/contact', ''),
(183, 'node/87', 'project/telugu-food', 'en'),
(27, 'node/23', 'page/welcome-language-forge', ''),
(22, 'user/8', 'users/sampleuser', ''),
(23, 'user/8/contact', 'users/sampleuser/contact', ''),
(32, 'node/39', 'faq/39', 'en'),
(30, 'node/38', 'faq/38', 'en'),
(31, 'node/33', 'page/overview', 'en'),
(16, 'user/1', 'users/admin', ''),
(17, 'user/3', 'users/arivusudarnc', ''),
(18, 'user/4', 'users/newuser', ''),
(33, 'node/40', 'faq/40', 'en'),
(34, 'node/41', 'page/about-us', 'en'),
(35, 'node/42', 'page/help', 'en'),
(45, 'node/52', 'page/plans', 'en'),
(67, 'user/10', 'users/cam1', ''),
(182, 'node/86', 'community/telugu', 'en'),
(56, 'taxonomy/term/7', 'category/type-project/rapid-word-collection', ''),
(61, 'user/9', 'users/cambell', ''),
(62, 'user/9/contact', 'users/cambell/contact', ''),
(68, 'user/10/contact', 'users/cam1/contact', ''),
(179, 'user/59', 'users/newusersamp', ''),
(180, 'user/59/contact', 'users/newusersamp/contact', ''),
(186, 'user/60', 'users/mikec', ''),
(187, 'user/60/contact', 'users/mikec/contact', ''),
(188, 'user/61', 'users/newsampuser', ''),
(189, 'user/61/contact', 'users/newsampuser/contact', ''),
(190, 'node/91', 'project/thai-food', 'en');

-- --------------------------------------------------------

--
-- Table structure for table `users`
--

CREATE TABLE IF NOT EXISTS `users` (
  `uid` int(10) unsigned NOT NULL AUTO_INCREMENT,
  `name` varchar(60) NOT NULL DEFAULT '',
  `pass` varchar(32) NOT NULL DEFAULT '',
  `mail` varchar(64) DEFAULT '',
  `mode` tinyint(4) NOT NULL DEFAULT '0',
  `sort` tinyint(4) DEFAULT '0',
  `threshold` tinyint(4) DEFAULT '0',
  `theme` varchar(255) NOT NULL DEFAULT '',
  `signature` varchar(255) NOT NULL DEFAULT '',
  `signature_format` smallint(6) NOT NULL DEFAULT '0',
  `created` int(11) NOT NULL DEFAULT '0',
  `access` int(11) NOT NULL DEFAULT '0',
  `login` int(11) NOT NULL DEFAULT '0',
  `status` tinyint(4) NOT NULL DEFAULT '0',
  `timezone` varchar(8) DEFAULT NULL,
  `language` varchar(12) NOT NULL DEFAULT '',
  `picture` varchar(255) NOT NULL DEFAULT '',
  `init` varchar(64) DEFAULT '',
  `data` longtext,
  PRIMARY KEY (`uid`),
  UNIQUE KEY `name` (`name`),
  KEY `access` (`access`),
  KEY `created` (`created`),
  KEY `mail` (`mail`)
) ENGINE=MyISAM  DEFAULT CHARSET=utf8 AUTO_INCREMENT=62 ;

--
-- Dumping data for table `users`
--

INSERT INTO `users` (`uid`, `name`, `pass`, `mail`, `mode`, `sort`, `threshold`, `theme`, `signature`, `signature_format`, `created`, `access`, `login`, `status`, `timezone`, `language`, `picture`, `init`, `data`) VALUES
(0, '', '', '', 0, 0, 0, '', '', 0, 0, 0, 0, 0, NULL, '', '', '', NULL),
(1, 'admin', 'e10adc3949ba59abbe56e057f20f883e', 'arivu@gmail.com', 0, 0, 0, '', '', 0, 1306226918, 1320833629, 1320306526, 1, NULL, '', '', 'arivu@gmail.com', 'a:0:{}'),
(3, 'arivusudar.nc', 'e10adc3949ba59abbe56e057f20f883e', 'arivusudar.nc@gmail.com', 0, 0, 0, '', '', 0, 1306312197, 1320385181, 1320324457, 1, '19800', '', '', 'arivusudar.nc@gmail.com', 'a:5:{s:8:"rpx_data";a:2:{s:7:"profile";a:9:{s:12:"googleUserId";s:21:"114386754323649966156";s:4:"name";a:3:{s:9:"givenName";s:5:"Arivu";s:10:"familyName";s:5:"Sudar";s:9:"formatted";s:11:"Arivu Sudar";}s:13:"verifiedEmail";s:23:"arivusudar.nc@gmail.com";s:11:"displayName";s:13:"arivusudar.nc";s:17:"preferredUsername";s:13:"arivusudar.nc";s:3:"url";s:53:"https://www.google.com/profiles/114386754323649966156";s:12:"providerName";s:6:"Google";s:10:"identifier";s:53:"https://www.google.com/profiles/114386754323649966156";s:5:"email";s:23:"arivusudar.nc@gmail.com";}s:4:"stat";s:2:"ok";}s:13:"form_build_id";s:37:"form-b3fe777c037b71f6b5c6dedf7405e383";s:17:"messaging_default";s:10:"privatemsg";s:27:"notifications_send_interval";s:1:"0";s:7:"contact";i:0;}'),
(4, 'newuser', 'e10adc3949ba59abbe56e057f20f883e', 'newuser@gmail.com', 0, 0, 0, '', '', 0, 1306401886, 1318425316, 1318405770, 1, '19800', '', '', 'newuser@gmail.com', 'a:18:{s:4:"type";s:9:"community";s:7:"changed";s:0:"";s:5:"title";s:7:"newcomm";s:4:"date";s:0:"";s:7:"promote";b:0;s:6:"sticky";b:0;s:7:"preview";s:7:"Preview";s:13:"form_build_id";s:37:"form-822fbad242f7f9b5de3fb6fc266a219e";s:7:"comment";s:1:"0";s:4:"menu";a:11:{s:4:"mlid";i:0;s:6:"module";s:4:"menu";s:6:"hidden";i:0;s:12:"has_children";i:0;s:10:"customized";i:0;s:7:"options";a:0:{}s:8:"expanded";i:0;s:18:"parent_depth_limit";i:8;s:10:"link_title";s:0:"";s:6:"parent";s:15:"primary-links:0";s:6:"weight";i:0;}s:14:"og_description";s:5:"check";s:12:"og_selective";s:1:"0";s:11:"og_register";i:0;s:12:"og_directory";i:1;s:10:"og_private";i:0;s:17:"messaging_default";s:10:"privatemsg";s:27:"notifications_send_interval";s:1:"0";s:7:"contact";i:0;}'),
(59, 'newusersamp', 'c9ea441bd0bebd1b9716faabe9d07e29', 'newuser2@gmail.com', 0, 0, 0, '', '', 0, 1317883596, 0, 0, 1, NULL, '', '', 'newuser2@gmail.com', 'a:1:{s:7:"contact";i:0;}'),
(8, 'sampleuser', 'e10adc3949ba59abbe56e057f20f883e', 'sampl3e@gmail.com', 0, 0, 0, '', '', 0, 1306993496, 1318425306, 1318402176, 1, '19800', 'en', '', 'sampl3e@gmail.com', 'a:20:{s:4:"type";s:9:"community";s:7:"changed";s:0:"";s:5:"title";s:7:"English";s:4:"date";s:0:"";s:7:"promote";b:0;s:6:"sticky";b:0;s:7:"preview";s:7:"Preview";s:13:"form_build_id";s:37:"form-eefb0dde67239bc527437ebe17230c4e";s:7:"comment";s:1:"0";s:4:"menu";a:11:{s:4:"mlid";i:0;s:6:"module";s:4:"menu";s:6:"hidden";i:0;s:12:"has_children";i:0;s:10:"customized";i:0;s:7:"options";a:0:{}s:8:"expanded";i:0;s:18:"parent_depth_limit";i:8;s:10:"link_title";s:0:"";s:6:"parent";s:15:"primary-links:0";s:6:"weight";i:0;}s:4:"path";s:0:"";s:22:"pathauto_perform_alias";b:1;s:14:"og_description";s:2:"en";s:12:"og_selective";s:1:"0";s:11:"og_register";s:0:"";s:12:"og_directory";s:1:"1";s:10:"og_private";i:0;s:7:"contact";i:0;s:17:"messaging_default";s:10:"privatemsg";s:27:"notifications_send_interval";s:1:"0";}'),
(9, 'cambell', 'cf2764410c11dd71c790bc8b40e9779c', 'cambell.prince@gmail.com', 0, 0, 0, '', '', 0, 1313584789, 1315552773, 1314093951, 1, '25200', '', '', 'cambell.prince@gmail.com', 'a:2:{s:13:"form_build_id";s:37:"form-80e3cecc0ba38b1bafa272cf96007d3d";s:7:"contact";i:0;}'),
(10, 'cam1', 'fd829d195fda8ea17904afc83c3232ae', 'cambell@palaso.org', 0, 0, 0, '', '', 0, 1316501097, 1316501097, 1316501097, 1, '19800', '', '', 'cambell@palaso.org', 'a:3:{s:7:"contact";i:0;s:17:"messaging_default";s:10:"privatemsg";s:27:"notifications_send_interval";s:1:"0";}'),
(60, 'MikeC', '8cdf7c84316d5ef8e94a292f5064d4e9', 'michael_cochran@sil.org', 0, 0, 0, '', '', 0, 1319981604, 1319981790, 1319981604, 1, '25200', '', '', 'michael_cochran@sil.org', 'a:2:{s:13:"form_build_id";s:37:"form-5fbcdfdd5d012b4614a2c462b9e65e91";s:7:"contact";i:0;}'),
(61, 'newsampuser', 'e10adc3949ba59abbe56e057f20f883e', 'newsampuser@gmail.com', 0, 0, 0, '', '', 0, 1320821261, 1321248036, 1320821262, 1, '19800', '', '', 'newsampuser@gmail.com', 'a:20:{s:4:"type";s:17:"community_project";s:7:"changed";s:0:"";s:5:"title";s:4:"Thai";s:4:"date";s:0:"";s:7:"promote";b:1;s:6:"sticky";b:0;s:7:"preview";s:7:"Preview";s:13:"form_build_id";s:37:"form-bbe0e3dbabd07a151694702e55419af7";s:7:"comment";s:1:"0";s:4:"menu";a:11:{s:4:"mlid";i:0;s:6:"module";s:4:"menu";s:6:"hidden";i:0;s:12:"has_children";i:0;s:10:"customized";i:0;s:7:"options";a:0:{}s:8:"expanded";i:0;s:18:"parent_depth_limit";i:8;s:10:"link_title";s:0:"";s:6:"parent";s:15:"primary-links:0";s:6:"weight";i:0;}s:4:"path";s:0:"";s:8:"taxonomy";a:1:{i:1;s:1:"1";}s:17:"field_projectname";a:1:{i:0;a:2:{s:5:"value";s:9:"thai food";s:14:"_error_element";s:27:"field_projectname][0][value";}}s:18:"field_analysislang";a:1:{i:0;a:1:{s:5:"value";s:2:"en";}}s:14:"og_description";s:2:"th";s:12:"og_selective";s:1:"0";s:11:"og_register";s:0:"";s:12:"og_directory";s:1:"1";s:10:"og_private";i:0;s:7:"contact";i:0;}');

-- --------------------------------------------------------

--
-- Table structure for table `users_roles`
--

CREATE TABLE IF NOT EXISTS `users_roles` (
  `uid` int(10) unsigned NOT NULL DEFAULT '0',
  `rid` int(10) unsigned NOT NULL DEFAULT '0',
  PRIMARY KEY (`uid`,`rid`),
  KEY `rid` (`rid`)
) ENGINE=MyISAM DEFAULT CHARSET=utf8;

--
-- Dumping data for table `users_roles`
--

INSERT INTO `users_roles` (`uid`, `rid`) VALUES
(3, 3),
(4, 3),
(8, 3),
(9, 3),
(10, 3),
(59, 3),
(60, 3),
(61, 3);

-- --------------------------------------------------------

--
-- Table structure for table `variable`
--

CREATE TABLE IF NOT EXISTS `variable` (
  `name` varchar(128) NOT NULL DEFAULT '',
  `value` longtext NOT NULL,
  PRIMARY KEY (`name`)
) ENGINE=MyISAM DEFAULT CHARSET=utf8;

--
-- Dumping data for table `variable`
--

INSERT INTO `variable` (`name`, `value`) VALUES
('theme_default', 's:12:"amity_island";'),
('filter_html_1', 'i:1;'),
('node_options_forum', 'a:1:{i:0;s:6:"status";}'),
('drupal_private_key', 's:64:"c70a774c4bb52068d4a11dc9694178bdfdd37467bd35feadc5330f2d3b55b72d";'),
('menu_masks', 'a:28:{i:0;i:127;i:1;i:125;i:2;i:63;i:3;i:62;i:4;i:61;i:5;i:60;i:6;i:59;i:7;i:58;i:8;i:56;i:9;i:46;i:10;i:31;i:11;i:30;i:12;i:29;i:13;i:24;i:14;i:23;i:15;i:22;i:16;i:21;i:17;i:15;i:18;i:14;i:19;i:13;i:20;i:12;i:21;i:11;i:22;i:7;i:23;i:6;i:24;i:5;i:25;i:3;i:26;i:2;i:27;i:1;}'),
('install_task', 's:4:"done";'),
('menu_expanded', 'a:0:{}'),
('drupal_http_request_fails', 'b:1;'),
('site_name', 's:14:"Language Forge";'),
('site_mail', 's:33:"arivusudar.chidambaram@ecgroup.in";'),
('date_default_timezone', 's:5:"19800";'),
('user_email_verification', 'i:0;'),
('clean_url', 's:1:"1";'),
('install_time', 'i:1306226979;'),
('node_options_page', 'a:1:{i:0;s:6:"status";}'),
('comment_page', 'i:0;'),
('theme_settings', 'a:1:{s:21:"toggle_node_info_page";b:0;}'),
('css_js_query_string', 's:20:"IBrMec6WCtl4Gjs5wToQ";'),
('install_profile', 's:7:"default";'),
('update_last_check', 'i:1321242347;'),
('user_register', 's:1:"1";'),
('user_registration_help', 's:0:"";'),
('user_mail_register_admin_created_subject', 's:52:"An administrator created an account for you at !site";'),
('user_mail_register_admin_created_body', 's:468:"!username,\r\n\r\nA site administrator at !site has created an account for you. You may now log in to !login_uri using the following username and password:\r\n\r\nusername: !username\r\npassword: !password\r\n\r\nYou may also log in by clicking on this link or copying and pasting it in your browser:\r\n\r\n!login_url\r\n\r\nThis is a one-time login, so it can be used only once.\r\n\r\nAfter logging in, you will be redirected to !edit_uri so you can change your password.\r\n\r\n\r\n--  !site team";'),
('user_mail_register_no_approval_required_subject', 's:38:"Account details for !username at !site";'),
('user_mail_register_no_approval_required_body', 's:442:"!username,\r\n\r\nThank you for registering at !site. You may now log in to !login_uri using the following username and password:\r\n\r\nusername: !username\r\npassword: !password\r\n\r\nYou may also log in by clicking on this link or copying and pasting it in your browser:\r\n\r\n!login_url\r\n\r\nThis is a one-time login, so it can be used only once.\r\n\r\nAfter logging in, you will be redirected to !edit_uri so you can change your password.\r\n\r\n\r\n--  !site team";'),
('user_mail_register_pending_approval_subject', 's:63:"Account details for !username at !site (pending admin approval)";'),
('user_mail_register_pending_approval_body', 's:273:"!username,\r\n\r\nThank you for registering at !site. Your application for an account is currently pending approval. Once it has been approved, you will receive another e-mail containing information about how to log in, set your password, and other details.\r\n\r\n\r\n--  !site team";'),
('user_mail_password_reset_subject', 's:52:"Replacement login information for !username at !site";'),
('user_mail_password_reset_body', 's:419:"!username,\r\n\r\nA request to reset the password for your account has been made at !site.\r\n\r\nYou may now log in to !uri_brief by clicking on this link or copying and pasting it in your browser:\r\n\r\n!login_url\r\n\r\nThis is a one-time login, so it can be used only once. It expires after one day and nothing will happen if it''s not used.\r\n\r\nAfter logging in, you will be redirected to !edit_uri so you can change your password.";'),
('user_mail_status_activated_notify', 'i:1;'),
('user_mail_status_activated_subject', 's:49:"Account details for !username at !site (approved)";'),
('user_mail_status_activated_body', 's:434:"!username,\r\n\r\nYour account at !site has been activated.\r\n\r\nYou may now log in by clicking on this link or copying and pasting it in your browser:\r\n\r\n!login_url\r\n\r\nThis is a one-time login, so it can be used only once.\r\n\r\nAfter logging in, you will be redirected to !edit_uri so you can change your password.\r\n\r\nOnce you have set your own password, you will be able to log in to !login_uri in the future using:\r\n\r\nusername: !username\r\n";'),
('user_mail_status_blocked_notify', 'i:0;'),
('user_mail_status_blocked_subject', 's:48:"Account details for !username at !site (blocked)";'),
('user_mail_status_blocked_body', 's:53:"!username,\r\n\r\nYour account on !site has been blocked.";'),
('user_mail_status_deleted_notify', 'i:0;'),
('user_mail_status_deleted_subject', 's:48:"Account details for !username at !site (deleted)";'),
('user_mail_status_deleted_body', 's:53:"!username,\r\n\r\nYour account on !site has been deleted.";'),
('user_signatures', 's:1:"0";'),
('user_pictures', 's:1:"0";'),
('user_picture_path', 's:8:"pictures";'),
('user_picture_default', 's:0:"";'),
('user_picture_dimensions', 's:5:"85x85";'),
('user_picture_file_size', 's:2:"30";'),
('user_picture_guidelines', 's:0:"";'),
('file_directory_temp', 's:4:"/tmp";'),
('cron_last', 'i:1321248002;'),
('site_slogan', 's:0:"";'),
('site_mission', 's:0:"";'),
('site_footer', 's:0:"";'),
('anonymous', 's:9:"Anonymous";'),
('site_frontpage', 's:7:"node/23";'),
('rpx_signin_string', 's:35:"Sign in using one of these accounts";'),
('backup_migrate_source_id', 's:2:"db";'),
('backup_migrate_destination_id', 's:8:"download";'),
('backup_migrate_profile_id', 's:7:"default";'),
('site_offline', 'i:0;'),
('ctools_last_cron', 'i:1306304485;'),
('rpx_realm', 's:20:"langforge.rpxnow.com";'),
('rpx_realm_scheme', 's:5:"https";'),
('rpx_attach_login_form', 'i:1;'),
('rpx_extra_profile_data', 'i:0;'),
('rpx_force_registration_form', 'i:0;'),
('rpx_javascript_global', 'i:0;'),
('rpx_bypass_email_verification', 'i:0;'),
('user_mail_rpx_confirm_email_subject', 's:29:"Confirm your account at !site";'),
('user_mail_rpx_confirm_email_body', 's:178:"<p>\r\n	!username, Thank you for registering at !site. To confirm your email address, click on this link or copy and paste it in your browser: !confirmation_url -- !site team</p>\r\n";'),
('rpx_admin_url', 's:44:"https://rpxnow.com/relying_parties/langforge";'),
('rpx_social_pub', 's:0:"";'),
('rpx_enabled_providers', 'a:4:{i:0;s:3:"aol";i:1;s:5:"yahoo";i:2;s:6:"openid";i:3;s:6:"google";}'),
('rpx_app_id', 's:20:"bhahojlbalaidjkaikhe";'),
('need_validation_msg', 'b:1;'),
('messaging_log', 's:1:"0";'),
('messaging_process_limit', 'a:3:{s:7:"message";s:1:"0";s:4:"time";s:1:"0";s:7:"percent";s:1:"0";}'),
('imce_profiles', 'a:2:{i:1;a:10:{s:4:"name";s:6:"User-1";s:7:"usertab";i:1;s:8:"filesize";i:0;s:5:"quota";i:0;s:7:"tuquota";i:0;s:10:"extensions";s:1:"*";s:10:"dimensions";s:9:"1200x1200";s:7:"filenum";i:0;s:11:"directories";a:1:{i:0;a:7:{s:4:"name";s:1:".";s:6:"subnav";i:1;s:6:"browse";i:1;s:6:"upload";i:1;s:5:"thumb";i:1;s:6:"delete";i:1;s:6:"resize";i:1;}}s:10:"thumbnails";a:3:{i:0;a:4:{s:4:"name";s:5:"Small";s:10:"dimensions";s:5:"90x90";s:6:"prefix";s:6:"small_";s:6:"suffix";s:0:"";}i:1;a:4:{s:4:"name";s:6:"Medium";s:10:"dimensions";s:7:"120x120";s:6:"prefix";s:7:"medium_";s:6:"suffix";s:0:"";}i:2;a:4:{s:4:"name";s:5:"Large";s:10:"dimensions";s:7:"180x180";s:6:"prefix";s:6:"large_";s:6:"suffix";s:0:"";}}}i:2;a:10:{s:4:"name";s:14:"Sample profile";s:7:"usertab";i:1;s:8:"filesize";i:1;s:5:"quota";i:2;s:7:"tuquota";i:0;s:10:"extensions";s:16:"gif png jpg jpeg";s:10:"dimensions";s:7:"800x600";s:7:"filenum";i:1;s:11:"directories";a:1:{i:0;a:7:{s:4:"name";s:5:"u%uid";s:6:"subnav";i:0;s:6:"browse";i:1;s:6:"upload";i:1;s:5:"thumb";i:1;s:6:"delete";i:0;s:6:"resize";i:0;}}s:10:"thumbnails";a:1:{i:0;a:4:{s:4:"name";s:5:"Thumb";s:10:"dimensions";s:5:"90x90";s:6:"prefix";s:6:"thumb_";s:6:"suffix";s:0:"";}}}}'),
('imce_roles_profiles', 'a:2:{i:2;a:1:{s:3:"pid";s:1:"0";}i:1;a:1:{s:3:"pid";s:1:"1";}}'),
('content_schema_version', 'i:6009;'),
('fieldgroup_schema_version', 'i:6000;'),
('messaging_default_method', 's:10:"privatemsg";'),
('messaging_sender_name', 's:6:"[user]";'),
('messaging_sender_mail', 's:6:"[mail]";'),
('messaging_returnpath_mail', 's:11:"[site-mail]";'),
('form_build_id_group', 's:37:"form-20ad0cb6c6a49ff5950f4107920f549c";'),
('conditional_styles_foo', 's:259:"<!--[if IE]>\n<link type="text/css" rel="stylesheet" media="all" href="/web/sites/all/themes/foo/css/ie.css?7" />\n<![endif]-->\n<!--[if lte IE 6]>\n<link type="text/css" rel="stylesheet" media="all" href="/web/sites/all/themes/foo/css/ie6.css?7" />\n<![endif]-->\n";'),
('messaging_default_filter', 's:1:"3";'),
('notifications_content_type', 'a:3:{s:6:"thread";s:6:"thread";s:8:"nodetype";s:8:"nodetype";s:6:"author";s:6:"author";}'),
('node_options_community', 'a:1:{i:0;s:6:"status";}'),
('form_build_id_community', 's:37:"form-6f0b240ff6fd4dba2803c5a304739122";'),
('comment_form_location_community', 's:1:"0";'),
('og_max_groups_community', 's:0:"";'),
('comment_community', 's:1:"0";'),
('comment_default_mode_community', 's:1:"4";'),
('comment_default_order_community', 's:1:"1";'),
('comment_default_per_page_community', 's:2:"50";'),
('comment_controls_community', 's:1:"3";'),
('comment_anonymous_community', 'i:0;'),
('comment_subject_field_community', 's:1:"1";'),
('comment_preview_community', 's:1:"1";'),
('notifications_content_type_community', 'a:0:{}'),
('node_options_group', 'a:2:{i:0;s:6:"status";i:1;s:7:"promote";}'),
('form_build_id_project', 's:37:"form-3fbe822d9f7e67744307f630287667ad";'),
('node_options_project', 'a:1:{i:0;s:6:"status";}'),
('comment_anonymous_project', 'i:0;'),
('comment_controls_project', 's:1:"3";'),
('javascript_parsed', 'a:0:{}'),
('og_max_groups_project', 's:0:"";'),
('notifications_content_type_group', 'a:0:{}'),
('og_visibility_directory', 's:1:"2";'),
('og_visibility_registration', 's:1:"3";'),
('og_audience_checkboxes', 'i:1;'),
('og_audience_required', 's:1:"0";'),
('og_home_page_view', 's:10:"og_ghp_ron";'),
('og_email_notification_pattern', 's:24:"@user_name  <@site_mail>";'),
('og_new_node_subject', 's:25:"@group: ''@title'' at @site";'),
('og_new_node_body', 's:220:"<p>\r\n	@type &#39;@subject&#39; by @username @node_teaser !read_more: !content_url Post reply: !reply_url -- You are subscribed from the group &#39;@group&#39; at @site. To manage your subscription, visit !group_url</p>\r\n";'),
('og_admin_email_body', 's:200:"<p>\r\n	@body -- This message was sent by an administrator in the &#39;@group&#39; group at @site. To visit this group, browse to !url_group. To unsubscribe from this group, visit !url_unsubscribe</p>\r\n";'),
('og_approve_user_subject', 's:40:"Membership request approved for ''@title''";'),
('og_approve_user_body', 's:73:"<p>\r\n	You may now post messages in this group located at !group_url</p>\r\n";'),
('og_deny_user_subject', 's:38:"Membership request denied for ''@title''";'),
('og_deny_user_body', 's:54:"<p>\r\n	Sorry, your membership request was denied.</p>\r\n";'),
('og_invite_user_subject', 's:46:"Invitation to join the group ''@group'' at @site";'),
('og_invite_user_body', 's:180:"<p>\r\n	Hi. I&#39;m a member of &#39;@group&#39; and I welcome you to join this group as well. Please see the link and message below. @group @description Join: !group_url @body</p>\r\n";'),
('og_request_user_subject', 's:48:"Membership request for ''@group'' from ''@username''";'),
('og_request_user_body', 's:186:"<p>\r\n	To instantly approve this request, visit !approve_url. You may deny this request or manage members at !group_url. Personal message from @username: ------------------ @request</p>\r\n";'),
('og_new_admin_subject', 's:51:"You are now an administrator for the group ''@group''";'),
('og_new_admin_body', 's:144:"<p>\r\n	@username, you are now an administrator for the group &#39;@group&#39;. You can administer this group by logging in here: !group_url</p>\r\n";'),
('og_notifications_autosubscribe', 'i:1;'),
('comment_subject_field_project', 's:1:"1";'),
('comment_preview_project', 's:1:"1";'),
('comment_form_location_project', 's:1:"0";'),
('inline_registration_community', 'i:1;'),
('inline_registration_weight_community', 's:3:"-10";'),
('notifications_content_type_project', 'a:0:{}'),
('og_content_type_usage_project', 's:19:"group_post_standard";'),
('activity_min_count', 's:1:"0";'),
('array_filter', 'b:1;'),
('imce_settings_textarea', 's:0:"";'),
('imce_settings_absurls', 'i:0;'),
('imce_settings_replace', 's:1:"0";'),
('imce_settings_thumb_method', 's:14:"scale_and_crop";'),
('theme_zen_settings', 'a:9:{s:17:"zen_block_editing";s:1:"1";s:14:"zen_breadcrumb";s:3:"yes";s:24:"zen_breadcrumb_separator";s:5:"  ";s:19:"zen_breadcrumb_home";s:1:"1";s:23:"zen_breadcrumb_trailing";s:1:"1";s:20:"zen_breadcrumb_title";s:1:"0";s:10:"zen_layout";s:18:"zen-columns-liquid";s:20:"zen_rebuild_registry";s:1:"0";s:14:"zen_wireframes";s:1:"0";}'),
('conditional_styles_foo_rtl', 's:364:"<!--[if IE]>\n<link type="text/css" rel="stylesheet" media="all" href="/web/sites/all/themes/foo/css/ie.css?7" />\n<![endif]-->\n<!--[if lte IE 6]>\n<link type="text/css" rel="stylesheet" media="all" href="/web/sites/all/themes/foo/css/ie6.css?7" />\n<link type="text/css" rel="stylesheet" media="all" href="/web/sites/all/themes/foo/css/ie6-rtl.css?7" />\n<![endif]-->\n";'),
('theme_foo_settings', 'a:8:{s:17:"zen_block_editing";s:1:"1";s:14:"zen_breadcrumb";s:3:"yes";s:24:"zen_breadcrumb_separator";s:5:"  ";s:19:"zen_breadcrumb_home";s:1:"1";s:23:"zen_breadcrumb_trailing";s:1:"1";s:20:"zen_breadcrumb_title";s:1:"0";s:20:"zen_rebuild_registry";s:1:"1";s:14:"zen_wireframes";s:1:"0";}'),
('comment_default_order_project', 's:1:"1";'),
('admin_theme', 's:7:"garland";'),
('node_admin_theme', 'i:0;'),
('comment_default_mode_project', 's:1:"4";'),
('inline-ajax-login-types', 'a:4:{s:9:"community";s:9:"community";s:4:"page";i:0;s:7:"project";i:0;s:5:"story";i:0;}'),
('inline-ajax-login-weight', 's:1:"0";'),
('inline-ajax-login-credential', 's:4:"name";'),
('inline-ajax-login-register-name', 'i:0;'),
('inline-ajax-login-request', 's:8:"interval";'),
('inline-ajax-login-request-interval', 's:3:"500";'),
('inline-ajax-login-reload-fields', 's:0:"";'),
('rpx_apikey', 's:40:"ccf6c1e1d9996b634f6b564521fb017d73ad3050";'),
('og_visibility', 's:1:"2";'),
('og_private_groups', 's:1:"0";'),
('inline_registration_project', 'i:1;'),
('rpx_import_profile_photo', 'i:1;'),
('rpx_profile_fields_map', 'a:0:{}'),
('content_extra_weights_project', 'a:10:{s:5:"title";s:2:"12";s:20:"revision_information";s:2:"17";s:6:"author";s:2:"18";s:7:"options";s:2:"19";s:16:"comment_settings";s:2:"20";s:4:"menu";s:2:"15";s:8:"taxonomy";s:2:"13";s:4:"path";s:2:"11";s:17:"detailed_question";s:2:"10";s:10:"og_nodeapi";s:2:"16";}'),
('inline_registration_weight_project', 's:3:"-10";'),
('comment_default_per_page_project', 's:2:"50";'),
('comment_project', 's:1:"0";'),
('content_extra_weights_community', 'a:11:{s:5:"title";s:2:"-5";s:20:"revision_information";s:2:"20";s:6:"author";s:2:"20";s:7:"options";s:2:"25";s:16:"comment_settings";s:2:"30";s:4:"menu";s:2:"-2";s:14:"og_description";s:2:"-4";s:12:"og_selective";s:1:"0";s:11:"og_register";s:1:"0";s:12:"og_directory";s:1:"0";s:10:"og_private";s:1:"0";}'),
('autosuggest_node_types', 'a:4:{s:9:"community";s:9:"community";s:7:"project";s:7:"project";s:4:"page";i:0;s:5:"story";i:0;}'),
('node_cron_comments_scale', 'd:1;'),
('node_cron_views_scale', 'd:1;'),
('node_cron_last', 's:10:"1320821262";'),
('autosuggest_formname', 's:18:"#search-theme-form";'),
('autosuggest_placeholder', 's:6:"Search";'),
('autosuggest_count', 's:2:"10";'),
('wipe', 's:13:"Re-index site";'),
('search_cron_limit', 's:3:"100";'),
('minimum_word_size', 's:1:"3";'),
('overlap_cjk', 'i:1;'),
('node_rank_relevance', 's:1:"5";'),
('node_rank_recent', 's:1:"5";'),
('node_rank_comments', 's:1:"5";'),
('faq_display', 's:13:"questions_top";'),
('faq_question_listing', 's:2:"ol";'),
('pathauto_punctuation_exclamation', 's:1:"0";'),
('pathauto_punctuation_tilde', 's:1:"0";'),
('pathauto_punctuation_left_parenthesis', 's:1:"0";'),
('pathauto_punctuation_right_parenthesis', 's:1:"0";'),
('pathauto_punctuation_question_mark', 's:1:"0";'),
('pathauto_punctuation_less_than', 's:1:"0";'),
('pathauto_punctuation_greater_than', 's:1:"0";'),
('pathauto_punctuation_slash', 's:1:"0";'),
('pathauto_punctuation_back_slash', 's:1:"0";'),
('pathauto_contact_pattern', 's:24:"users/[user-raw]/contact";'),
('pathauto_contact_bulkupdate', 'i:0;'),
('pathauto_node_community_pattern', 's:21:"community/[title-raw]";'),
('pathauto_node_project_pattern', 's:19:"project/[title-raw]";'),
('pathauto_punctuation_underscore', 's:1:"0";'),
('pathauto_punctuation_colon', 's:1:"0";'),
('pathauto_punctuation_semicolon', 's:1:"0";'),
('pathauto_punctuation_pipe', 's:1:"0";'),
('pathauto_punctuation_left_curly', 's:1:"0";'),
('pathauto_punctuation_left_square', 's:1:"0";'),
('pathauto_punctuation_right_curly', 's:1:"0";'),
('pathauto_punctuation_right_square', 's:1:"0";'),
('pathauto_punctuation_plus', 's:1:"0";'),
('pathauto_punctuation_equal', 's:1:"0";'),
('pathauto_punctuation_asterisk', 's:1:"0";'),
('pathauto_max_length', 's:3:"100";'),
('theme_basic_settings', 'a:28:{s:14:"basic_zen_tabs";i:1;s:15:"basic_wireframe";i:0;s:19:"basic_block_editing";i:1;s:22:"basic_rebuild_registry";i:0;s:16:"basic_breadcrumb";s:3:"yes";s:26:"basic_breadcrumb_separator";s:4:"  ";s:21:"basic_breadcrumb_home";i:1;s:25:"basic_breadcrumb_trailing";i:0;s:22:"basic_breadcrumb_title";i:0;s:7:"mission";s:0:"";s:12:"default_logo";i:1;s:9:"logo_path";s:0:"";s:15:"default_favicon";i:1;s:12:"favicon_path";s:0:"";s:13:"primary_links";i:1;s:15:"secondary_links";i:1;s:11:"toggle_logo";i:1;s:14:"toggle_favicon";i:1;s:11:"toggle_name";i:1;s:13:"toggle_search";i:0;s:13:"toggle_slogan";i:0;s:14:"toggle_mission";i:1;s:24:"toggle_node_user_picture";i:0;s:27:"toggle_comment_user_picture";i:0;s:20:"toggle_primary_links";i:1;s:22:"toggle_secondary_links";i:1;s:11:"logo_upload";s:0:"";s:14:"favicon_upload";s:0:"";}'),
('pathauto_punctuation_ampersand', 's:1:"0";'),
('pathauto_punctuation_percent', 's:1:"0";'),
('pathauto_punctuation_caret', 's:1:"0";'),
('pathauto_punctuation_dollar', 's:1:"0";'),
('pathauto_punctuation_hash', 's:1:"0";'),
('pathauto_punctuation_at', 's:1:"0";'),
('pathauto_case', 's:1:"1";'),
('pathauto_transliterate', 'b:0;'),
('pathauto_contact_supportsfeeds', 'N;'),
('pathauto_node_supportsfeeds', 's:4:"feed";'),
('pathauto_max_bulk_update', 's:2:"50";'),
('pathauto_reduce_ascii', 'i:0;'),
('pathauto_punctuation_double_quotes', 's:1:"0";'),
('pathauto_punctuation_backtick', 's:1:"0";'),
('pathauto_punctuation_comma', 's:1:"0";'),
('pathauto_punctuation_period', 's:1:"0";'),
('pathauto_node_story_pattern', 's:0:"";'),
('pathauto_punctuation_quotes', 's:1:"0";'),
('pathauto_separator', 's:1:"-";'),
('pathauto_update_action', 's:1:"2";'),
('pathauto_user_bulkupdate', 'i:0;'),
('pathauto_user_pattern', 's:16:"users/[user-raw]";'),
('pathauto_user_supportsfeeds', 'N;'),
('pathauto_verbose', 'i:0;'),
('pathauto_node_applytofeeds', 's:0:"";'),
('pathauto_punctuation_hyphen', 's:1:"1";'),
('pathauto_node_bulkupdate', 'b:0;'),
('pathauto_node_forum_pattern', 's:0:"";'),
('pathauto_node_image_pattern', 's:0:"";'),
('pathauto_node_page_pattern', 's:16:"page/[title-raw]";'),
('pathauto_node_pattern', 's:0:"";'),
('comment_preview_faq', 's:1:"1";'),
('comment_form_location_faq', 's:1:"0";'),
('inline_registration_faq', 'i:0;'),
('inline_registration_weight_faq', 's:3:"-10";'),
('notifications_content_type_faq', 'a:0:{}'),
('faq_use_teaser', 'i:0;'),
('faq_show_node_links', 'i:1;'),
('faq_back_to_top', 's:11:"Back to Top";'),
('faq_disable_node_links', 'i:0;'),
('faq_default_sorting', 's:4:"DESC";'),
('node_type_faq', 'a:1:{i:0;s:6:"status";}'),
('form_build_id_faq', 's:37:"form-2765a366d3f0f96588916ba666348ed4";'),
('og_content_type_usage_faq', 's:7:"omitted";'),
('og_max_groups_faq', 's:0:"";'),
('comment_faq', 's:1:"0";'),
('comment_default_mode_faq', 's:1:"4";'),
('comment_default_order_faq', 's:1:"1";'),
('comment_default_per_page_faq', 's:2:"50";'),
('comment_controls_faq', 's:1:"3";'),
('comment_anonymous_faq', 'i:0;'),
('pathauto_node_faq_pattern', 's:9:"faq/[nid]";'),
('pathauto_faq_pattern', 's:17:"faq/[catpath-raw]";'),
('comment_subject_field_faq', 's:1:"1";'),
('faq_qa_mark', 'i:0;'),
('faq_question_label', 's:0:"";'),
('faq_answer_label', 's:0:"";'),
('faq_question_length', 's:4:"long";'),
('faq_question_long_form', 'i:1;'),
('faq_hide_qa_accordion', 'i:0;'),
('faq_show_expand_all', 'i:1;'),
('filter_default_format', 's:1:"2";'),
('pathauto_faq_supportsfeeds', 'N;'),
('node_options_faq', 'a:2:{i:0;s:6:"status";i:1;s:7:"promote";}'),
('pathauto_taxonomy_pattern', 's:34:"category/[vocab-raw]/[catpath-raw]";'),
('pathauto_taxonomy_bulkupdate', 'i:0;'),
('pathauto_taxonomy_applytofeeds', 's:0:"";'),
('pathauto_taxonomy_2_pattern', 's:0:"";'),
('pathauto_taxonomy_1_pattern', 's:0:"";'),
('pathauto_ignore_words', 's:108:"a,an,as,at,before,but,by,for,from,is,in,into,like,of,off,on,onto,per,since,than,the,this,that,to,up,via,with";'),
('pathauto_modulelist', 'a:3:{i:0;s:4:"node";i:1;s:4:"user";i:2;s:8:"taxonomy";}'),
('pathauto_taxonomy_supportsfeeds', 's:6:"0/feed";'),
('contact_form_information', 's:132:"<p>\r\n	<strong>EC Group Datasoft Pvt. Ltd</strong></p>\r\n<p>\r\n	H41, 12 th Main Road, Anna nagar</p>\r\n<p>\r\n	Chennai 600040, India</p>\r\n";'),
('contact_hourly_threshold', 's:1:"3";'),
('contact_default_status', 'i:0;'),
('pathauto_indexaliases', 'b:0;'),
('pathauto_indexaliases_bulkupdate', 'b:0;'),
('pathauto_max_component_length', 's:3:"100";'),
('uniquetitle_settings', 'a:1:{s:10:"uniqueinfo";a:5:{s:3:"faq";a:2:{s:6:"unique";i:0;s:13:"casesensitive";i:0;}s:9:"community";a:2:{s:6:"unique";s:6:"unique";s:13:"casesensitive";s:13:"casesensitive";}s:4:"page";a:2:{s:6:"unique";i:0;s:13:"casesensitive";i:0;}s:7:"project";a:2:{s:6:"unique";i:0;s:13:"casesensitive";i:0;}s:5:"story";a:2:{s:6:"unique";i:0;s:13:"casesensitive";i:0;}}}'),
('activity_access_realms', 'a:4:{s:7:"comment";s:7:"comment";s:11:"node_author";s:11:"node_author";s:14:"activity_actor";s:14:"activity_actor";s:9:"og_member";s:9:"og_member";}'),
('activity_expire', 's:1:"0";'),
('activity_access_rebuild', 's:29:"Rebuild Activity Access Table";'),
('upload_extensions_default', 's:4:" csv";'),
('user_import_og_subscribe', 'a:1:{s:9:"community";i:1;}'),
('og_massadd_createunknowns', 'i:1;'),
('og_reg_codes_salt_timestamp', 'i:1316520589;'),
('content_profile_profile', 'a:0:{}'),
('og_content_type_usage_community', 's:5:"group";'),
('user_import_og_subscribe_community', 'i:1;'),
('og_reg_codes_salt', 's:32:"8886373104e78828d780bf5.12428558";'),
('nodeaccess-types', 'a:6:{s:3:"faq";i:0;s:9:"community";i:0;s:4:"page";i:0;s:7:"profile";i:0;s:7:"project";i:1;s:5:"story";i:0;}'),
('coherent_access_send_email', 'i:0;'),
('coherent_access_types', 'a:1:{s:7:"project";s:7:"project";}'),
('coherent_access_default_node_private', 'i:0;'),
('coherent_access_trust_editors', 'i:1;'),
('coherent_access_subject', 's:68:"<p>\r\n	You have been added as a %role for %nodetitle by %sender</p>\r\n";'),
('coherent_access_body', 's:110:"<p>\r\n	You have been added as a %role for %nodetitle by %sender. You can access this by going to %nodeurl</p>\r\n";'),
('nodeaccess_faq', 'a:7:{i:0;a:5:{s:3:"gid";i:1;s:5:"realm";s:14:"nodeaccess_rid";s:10:"grant_view";i:1;s:12:"grant_update";i:0;s:12:"grant_delete";i:0;}i:1;a:5:{s:3:"gid";i:2;s:5:"realm";s:14:"nodeaccess_rid";s:10:"grant_view";i:1;s:12:"grant_update";i:0;s:12:"grant_delete";i:0;}i:2;a:5:{s:3:"gid";i:7;s:5:"realm";s:14:"nodeaccess_rid";s:10:"grant_view";i:0;s:12:"grant_update";i:0;s:12:"grant_delete";i:0;}i:3;a:5:{s:3:"gid";i:8;s:5:"realm";s:14:"nodeaccess_rid";s:10:"grant_view";i:0;s:12:"grant_update";i:0;s:12:"grant_delete";i:0;}i:4;a:5:{s:3:"gid";i:9;s:5:"realm";s:14:"nodeaccess_rid";s:10:"grant_view";i:0;s:12:"grant_update";i:0;s:12:"grant_delete";i:0;}i:5;a:5:{s:3:"gid";i:6;s:5:"realm";s:14:"nodeaccess_rid";s:10:"grant_view";i:0;s:12:"grant_update";i:0;s:12:"grant_delete";i:0;}i:6;a:5:{s:3:"gid";i:3;s:5:"realm";s:14:"nodeaccess_rid";s:10:"grant_view";i:0;s:12:"grant_update";i:0;s:12:"grant_delete";i:0;}}'),
('nodeaccess_community', 'a:7:{i:0;a:5:{s:3:"gid";i:1;s:5:"realm";s:14:"nodeaccess_rid";s:10:"grant_view";i:1;s:12:"grant_update";i:0;s:12:"grant_delete";i:0;}i:1;a:5:{s:3:"gid";i:2;s:5:"realm";s:14:"nodeaccess_rid";s:10:"grant_view";i:1;s:12:"grant_update";i:0;s:12:"grant_delete";i:0;}i:2;a:5:{s:3:"gid";i:7;s:5:"realm";s:14:"nodeaccess_rid";s:10:"grant_view";i:0;s:12:"grant_update";i:0;s:12:"grant_delete";i:0;}i:3;a:5:{s:3:"gid";i:8;s:5:"realm";s:14:"nodeaccess_rid";s:10:"grant_view";i:0;s:12:"grant_update";i:0;s:12:"grant_delete";i:0;}i:4;a:5:{s:3:"gid";i:9;s:5:"realm";s:14:"nodeaccess_rid";s:10:"grant_view";i:0;s:12:"grant_update";i:0;s:12:"grant_delete";i:0;}i:5;a:5:{s:3:"gid";i:6;s:5:"realm";s:14:"nodeaccess_rid";s:10:"grant_view";i:0;s:12:"grant_update";i:0;s:12:"grant_delete";i:0;}i:6;a:5:{s:3:"gid";i:3;s:5:"realm";s:14:"nodeaccess_rid";s:10:"grant_view";i:0;s:12:"grant_update";i:0;s:12:"grant_delete";i:0;}}'),
('nodeaccess_page', 'a:7:{i:0;a:5:{s:3:"gid";i:1;s:5:"realm";s:14:"nodeaccess_rid";s:10:"grant_view";i:1;s:12:"grant_update";i:0;s:12:"grant_delete";i:0;}i:1;a:5:{s:3:"gid";i:2;s:5:"realm";s:14:"nodeaccess_rid";s:10:"grant_view";i:1;s:12:"grant_update";i:0;s:12:"grant_delete";i:0;}i:2;a:5:{s:3:"gid";i:7;s:5:"realm";s:14:"nodeaccess_rid";s:10:"grant_view";i:0;s:12:"grant_update";i:0;s:12:"grant_delete";i:0;}i:3;a:5:{s:3:"gid";i:8;s:5:"realm";s:14:"nodeaccess_rid";s:10:"grant_view";i:0;s:12:"grant_update";i:0;s:12:"grant_delete";i:0;}i:4;a:5:{s:3:"gid";i:9;s:5:"realm";s:14:"nodeaccess_rid";s:10:"grant_view";i:0;s:12:"grant_update";i:0;s:12:"grant_delete";i:0;}i:5;a:5:{s:3:"gid";i:6;s:5:"realm";s:14:"nodeaccess_rid";s:10:"grant_view";i:0;s:12:"grant_update";i:0;s:12:"grant_delete";i:0;}i:6;a:5:{s:3:"gid";i:3;s:5:"realm";s:14:"nodeaccess_rid";s:10:"grant_view";i:0;s:12:"grant_update";i:0;s:12:"grant_delete";i:0;}}'),
('nodeaccess_profile', 'a:7:{i:0;a:5:{s:3:"gid";i:1;s:5:"realm";s:14:"nodeaccess_rid";s:10:"grant_view";i:1;s:12:"grant_update";i:0;s:12:"grant_delete";i:0;}i:1;a:5:{s:3:"gid";i:2;s:5:"realm";s:14:"nodeaccess_rid";s:10:"grant_view";i:1;s:12:"grant_update";i:0;s:12:"grant_delete";i:0;}i:2;a:5:{s:3:"gid";i:7;s:5:"realm";s:14:"nodeaccess_rid";s:10:"grant_view";i:0;s:12:"grant_update";i:0;s:12:"grant_delete";i:0;}i:3;a:5:{s:3:"gid";i:8;s:5:"realm";s:14:"nodeaccess_rid";s:10:"grant_view";i:0;s:12:"grant_update";i:0;s:12:"grant_delete";i:0;}i:4;a:5:{s:3:"gid";i:9;s:5:"realm";s:14:"nodeaccess_rid";s:10:"grant_view";i:0;s:12:"grant_update";i:0;s:12:"grant_delete";i:0;}i:5;a:5:{s:3:"gid";i:6;s:5:"realm";s:14:"nodeaccess_rid";s:10:"grant_view";i:0;s:12:"grant_update";i:0;s:12:"grant_delete";i:0;}i:6;a:5:{s:3:"gid";i:3;s:5:"realm";s:14:"nodeaccess_rid";s:10:"grant_view";i:0;s:12:"grant_update";i:0;s:12:"grant_delete";i:0;}}'),
('nodeaccess_project', 'a:7:{i:0;a:5:{s:3:"gid";i:1;s:5:"realm";s:14:"nodeaccess_rid";s:10:"grant_view";i:1;s:12:"grant_update";i:0;s:12:"grant_delete";i:0;}i:1;a:5:{s:3:"gid";i:2;s:5:"realm";s:14:"nodeaccess_rid";s:10:"grant_view";i:1;s:12:"grant_update";i:0;s:12:"grant_delete";i:0;}i:2;a:5:{s:3:"gid";i:7;s:5:"realm";s:14:"nodeaccess_rid";s:10:"grant_view";i:0;s:12:"grant_update";i:0;s:12:"grant_delete";i:0;}i:3;a:5:{s:3:"gid";i:8;s:5:"realm";s:14:"nodeaccess_rid";s:10:"grant_view";i:0;s:12:"grant_update";i:0;s:12:"grant_delete";i:0;}i:4;a:5:{s:3:"gid";i:9;s:5:"realm";s:14:"nodeaccess_rid";s:10:"grant_view";i:0;s:12:"grant_update";i:0;s:12:"grant_delete";i:0;}i:5;a:5:{s:3:"gid";i:6;s:5:"realm";s:14:"nodeaccess_rid";s:10:"grant_view";i:0;s:12:"grant_update";i:0;s:12:"grant_delete";i:0;}i:6;a:5:{s:3:"gid";i:3;s:5:"realm";s:14:"nodeaccess_rid";s:10:"grant_view";i:1;s:12:"grant_update";i:0;s:12:"grant_delete";i:0;}}'),
('nodeaccess_story', 'a:7:{i:0;a:5:{s:3:"gid";i:1;s:5:"realm";s:14:"nodeaccess_rid";s:10:"grant_view";i:1;s:12:"grant_update";i:0;s:12:"grant_delete";i:0;}i:1;a:5:{s:3:"gid";i:2;s:5:"realm";s:14:"nodeaccess_rid";s:10:"grant_view";i:1;s:12:"grant_update";i:0;s:12:"grant_delete";i:0;}i:2;a:5:{s:3:"gid";i:7;s:5:"realm";s:14:"nodeaccess_rid";s:10:"grant_view";i:0;s:12:"grant_update";i:0;s:12:"grant_delete";i:0;}i:3;a:5:{s:3:"gid";i:8;s:5:"realm";s:14:"nodeaccess_rid";s:10:"grant_view";i:0;s:12:"grant_update";i:0;s:12:"grant_delete";i:0;}i:4;a:5:{s:3:"gid";i:9;s:5:"realm";s:14:"nodeaccess_rid";s:10:"grant_view";i:0;s:12:"grant_update";i:0;s:12:"grant_delete";i:0;}i:5;a:5:{s:3:"gid";i:6;s:5:"realm";s:14:"nodeaccess_rid";s:10:"grant_view";i:0;s:12:"grant_update";i:0;s:12:"grant_delete";i:0;}i:6;a:5:{s:3:"gid";i:3;s:5:"realm";s:14:"nodeaccess_rid";s:10:"grant_view";i:0;s:12:"grant_update";i:0;s:12:"grant_delete";i:0;}}'),
('nodeaccess_authors', 'a:7:{s:3:"faq";a:3:{s:10:"grant_view";i:1;s:12:"grant_update";i:1;s:12:"grant_delete";i:1;}s:9:"community";a:3:{s:10:"grant_view";i:1;s:12:"grant_update";i:1;s:12:"grant_delete";i:1;}s:4:"page";a:3:{s:10:"grant_view";i:1;s:12:"grant_update";i:1;s:12:"grant_delete";i:1;}s:7:"profile";a:3:{s:10:"grant_view";i:1;s:12:"grant_update";i:1;s:12:"grant_delete";i:1;}s:7:"project";a:3:{s:10:"grant_view";i:1;s:12:"grant_update";i:1;s:12:"grant_delete";i:1;}s:5:"story";a:3:{s:10:"grant_view";i:1;s:12:"grant_update";i:1;s:12:"grant_delete";i:1;}s:17:"community_project";a:3:{s:10:"grant_view";i:1;s:12:"grant_update";i:1;s:12:"grant_delete";i:1;}}'),
('nodeaccess-grants', 'a:3:{s:4:"view";i:1;s:4:"edit";i:1;s:6:"delete";i:1;}'),
('nodeaccess-priority', 'i:0;'),
('nodeaccess-preserve', 'i:1;'),
('nodeaccess-roles', 'a:7:{i:1;i:0;i:2;i:0;i:7;i:0;i:8;i:0;i:9;i:0;i:6;i:0;i:3;i:0;}'),
('nodeaccess_community_project', 'a:2:{i:0;a:5:{s:3:"gid";i:1;s:5:"realm";s:14:"nodeaccess_rid";s:10:"grant_view";i:1;s:12:"grant_update";i:0;s:12:"grant_delete";i:0;}i:1;a:5:{s:3:"gid";i:2;s:5:"realm";s:14:"nodeaccess_rid";s:10:"grant_view";i:1;s:12:"grant_update";i:0;s:12:"grant_delete";i:0;}}'),
('node_options_community_project', 'a:2:{i:0;s:6:"status";i:1;s:7:"promote";}'),
('form_build_id_community_project', 's:37:"form-d9ae2191639c52b31dd26bd3b44d8933";'),
('og_content_type_usage_community_project', 's:5:"group";'),
('og_max_groups_community_project', 's:0:"";'),
('comment_community_project', 's:1:"0";'),
('comment_default_mode_community_project', 's:1:"4";'),
('comment_default_order_community_project', 's:1:"1";'),
('comment_default_per_page_community_project', 's:2:"50";'),
('comment_controls_community_project', 's:1:"3";'),
('comment_anonymous_community_project', 'i:0;'),
('comment_subject_field_community_project', 's:1:"1";'),
('comment_preview_community_project', 's:1:"1";'),
('comment_form_location_community_project', 's:1:"0";'),
('inline_registration_community_project', 'i:1;'),
('inline_registration_weight_community_project', 's:3:"-10";'),
('notifications_content_type_community_project', 'a:0:{}'),
('content_extra_weights_community_project', 'a:14:{s:5:"title";s:2:"-5";s:20:"revision_information";s:1:"3";s:6:"author";s:1:"4";s:7:"options";s:1:"5";s:16:"comment_settings";s:1:"7";s:4:"menu";s:2:"-3";s:8:"taxonomy";s:1:"9";s:4:"path";s:1:"6";s:17:"detailed_question";s:1:"2";s:14:"og_description";s:2:"-4";s:12:"og_selective";s:1:"0";s:11:"og_register";s:2:"-1";s:12:"og_directory";s:2:"-2";s:10:"og_private";s:1:"1";}');

-- --------------------------------------------------------

--
-- Table structure for table `views_display`
--

CREATE TABLE IF NOT EXISTS `views_display` (
  `vid` int(10) unsigned NOT NULL DEFAULT '0',
  `id` varchar(64) NOT NULL DEFAULT '',
  `display_title` varchar(64) NOT NULL DEFAULT '',
  `display_plugin` varchar(64) NOT NULL DEFAULT '',
  `position` int(11) DEFAULT '0',
  `display_options` longtext,
  PRIMARY KEY (`vid`,`id`),
  KEY `vid` (`vid`,`position`)
) ENGINE=MyISAM DEFAULT CHARSET=utf8;

--
-- Dumping data for table `views_display`
--

INSERT INTO `views_display` (`vid`, `id`, `display_title`, `display_plugin`, `position`, `display_options`) VALUES
(1, 'feed', 'Feed', 'feed', 2, 'a:15:{s:5:"sorts";a:1:{s:7:"created";a:7:{s:5:"order";s:4:"DESC";s:11:"granularity";s:6:"second";s:2:"id";s:7:"created";s:5:"table";s:4:"node";s:5:"field";s:7:"created";s:8:"override";a:1:{s:6:"button";s:11:"Use default";}s:12:"relationship";s:4:"none";}}s:8:"defaults";a:5:{s:5:"sorts";b:0;s:14:"items_per_page";b:0;s:6:"offset";b:0;s:9:"use_pager";b:0;s:13:"pager_element";b:0;}s:14:"items_per_page";i:20;s:6:"offset";i:0;s:9:"use_pager";s:1:"1";s:13:"pager_element";i:0;s:12:"style_plugin";s:3:"rss";s:13:"style_options";a:2:{s:19:"mission_description";b:0;s:11:"description";s:0:"";}s:10:"row_plugin";s:8:"node_rss";s:11:"row_options";a:1:{s:11:"item_length";s:7:"default";}s:4:"path";s:11:"og/all/feed";s:4:"menu";a:5:{s:4:"type";s:4:"none";s:5:"title";s:0:"";s:11:"description";s:0:"";s:6:"weight";i:0;s:4:"name";s:10:"navigation";}s:11:"tab_options";a:4:{s:4:"type";s:4:"none";s:5:"title";s:0:"";s:11:"description";s:0:"";s:6:"weight";i:0;}s:8:"displays";a:2:{s:4:"page";s:4:"page";s:7:"default";i:0;}s:14:"sitename_title";b:0;}'),
(1, 'page', 'Page', 'page', 3, 'a:3:{s:4:"path";s:9:"community";s:4:"menu";a:5:{s:4:"type";s:11:"default tab";s:5:"title";s:9:"Community";s:11:"description";s:0:"";s:4:"name";s:10:"navigation";s:6:"weight";s:1:"0";}s:11:"tab_options";a:4:{s:4:"type";s:6:"normal";s:5:"title";s:6:"Groups";s:11:"description";s:0:"";s:6:"weight";s:1:"0";}}'),
(6, 'default', 'Defaults', 'default', 1, 'a:8:{s:5:"title";s:8:"Activity";s:6:"fields";a:2:{s:7:"message";a:11:{s:5:"label";s:0:"";s:5:"alter";a:16:{s:10:"alter_text";i:0;s:4:"text";s:0:"";s:9:"make_link";i:0;s:4:"path";s:0:"";s:10:"link_class";s:0:"";s:3:"alt";s:0:"";s:6:"prefix";s:0:"";s:6:"suffix";s:0:"";s:6:"target";s:0:"";s:4:"help";s:0:"";s:4:"trim";i:0;s:10:"max_length";s:0:"";s:13:"word_boundary";i:1;s:8:"ellipsis";i:1;s:4:"html";i:0;s:10:"strip_tags";i:0;}s:5:"empty";s:0:"";s:10:"hide_empty";i:0;s:10:"empty_zero";i:0;s:7:"exclude";i:0;s:2:"id";s:7:"message";s:5:"table";s:17:"activity_messages";s:5:"field";s:7:"message";s:8:"override";a:1:{s:6:"button";s:8:"Override";}s:12:"relationship";s:4:"none";}s:7:"created";a:13:{s:5:"label";s:0:"";s:5:"alter";a:16:{s:10:"alter_text";i:0;s:4:"text";s:0:"";s:9:"make_link";i:0;s:4:"path";s:0:"";s:10:"link_class";s:0:"";s:3:"alt";s:0:"";s:6:"prefix";s:0:"";s:6:"suffix";s:0:"";s:6:"target";s:0:"";s:4:"help";s:0:"";s:4:"trim";i:0;s:10:"max_length";s:0:"";s:13:"word_boundary";i:1;s:8:"ellipsis";i:1;s:4:"html";i:0;s:10:"strip_tags";i:0;}s:5:"empty";s:0:"";s:10:"hide_empty";i:0;s:10:"empty_zero";i:0;s:11:"date_format";s:8:"time ago";s:18:"custom_date_format";s:0:"";s:7:"exclude";i:0;s:2:"id";s:7:"created";s:5:"table";s:8:"activity";s:5:"field";s:7:"created";s:8:"override";a:1:{s:6:"button";s:8:"Override";}s:12:"relationship";s:4:"none";}}s:9:"use_pager";s:1:"1";s:13:"pager_element";i:0;s:14:"items_per_page";i:10;s:6:"offset";i:0;s:5:"sorts";a:1:{s:7:"created";a:6:{s:5:"order";s:4:"DESC";s:11:"granularity";s:6:"second";s:2:"id";s:7:"created";s:5:"table";s:8:"activity";s:5:"field";s:7:"created";s:12:"relationship";s:4:"none";}}s:8:"distinct";i:1;}'),
(2, 'page', 'Page', 'page', 2, 'a:3:{s:4:"path";s:5:"og/my";s:4:"menu";a:5:{s:4:"type";s:3:"tab";s:5:"title";s:12:"My Community";s:11:"description";s:0:"";s:4:"name";s:10:"navigation";s:6:"weight";s:1:"0";}s:11:"tab_options";a:3:{s:4:"type";s:4:"none";s:5:"title";s:0:"";s:6:"weight";i:0;}}'),
(2, 'block_1', 'Block', 'block', 3, 'a:9:{s:6:"fields";a:2:{s:5:"title";a:6:{s:2:"id";s:5:"title";s:5:"table";s:4:"node";s:5:"field";s:5:"title";s:5:"label";s:5:"Group";s:12:"relationship";s:4:"none";s:12:"link_to_node";i:1;}s:14:"post_count_new";a:13:{s:5:"label";s:3:"New";s:13:"set_precision";b:0;s:9:"precision";i:0;s:7:"decimal";s:1:".";s:9:"separator";s:1:",";s:6:"prefix";s:0:"";s:6:"suffix";s:0:"";s:7:"exclude";i:0;s:2:"id";s:14:"post_count_new";s:5:"table";s:2:"og";s:5:"field";s:14:"post_count_new";s:8:"override";a:1:{s:6:"button";s:11:"Use default";}s:12:"relationship";s:4:"none";}}s:8:"defaults";a:6:{s:6:"fields";b:0;s:5:"sorts";b:0;s:14:"items_per_page";b:0;s:6:"offset";b:0;s:9:"use_pager";b:0;s:13:"pager_element";b:0;}s:5:"sorts";a:1:{s:5:"title";a:6:{s:5:"order";s:3:"ASC";s:2:"id";s:5:"title";s:5:"table";s:4:"node";s:5:"field";s:5:"title";s:8:"override";a:1:{s:6:"button";s:11:"Use default";}s:12:"relationship";s:4:"none";}}s:14:"items_per_page";i:50;s:6:"offset";i:0;s:9:"use_pager";s:1:"0";s:13:"pager_element";i:0;s:17:"block_description";s:9:"My groups";s:13:"block_caching";i:-1;}'),
(2, 'default', 'Defaults', 'default', 1, 'a:19:{s:6:"fields";a:3:{s:5:"title";a:11:{s:5:"label";s:13:"Language Name";s:5:"alter";a:16:{s:10:"alter_text";i:0;s:4:"text";s:0:"";s:9:"make_link";i:0;s:4:"path";s:0:"";s:10:"link_class";s:0:"";s:3:"alt";s:0:"";s:6:"prefix";s:0:"";s:6:"suffix";s:0:"";s:6:"target";s:0:"";s:4:"help";s:0:"";s:4:"trim";i:0;s:10:"max_length";s:0:"";s:13:"word_boundary";i:1;s:8:"ellipsis";i:1;s:4:"html";i:0;s:10:"strip_tags";i:0;}s:5:"empty";s:0:"";s:10:"hide_empty";i:0;s:10:"empty_zero";i:0;s:12:"link_to_node";i:1;s:7:"exclude";i:0;s:2:"id";s:5:"title";s:5:"table";s:4:"node";s:5:"field";s:5:"title";s:12:"relationship";s:4:"none";}s:4:"name";a:6:{s:2:"id";s:4:"name";s:5:"table";s:5:"users";s:5:"field";s:4:"name";s:5:"label";s:7:"Manager";s:12:"link_to_user";i:1;s:12:"relationship";s:4:"none";}s:12:"managelinkmy";a:6:{s:5:"label";s:6:"Manage";s:7:"exclude";i:0;s:2:"id";s:12:"managelinkmy";s:5:"table";s:6:"og_uid";s:5:"field";s:12:"managelinkmy";s:12:"relationship";s:4:"none";}}s:8:"defaults";a:18:{s:6:"fields";b:0;s:5:"sorts";b:0;s:7:"filters";b:0;s:6:"access";b:0;s:5:"title";b:0;s:5:"empty";b:0;s:12:"empty_format";b:0;s:14:"items_per_page";b:0;s:6:"offset";b:0;s:9:"use_pager";b:0;s:13:"pager_element";b:0;s:8:"use_more";b:0;s:15:"use_more_always";b:0;s:13:"use_more_text";b:0;s:12:"style_plugin";b:0;s:13:"style_options";b:0;s:10:"row_plugin";b:0;s:11:"row_options";b:0;}s:5:"sorts";a:1:{s:5:"title";a:3:{s:2:"id";s:5:"title";s:5:"table";s:4:"node";s:5:"field";s:5:"title";}}s:7:"filters";a:3:{s:6:"status";a:10:{s:2:"id";s:6:"status";s:5:"table";s:4:"node";s:5:"field";s:6:"status";s:8:"operator";s:1:"=";s:5:"value";i:1;s:5:"group";i:0;s:7:"exposed";b:0;s:6:"expose";a:2:{s:8:"operator";b:0;s:5:"label";s:0:"";}s:12:"relationship";s:4:"none";s:13:"expose_button";a:1:{s:6:"button";s:6:"Expose";}}s:15:"type_groups_all";a:10:{s:2:"id";s:15:"type_groups_all";s:5:"table";s:2:"og";s:5:"field";s:15:"type_groups_all";s:8:"operator";s:1:"=";s:5:"value";s:0:"";s:5:"group";i:0;s:7:"exposed";b:0;s:6:"expose";a:2:{s:8:"operator";b:0;s:5:"label";s:0:"";}s:12:"relationship";s:4:"none";s:13:"expose_button";a:1:{s:6:"button";s:6:"Expose";}}s:3:"uid";a:11:{s:8:"operator";s:1:"=";s:5:"value";s:1:"1";s:5:"group";i:0;s:7:"exposed";b:0;s:6:"expose";a:2:{s:8:"operator";b:0;s:5:"label";s:0:"";}s:2:"id";s:3:"uid";s:5:"table";s:6:"og_uid";s:5:"field";s:3:"uid";s:12:"relationship";s:4:"none";s:13:"expose_button";a:1:{s:6:"button";s:6:"Expose";}s:8:"override";a:1:{s:6:"button";s:8:"Override";}}}s:6:"access";a:3:{s:4:"type";s:4:"role";s:4:"role";a:2:{i:2;i:2;i:1;i:0;}s:4:"perm";s:24:"view advanced help topic";}s:5:"title";s:12:"My Community";s:5:"empty";s:27:"Not a member of any groups.";s:12:"empty_format";s:1:"1";s:14:"items_per_page";i:50;s:6:"offset";i:0;s:9:"use_pager";s:1:"1";s:13:"pager_element";i:0;s:8:"use_more";i:1;s:15:"use_more_always";b:0;s:13:"use_more_text";s:4:"more";s:12:"style_plugin";s:5:"table";s:13:"style_options";a:5:{s:8:"override";i:1;s:5:"order";s:3:"asc";s:7:"columns";a:3:{s:5:"title";s:5:"title";s:4:"name";s:4:"name";s:10:"managelink";s:10:"managelink";}s:4:"info";a:3:{s:5:"title";a:2:{s:8:"sortable";i:1;s:9:"separator";s:0:"";}s:4:"name";a:2:{s:8:"sortable";i:1;s:9:"separator";s:0:"";}s:10:"managelink";a:1:{s:9:"separator";s:0:"";}}s:7:"default";s:5:"title";}s:10:"row_plugin";s:6:"fields";s:11:"row_options";a:0:{}}'),
(1, 'default', 'Defaults', 'default', 1, 'a:19:{s:6:"fields";a:7:{s:5:"title";a:12:{s:5:"label";s:13:"Language Name";s:5:"alter";a:16:{s:10:"alter_text";i:0;s:4:"text";s:0:"";s:9:"make_link";i:0;s:4:"path";s:0:"";s:10:"link_class";s:0:"";s:3:"alt";s:0:"";s:6:"prefix";s:0:"";s:6:"suffix";s:0:"";s:6:"target";s:0:"";s:4:"help";s:0:"";s:4:"trim";i:0;s:10:"max_length";s:0:"";s:13:"word_boundary";i:1;s:8:"ellipsis";i:1;s:4:"html";i:0;s:10:"strip_tags";i:0;}s:5:"empty";s:0:"";s:10:"hide_empty";i:0;s:10:"empty_zero";i:0;s:12:"link_to_node";i:1;s:7:"exclude";i:0;s:2:"id";s:5:"title";s:5:"table";s:4:"node";s:5:"field";s:5:"title";s:12:"relationship";s:4:"none";s:8:"override";a:1:{s:6:"button";s:8:"Override";}}s:11:"description";a:11:{s:5:"label";s:13:"Language Code";s:5:"alter";a:16:{s:10:"alter_text";i:0;s:4:"text";s:0:"";s:9:"make_link";i:0;s:4:"path";s:0:"";s:10:"link_class";s:0:"";s:3:"alt";s:0:"";s:6:"prefix";s:0:"";s:6:"suffix";s:0:"";s:6:"target";s:0:"";s:4:"help";s:0:"";s:4:"trim";i:0;s:10:"max_length";s:0:"";s:13:"word_boundary";i:1;s:8:"ellipsis";i:1;s:4:"html";i:0;s:10:"strip_tags";i:1;}s:5:"empty";s:0:"";s:10:"hide_empty";i:0;s:10:"empty_zero";i:0;s:7:"exclude";i:0;s:2:"id";s:11:"description";s:5:"table";s:2:"og";s:5:"field";s:11:"description";s:12:"relationship";s:4:"none";s:8:"override";a:1:{s:6:"button";s:8:"Override";}}s:4:"name";a:6:{s:2:"id";s:4:"name";s:5:"table";s:5:"users";s:5:"field";s:4:"name";s:5:"label";s:7:"Manager";s:12:"link_to_user";i:1;s:12:"relationship";s:4:"none";}s:10:"post_count";a:12:{s:5:"label";s:5:"Posts";s:13:"set_precision";b:0;s:9:"precision";i:0;s:7:"decimal";s:1:".";s:9:"separator";s:1:",";s:6:"prefix";s:0:"";s:6:"suffix";s:0:"";s:7:"exclude";i:0;s:2:"id";s:10:"post_count";s:5:"table";s:2:"og";s:5:"field";s:10:"post_count";s:12:"relationship";s:4:"none";}s:12:"member_count";a:12:{s:5:"label";s:7:"Members";s:13:"set_precision";b:0;s:9:"precision";i:0;s:7:"decimal";s:1:".";s:9:"separator";s:1:",";s:6:"prefix";s:0:"";s:6:"suffix";s:0:"";s:7:"exclude";i:0;s:2:"id";s:12:"member_count";s:5:"table";s:2:"og";s:5:"field";s:12:"member_count";s:12:"relationship";s:4:"none";}s:7:"created";a:8:{s:5:"label";s:7:"Created";s:11:"date_format";s:6:"custom";s:18:"custom_date_format";s:3:"M y";s:7:"exclude";i:1;s:2:"id";s:7:"created";s:5:"table";s:4:"node";s:5:"field";s:7:"created";s:12:"relationship";s:4:"none";}s:9:"subscribe";a:5:{s:2:"id";s:9:"subscribe";s:5:"table";s:2:"og";s:5:"field";s:9:"subscribe";s:5:"label";s:9:"Join Link";s:12:"relationship";s:4:"none";}}s:8:"defaults";a:15:{s:6:"fields";b:0;s:7:"filters";b:0;s:6:"access";b:0;s:5:"title";b:0;s:5:"empty";b:0;s:12:"empty_format";b:0;s:8:"use_ajax";b:0;s:14:"items_per_page";b:0;s:6:"offset";b:0;s:9:"use_pager";b:0;s:13:"pager_element";b:0;s:12:"style_plugin";b:0;s:13:"style_options";b:0;s:10:"row_plugin";b:0;s:11:"row_options";b:0;}s:7:"filters";a:4:{s:6:"status";a:10:{s:2:"id";s:6:"status";s:5:"table";s:4:"node";s:5:"field";s:6:"status";s:8:"operator";s:1:"=";s:5:"value";i:1;s:5:"group";i:0;s:7:"exposed";b:0;s:6:"expose";a:2:{s:8:"operator";b:0;s:5:"label";s:0:"";}s:12:"relationship";s:4:"none";s:13:"expose_button";a:1:{s:6:"button";s:6:"Expose";}}s:5:"title";a:12:{s:8:"operator";s:8:"contains";s:5:"value";s:0:"";s:5:"group";i:0;s:7:"exposed";b:1;s:6:"expose";a:6:{s:12:"use_operator";i:1;s:8:"operator";s:10:"title_oper";s:10:"identifier";s:5:"title";s:5:"label";s:30:"Search for a community by name";s:8:"optional";i:1;s:8:"remember";i:0;}s:4:"case";i:0;s:2:"id";s:5:"title";s:5:"table";s:4:"node";s:5:"field";s:5:"title";s:12:"relationship";s:4:"none";s:13:"expose_button";a:1:{s:6:"button";s:4:"Hide";}s:8:"override";a:1:{s:6:"button";s:8:"Override";}}s:15:"type_groups_all";a:9:{s:8:"operator";s:1:"=";s:5:"value";s:0:"";s:5:"group";s:1:"0";s:7:"exposed";b:0;s:6:"expose";a:2:{s:8:"operator";b:0;s:5:"label";s:0:"";}s:2:"id";s:15:"type_groups_all";s:5:"table";s:2:"og";s:5:"field";s:15:"type_groups_all";s:12:"relationship";s:4:"none";}s:9:"directory";a:9:{s:8:"operator";s:1:"=";s:5:"value";s:1:"1";s:5:"group";s:1:"0";s:7:"exposed";b:0;s:6:"expose";a:2:{s:8:"operator";b:0;s:5:"label";s:0:"";}s:2:"id";s:9:"directory";s:5:"table";s:2:"og";s:5:"field";s:9:"directory";s:12:"relationship";s:4:"none";}}s:6:"access";a:3:{s:4:"type";s:4:"none";s:4:"role";a:0:{}s:4:"perm";s:0:"";}s:5:"title";s:9:"Community";s:5:"empty";s:26:"No Community are Available";s:12:"empty_format";s:1:"2";s:8:"use_ajax";s:1:"1";s:14:"items_per_page";i:90;s:6:"offset";i:0;s:9:"use_pager";s:1:"1";s:13:"pager_element";i:0;s:12:"style_plugin";s:5:"table";s:13:"style_options";a:7:{s:8:"grouping";s:0:"";s:8:"override";i:1;s:6:"sticky";i:1;s:5:"order";s:4:"desc";s:7:"columns";a:7:{s:5:"title";s:5:"title";s:11:"description";s:11:"description";s:4:"name";s:4:"name";s:10:"post_count";s:10:"post_count";s:12:"member_count";s:12:"member_count";s:7:"created";s:7:"created";s:9:"subscribe";s:9:"subscribe";}s:4:"info";a:7:{s:5:"title";a:2:{s:8:"sortable";i:1;s:9:"separator";s:0:"";}s:11:"description";a:1:{s:9:"separator";s:0:"";}s:4:"name";a:2:{s:8:"sortable";i:1;s:9:"separator";s:0:"";}s:10:"post_count";a:2:{s:8:"sortable";i:1;s:9:"separator";s:0:"";}s:12:"member_count";a:2:{s:8:"sortable";i:1;s:9:"separator";s:0:"";}s:7:"created";a:2:{s:8:"sortable";i:1;s:9:"separator";s:0:"";}s:9:"subscribe";a:1:{s:9:"separator";s:0:"";}}s:7:"default";s:7:"created";}s:10:"row_plugin";s:6:"fields";s:11:"row_options";a:0:{}s:6:"header";s:181:"<a href="node/add/community"> Create New Community</a>\nFrom here you can create a community account. A community is a special type of account that other users can join, and post in.";s:13:"header_format";s:1:"2";s:12:"header_empty";i:1;}'),
(4, 'default', 'Defaults', 'default', 1, 'a:10:{s:12:"style_plugin";s:5:"table";s:13:"style_options";a:0:{}s:6:"fields";a:4:{s:5:"title";a:12:{s:5:"label";s:7:"Project";s:5:"alter";a:16:{s:10:"alter_text";i:0;s:4:"text";s:0:"";s:9:"make_link";i:0;s:4:"path";s:0:"";s:10:"link_class";s:0:"";s:3:"alt";s:0:"";s:6:"prefix";s:0:"";s:6:"suffix";s:0:"";s:6:"target";s:0:"";s:4:"help";s:0:"";s:4:"trim";i:0;s:10:"max_length";s:0:"";s:13:"word_boundary";i:1;s:8:"ellipsis";i:1;s:4:"html";i:0;s:10:"strip_tags";i:0;}s:5:"empty";s:0:"";s:10:"hide_empty";i:0;s:10:"empty_zero";i:0;s:12:"link_to_node";i:1;s:7:"exclude";i:0;s:2:"id";s:5:"title";s:5:"table";s:4:"node";s:5:"field";s:5:"title";s:8:"override";a:1:{s:6:"button";s:8:"Override";}s:12:"relationship";s:4:"none";}s:4:"name";a:11:{s:5:"label";s:15:"Type of Project";s:5:"alter";a:16:{s:10:"alter_text";i:0;s:4:"text";s:0:"";s:9:"make_link";i:0;s:4:"path";s:0:"";s:10:"link_class";s:0:"";s:3:"alt";s:0:"";s:6:"prefix";s:0:"";s:6:"suffix";s:0:"";s:6:"target";s:0:"";s:4:"help";s:0:"";s:4:"trim";i:0;s:10:"max_length";s:0:"";s:13:"word_boundary";i:1;s:8:"ellipsis";i:1;s:4:"html";i:0;s:10:"strip_tags";i:0;}s:5:"empty";s:0:"";s:10:"hide_empty";i:0;s:10:"empty_zero";i:0;s:16:"link_to_taxonomy";i:0;s:7:"exclude";i:0;s:2:"id";s:4:"name";s:5:"table";s:9:"term_data";s:5:"field";s:4:"name";s:12:"relationship";s:4:"none";}s:9:"group_nid";a:12:{s:5:"label";s:9:"Community";s:5:"alter";a:15:{s:10:"alter_text";b:0;s:4:"text";s:0:"";s:9:"make_link";b:0;s:4:"path";s:0:"";s:3:"alt";s:0:"";s:10:"link_class";s:0:"";s:6:"prefix";s:0:"";s:6:"suffix";s:0:"";s:6:"target";s:0:"";s:4:"trim";b:0;s:10:"max_length";s:0:"";s:13:"word_boundary";b:1;s:8:"ellipsis";b:1;s:10:"strip_tags";b:0;s:4:"html";b:0;}s:5:"empty";s:0:"";s:10:"hide_empty";i:0;s:10:"empty_zero";i:0;s:4:"type";s:9:"separator";s:9:"separator";s:2:", ";s:7:"exclude";i:0;s:2:"id";s:9:"group_nid";s:5:"table";s:11:"og_ancestry";s:5:"field";s:9:"group_nid";s:12:"relationship";s:4:"none";}s:7:"created";a:12:{s:5:"label";s:9:"Post date";s:5:"alter";a:16:{s:10:"alter_text";i:0;s:4:"text";s:0:"";s:9:"make_link";i:0;s:4:"path";s:0:"";s:10:"link_class";s:0:"";s:3:"alt";s:0:"";s:6:"prefix";s:0:"";s:6:"suffix";s:0:"";s:6:"target";s:0:"";s:4:"help";s:0:"";s:4:"trim";i:0;s:10:"max_length";s:0:"";s:13:"word_boundary";i:1;s:8:"ellipsis";i:1;s:4:"html";i:0;s:10:"strip_tags";i:0;}s:5:"empty";s:0:"";s:10:"hide_empty";i:0;s:10:"empty_zero";i:0;s:11:"date_format";s:6:"medium";s:18:"custom_date_format";s:0:"";s:7:"exclude";i:0;s:2:"id";s:7:"created";s:5:"table";s:4:"node";s:5:"field";s:7:"created";s:12:"relationship";s:4:"none";}}s:7:"filters";a:3:{s:4:"type";a:10:{s:8:"operator";s:2:"in";s:5:"value";a:1:{s:7:"project";s:7:"project";}s:5:"group";s:1:"0";s:7:"exposed";b:0;s:6:"expose";a:2:{s:8:"operator";b:0;s:5:"label";s:0:"";}s:2:"id";s:4:"type";s:5:"table";s:4:"node";s:5:"field";s:4:"type";s:8:"override";a:1:{s:6:"button";s:8:"Override";}s:12:"relationship";s:4:"none";}s:6:"status";a:10:{s:8:"operator";s:1:"=";s:5:"value";s:1:"1";s:5:"group";s:1:"0";s:7:"exposed";b:0;s:6:"expose";a:2:{s:8:"operator";b:0;s:5:"label";s:0:"";}s:2:"id";s:6:"status";s:5:"table";s:4:"node";s:5:"field";s:6:"status";s:8:"override";a:1:{s:6:"button";s:8:"Override";}s:12:"relationship";s:4:"none";}s:5:"title";a:11:{s:8:"operator";s:8:"contains";s:5:"value";s:0:"";s:5:"group";s:1:"0";s:7:"exposed";b:1;s:6:"expose";a:6:{s:12:"use_operator";i:1;s:8:"operator";s:8:"title_op";s:10:"identifier";s:5:"title";s:5:"label";s:28:"Search for a project by name";s:8:"optional";i:1;s:8:"remember";i:0;}s:4:"case";i:0;s:2:"id";s:5:"title";s:5:"table";s:4:"node";s:5:"field";s:5:"title";s:8:"override";a:1:{s:6:"button";s:8:"Override";}s:12:"relationship";s:4:"none";}}s:5:"title";s:8:"Projects";s:5:"empty";s:25:"No Projects are available";s:12:"empty_format";s:1:"2";s:6:"header";s:85:"<a href="node/add/project">Create New Project</a>\nFrom here you can create a project.";s:13:"header_format";s:1:"2";s:12:"header_empty";i:1;}'),
(5, 'default', 'Defaults', 'default', 1, 'a:10:{s:6:"fields";a:2:{s:7:"message";a:11:{s:5:"label";s:0:"";s:5:"alter";a:16:{s:10:"alter_text";i:0;s:4:"text";s:0:"";s:9:"make_link";i:0;s:4:"path";s:0:"";s:10:"link_class";s:0:"";s:3:"alt";s:0:"";s:6:"prefix";s:0:"";s:6:"suffix";s:0:"";s:6:"target";s:0:"";s:4:"help";s:0:"";s:4:"trim";i:0;s:10:"max_length";s:0:"";s:13:"word_boundary";i:1;s:8:"ellipsis";i:1;s:4:"html";i:0;s:10:"strip_tags";i:0;}s:5:"empty";s:0:"";s:10:"hide_empty";i:0;s:10:"empty_zero";i:0;s:7:"exclude";i:0;s:2:"id";s:7:"message";s:5:"table";s:17:"activity_messages";s:5:"field";s:7:"message";s:8:"override";a:1:{s:6:"button";s:8:"Override";}s:12:"relationship";s:4:"none";}s:7:"created";a:13:{s:5:"label";s:0:"";s:5:"alter";a:16:{s:10:"alter_text";i:0;s:4:"text";s:0:"";s:9:"make_link";i:0;s:4:"path";s:0:"";s:10:"link_class";s:0:"";s:3:"alt";s:0:"";s:6:"prefix";s:0:"";s:6:"suffix";s:0:"";s:6:"target";s:0:"";s:4:"help";s:0:"";s:4:"trim";i:0;s:10:"max_length";s:0:"";s:13:"word_boundary";i:1;s:8:"ellipsis";i:1;s:4:"html";i:0;s:10:"strip_tags";i:0;}s:5:"empty";s:0:"";s:10:"hide_empty";i:0;s:10:"empty_zero";i:0;s:11:"date_format";s:8:"time ago";s:18:"custom_date_format";s:0:"";s:7:"exclude";i:0;s:2:"id";s:7:"created";s:5:"table";s:8:"activity";s:5:"field";s:7:"created";s:8:"override";a:1:{s:6:"button";s:8:"Override";}s:12:"relationship";s:4:"none";}}s:8:"distinct";i:1;s:14:"items_per_page";i:6;s:6:"offset";i:0;s:5:"sorts";a:1:{s:7:"created";a:6:{s:5:"order";s:4:"DESC";s:11:"granularity";s:6:"second";s:2:"id";s:7:"created";s:5:"table";s:8:"activity";s:5:"field";s:7:"created";s:12:"relationship";s:4:"none";}}s:9:"use_pager";s:1:"0";s:13:"pager_element";i:0;s:5:"title";s:8:"Activity";s:5:"empty";s:15:"No activity yet";s:12:"empty_format";s:1:"2";}'),
(5, 'block_1', 'Block', 'block', 2, 'a:0:{}'),
(6, 'page_1', 'Page', 'page', 2, 'a:1:{s:4:"path";s:12:"siteactivity";}'),
(4, 'page_1', 'Page', 'page', 2, 'a:1:{s:4:"path";s:7:"project";}'),
(5, 'page_1', 'Page', 'page', 3, 'a:1:{s:4:"path";s:8:"activity";}');

-- --------------------------------------------------------

--
-- Table structure for table `views_object_cache`
--

CREATE TABLE IF NOT EXISTS `views_object_cache` (
  `sid` varchar(64) DEFAULT NULL,
  `name` varchar(32) DEFAULT NULL,
  `obj` varchar(32) DEFAULT NULL,
  `updated` int(10) unsigned NOT NULL DEFAULT '0',
  `data` longtext,
  KEY `sid_obj_name` (`sid`,`obj`,`name`),
  KEY `updated` (`updated`)
) ENGINE=MyISAM DEFAULT CHARSET=utf8;

--
-- Dumping data for table `views_object_cache`
--

INSERT INTO `views_object_cache` (`sid`, `name`, `obj`, `updated`, `data`) VALUES
('q8h1jvm6vk59gj72g4ok205eh5', 'og_members', 'view', 1317964487, 'O:4:"view":27:{s:8:"db_table";s:10:"views_view";s:10:"base_table";s:5:"users";s:5:"built";b:0;s:8:"executed";b:0;s:4:"args";a:0:{}s:10:"build_info";a:0:{}s:8:"use_ajax";b:0;s:6:"result";a:0:{}s:5:"pager";a:5:{s:9:"use_pager";b:0;s:14:"items_per_page";i:10;s:7:"element";i:0;s:6:"offset";i:0;s:12:"current_page";i:0;}s:17:"attachment_before";s:0:"";s:16:"attachment_after";s:0:"";s:12:"exposed_data";a:0:{}s:13:"exposed_input";a:0:{}s:8:"old_view";a:0:{}s:3:"vid";s:0:"";s:4:"name";s:10:"og_members";s:11:"description";s:14:"Member listing";s:3:"tag";s:2:"og";s:8:"view_php";s:0:"";s:12:"is_cacheable";b:0;s:7:"display";a:2:{s:7:"default";O:13:"views_display":7:{s:8:"db_table";s:13:"views_display";s:3:"vid";i:0;s:2:"id";s:7:"default";s:13:"display_title";s:8:"Defaults";s:14:"display_plugin";s:7:"default";s:8:"position";i:0;s:15:"display_options";a:16:{s:6:"fields";a:6:{s:4:"name";a:6:{s:2:"id";s:4:"name";s:5:"table";s:5:"users";s:5:"field";s:4:"name";s:5:"label";s:4:"Name";s:12:"link_to_user";i:1;s:12:"relationship";s:4:"none";}s:10:"managelink";a:5:{s:2:"id";s:10:"managelink";s:5:"table";s:6:"og_uid";s:5:"field";s:10:"managelink";s:5:"label";s:6:"Manage";s:12:"relationship";s:4:"none";}s:15:"managelinkadmin";a:5:{s:2:"id";s:15:"managelinkadmin";s:5:"table";s:6:"og_uid";s:5:"field";s:15:"managelinkadmin";s:5:"label";s:5:"Admin";s:12:"relationship";s:4:"none";}s:10:"is_manager";a:7:{s:5:"label";s:0:"";s:5:"alter";a:14:{s:10:"alter_text";i:0;s:4:"text";s:0:"";s:9:"make_link";i:0;s:4:"path";s:0:"";s:3:"alt";s:0:"";s:6:"prefix";s:0:"";s:6:"suffix";s:0:"";s:4:"help";s:0:"";s:4:"trim";i:0;s:10:"max_length";s:0:"";s:13:"word_boundary";i:1;s:8:"ellipsis";i:1;s:10:"strip_tags";i:0;s:4:"html";i:0;}s:7:"exclude";i:0;s:2:"id";s:10:"is_manager";s:5:"table";s:6:"og_uid";s:5:"field";s:10:"is_manager";s:12:"relationship";s:4:"none";}s:8:"is_admin";a:5:{s:2:"id";s:8:"is_admin";s:5:"table";s:6:"og_uid";s:5:"field";s:8:"is_admin";s:5:"label";s:0:"";s:12:"relationship";s:4:"none";}s:9:"is_active";a:5:{s:2:"id";s:9:"is_active";s:5:"table";s:6:"og_uid";s:5:"field";s:9:"is_active";s:5:"label";s:0:"";s:12:"relationship";s:4:"none";}}s:8:"defaults";a:14:{s:6:"fields";b:0;s:5:"sorts";b:0;s:9:"arguments";b:0;s:7:"filters";b:0;s:6:"access";b:0;s:14:"items_per_page";b:0;s:6:"offset";b:0;s:9:"use_pager";b:0;s:13:"pager_element";b:0;s:8:"distinct";b:0;s:12:"style_plugin";b:0;s:13:"style_options";b:0;s:10:"row_plugin";b:0;s:11:"row_options";b:0;}s:5:"sorts";a:3:{s:8:"is_admin";a:5:{s:2:"id";s:8:"is_admin";s:5:"table";s:6:"og_uid";s:5:"field";s:8:"is_admin";s:5:"order";s:4:"DESC";s:12:"relationship";s:4:"none";}s:9:"is_active";a:5:{s:2:"id";s:9:"is_active";s:5:"table";s:6:"og_uid";s:5:"field";s:9:"is_active";s:5:"order";s:3:"ASC";s:12:"relationship";s:4:"none";}s:4:"name";a:5:{s:2:"id";s:4:"name";s:5:"table";s:5:"users";s:5:"field";s:4:"name";s:5:"order";s:3:"ASC";s:12:"relationship";s:4:"none";}}s:9:"arguments";a:1:{s:3:"nid";a:29:{s:2:"id";s:3:"nid";s:5:"table";s:6:"og_uid";s:5:"field";s:3:"nid";s:14:"default_action";s:9:"not found";s:12:"style_plugin";s:15:"default_summary";s:13:"style_options";a:3:{s:5:"count";b:1;s:8:"override";b:0;s:14:"items_per_page";i:25;}s:8:"wildcard";s:3:"all";s:21:"wildcard_substitution";s:3:"All";s:5:"title";s:13:"Members of %1";s:21:"default_argument_type";s:5:"fixed";s:16:"default_argument";s:0:"";s:13:"validate_type";s:14:"og_group_types";s:13:"validate_fail";s:9:"not found";s:12:"break_phrase";i:0;s:9:"add_table";i:0;s:12:"relationship";s:4:"none";s:22:"default_argument_fixed";s:0:"";s:20:"default_argument_php";s:0:"";s:27:"validate_argument_node_type";a:7:{s:4:"blog";i:0;s:4:"poll";i:0;s:4:"book";i:0;s:6:"group1";i:0;s:6:"group2";i:0;s:4:"page";i:0;s:5:"story";i:0;}s:21:"validate_argument_php";s:0:"";s:13:"require_value";i:0;s:17:"reduce_duplicates";i:0;s:21:"default_argument_user";i:0;s:29:"validate_argument_node_access";i:0;s:26:"validate_argument_nid_type";s:3:"nid";s:28:"validate_argument_vocabulary";a:4:{i:1;i:0;i:2;i:0;i:3;i:0;i:4;i:0;}s:22:"validate_argument_type";s:3:"tid";s:3:"not";i:0;s:27:"validate_argument_is_member";i:1;}}s:7:"filters";a:1:{s:6:"status";a:10:{s:2:"id";s:6:"status";s:5:"table";s:5:"users";s:5:"field";s:6:"status";s:8:"operator";s:1:"=";s:5:"value";i:1;s:5:"group";i:0;s:7:"exposed";b:0;s:6:"expose";a:2:{s:8:"operator";b:0;s:5:"label";s:0:"";}s:12:"relationship";s:4:"none";s:13:"expose_button";a:1:{s:6:"button";s:6:"Expose";}}}s:6:"access";a:1:{s:4:"type";s:4:"none";}s:12:"empty_format";s:1:"1";s:14:"items_per_page";i:90;s:6:"offset";i:0;s:9:"use_pager";s:1:"1";s:13:"pager_element";i:0;s:8:"distinct";i:0;s:12:"style_plugin";s:5:"table";s:13:"style_options";a:5:{s:8:"override";i:0;s:5:"order";s:3:"asc";s:7:"columns";a:6:{s:4:"name";s:4:"name";s:10:"managelink";s:10:"managelink";s:15:"managelinkadmin";s:15:"managelinkadmin";s:10:"is_manager";s:4:"name";s:8:"is_admin";s:4:"name";s:9:"is_active";s:4:"name";}s:4:"info";a:6:{s:4:"name";a:2:{s:8:"sortable";i:0;s:9:"separator";s:6:"&nbsp;";}s:10:"managelink";a:1:{s:9:"separator";s:0:"";}s:15:"managelinkadmin";a:1:{s:9:"separator";s:0:"";}s:10:"is_manager";a:1:{s:9:"separator";s:0:"";}s:8:"is_admin";a:2:{s:8:"sortable";i:0;s:9:"separator";s:0:"";}s:9:"is_active";a:2:{s:8:"sortable";i:0;s:9:"separator";s:0:"";}}s:7:"default";s:2:"-1";}s:10:"row_plugin";s:6:"fields";s:11:"row_options";a:0:{}}}s:4:"page";O:13:"views_display":7:{s:8:"db_table";s:13:"views_display";s:3:"vid";i:0;s:2:"id";s:4:"page";s:13:"display_title";s:4:"Page";s:14:"display_plugin";s:4:"page";s:8:"position";i:0;s:15:"display_options";a:3:{s:4:"path";s:15:"og/users/%/list";s:4:"menu";a:5:{s:4:"type";s:11:"default tab";s:5:"title";s:4:"List";s:11:"description";s:0:"";s:6:"weight";s:1:"0";s:4:"name";s:10:"navigation";}s:11:"tab_options";a:4:{s:4:"type";s:6:"normal";s:5:"title";s:4:"List";s:11:"description";s:0:"";s:6:"weight";s:1:"0";}}}}s:11:"api_version";i:2;s:8:"disabled";b:0;s:4:"type";s:7:"Default";s:6:"locked";b:0;s:16:"changed_sections";a:1:{s:9:"page-path";b:1;}s:7:"changed";b:1;}');

-- --------------------------------------------------------

--
-- Table structure for table `views_view`
--

CREATE TABLE IF NOT EXISTS `views_view` (
  `vid` int(10) unsigned NOT NULL AUTO_INCREMENT,
  `name` varchar(32) NOT NULL DEFAULT '',
  `description` varchar(255) DEFAULT '',
  `tag` varchar(255) DEFAULT '',
  `view_php` blob,
  `base_table` varchar(64) NOT NULL DEFAULT '',
  `is_cacheable` tinyint(4) DEFAULT '0',
  PRIMARY KEY (`vid`),
  UNIQUE KEY `name` (`name`)
) ENGINE=MyISAM  DEFAULT CHARSET=utf8 AUTO_INCREMENT=11 ;

--
-- Dumping data for table `views_view`
--

INSERT INTO `views_view` (`vid`, `name`, `description`, `tag`, `view_php`, `base_table`, `is_cacheable`) VALUES
(1, 'og', 'Groups directory', 'og', '', 'node', 0),
(2, 'og_my', 'List user''s subscribed groups and provide link to manage subscription', 'og', '', 'node', 0),
(4, 'projectlist', '', '', '', 'node', 0),
(5, 'Activity', '', '', '', 'activity', 0),
(6, 'ActivityPage', '', '', '', 'activity', 0);

-- --------------------------------------------------------

--
-- Table structure for table `vocabulary`
--

CREATE TABLE IF NOT EXISTS `vocabulary` (
  `vid` int(10) unsigned NOT NULL AUTO_INCREMENT,
  `name` varchar(255) NOT NULL DEFAULT '',
  `description` longtext,
  `help` varchar(255) NOT NULL DEFAULT '',
  `relations` tinyint(3) unsigned NOT NULL DEFAULT '0',
  `hierarchy` tinyint(3) unsigned NOT NULL DEFAULT '0',
  `multiple` tinyint(3) unsigned NOT NULL DEFAULT '0',
  `required` tinyint(3) unsigned NOT NULL DEFAULT '0',
  `tags` tinyint(3) unsigned NOT NULL DEFAULT '0',
  `module` varchar(255) NOT NULL DEFAULT '',
  `weight` tinyint(4) NOT NULL DEFAULT '0',
  PRIMARY KEY (`vid`),
  KEY `list` (`weight`,`name`)
) ENGINE=MyISAM  DEFAULT CHARSET=utf8 AUTO_INCREMENT=2 ;

--
-- Dumping data for table `vocabulary`
--

INSERT INTO `vocabulary` (`vid`, `name`, `description`, `help`, `relations`, `hierarchy`, `multiple`, `required`, `tags`, `module`, `weight`) VALUES
(1, 'Type of Project', '', '', 1, 0, 0, 1, 0, 'taxonomy', 0);

-- --------------------------------------------------------

--
-- Table structure for table `vocabulary_node_types`
--

CREATE TABLE IF NOT EXISTS `vocabulary_node_types` (
  `vid` int(10) unsigned NOT NULL DEFAULT '0',
  `type` varchar(32) NOT NULL DEFAULT '',
  PRIMARY KEY (`type`,`vid`),
  KEY `vid` (`vid`)
) ENGINE=MyISAM DEFAULT CHARSET=utf8;

--
-- Dumping data for table `vocabulary_node_types`
--

INSERT INTO `vocabulary_node_types` (`vid`, `type`) VALUES
(1, 'community_project'),
(1, 'project');

CREATE TABLE IF NOT EXISTS `watchdog` (
  `wid` int(11) NOT NULL AUTO_INCREMENT,
  `uid` int(11) NOT NULL DEFAULT '0',
  `type` varchar(16) NOT NULL DEFAULT '',
  `message` longtext NOT NULL,
  `variables` longtext NOT NULL,
  `severity` tinyint(3) unsigned NOT NULL DEFAULT '0',
  `link` varchar(255) NOT NULL DEFAULT '',
  `location` text NOT NULL,
  `referer` text,
  `hostname` varchar(128) NOT NULL DEFAULT '',
  `timestamp` int(11) NOT NULL DEFAULT '0',
  PRIMARY KEY (`wid`),
  KEY `type` (`type`)
) ENGINE=MyISAM  DEFAULT CHARSET=utf8;
